{"startingSeason":2001,"players":[{"tid":-2,"name":"Kwame Brown","pos":"FC","hgt":83,"weight":270,"imgURL":"http://a.espncdn.com/combiner/i?img=/i/headshots/nba/players/full/981.png&w=350&h=254","born":{"year":1982,"loc":"Charleston, SC"},"contract":{"amount":"","exp":""},"draft":{"round":"","pick":"","team":"","orig. team":"","year":"","loc":""},"ratings":[{"hgt":85,"stre":60,"spd":53,"jmp":66,"endu":57,"ins":54,"dnk":56,"ft":74,"fg":56,"tp":0,"blk":56,"stl":43,"drb":56,"pss":38,"reb":67,"pot":67}],"skills":[]},{"tid":-2,"name":"Tyson Chandler","pos":"FC","hgt":85,"weight":235,"imgURL":"http://www.spotrac.com/blog/wp-content/uploads/2013/05/nyk-chandler.png","born":{"year":1982,"loc":"Hanford, CA"},"contract":{"amount":"","exp":""},"draft":{"round":"","pick":"","team":"","orig. team":"","year":"","loc":""},"ratings":[{"hgt":96,"stre":85,"spd":61,"jmp":74,"endu":52,"ins":64,"dnk":57,"ft":70,"fg":33,"tp":0,"blk":74,"stl":54,"drb":36,"pss":57,"reb":87,"pot":73}],"skills":[]},{"tid":-2,"name":"Pau Gasol","pos":"FC","hgt":84,"weight":250,"imgURL":"http://3.bp.blogspot.com/-f9KfAiMTN7M/TuWHf6b5zFI/AAAAAAAAETs/If2rdl03UnM/s320/Gasol.png","born":{"year":1980,"loc":"Barcelona, Spain"},"contract":{"amount":"","exp":""},"draft":{"round":"","pick":"","team":"","orig. team":"","year":"","loc":""},"ratings":[{"hgt":86,"stre":64,"spd":63,"jmp":73,"endu":72,"ins":87,"dnk":88,"ft":78,"fg":67,"tp":16,"blk":74,"stl":54,"drb":52,"pss":67,"reb":86,"pot":76}],"skills":[]},{"tid":-2,"name":"Eddy Curry","pos":"FC","hgt":84,"weight":295,"imgURL":"http://a.espncdn.com/combiner/i?img=/i/headshots/nba/players/full/990.png&w=350&h=254","born":{"year":1982,"loc":"Harvey, IL"},"contract":{"amount":"","exp":""},"draft":{"round":"","pick":"","team":"","orig. team":"","year":"","loc":""},"ratings":[{"hgt":78,"stre":67,"spd":54,"jmp":67,"endu":63,"ins":78,"dnk":74,"ft":67,"fg":54,"tp":22,"blk":67,"stl":54,"drb":56,"pss":56,"reb":76,"pot":72}],"skills":[]},{"tid":-2,"name":"Jason Richardson","pos":"GF","hgt":78,"weight":220,"imgURL":"http://a.espncdn.com/combiner/i?img=/i/headshots/nba/players/full/1018.png&w=350&h=254","born":{"year":1981,"loc":"Saginaw, MI"},"contract":{"amount":"","exp":""},"draft":{"round":"","pick":"","team":"","orig. team":"","year":"","loc":""},"ratings":[{"hgt":56,"stre":46,"spd":67,"jmp":84,"endu":65,"ins":54,"dnk":84,"ft":67,"fg":64,"tp":54,"blk":43,"stl":54,"drb":62,"pss":67,"reb":54,"pot":65}],"skills":[]},{"tid":-2,"name":"Shane Battier","pos":"GF","hgt":80,"weight":220,"imgURL":"http://a.espncdn.com/combiner/i?img=/i/headshots/nba/players/full/976.png&w=350&h=254","born":{"year":1978,"loc":"Birmingham, MI"},"contract":{"amount":"","exp":""},"draft":{"round":"","pick":"","team":"","orig. team":"","year":"","loc":""},"ratings":[{"hgt":65,"stre":66,"spd":74,"jmp":75,"endu":64,"ins":43,"dnk":45,"ft":74,"fg":65,"tp":78,"blk":54,"stl":56,"drb":63,"pss":54,"reb":65,"pot":60}],"skills":[]},{"tid":-2,"name":"Eddie Griffin","pos":"FC","hgt":82,"weight":220,"imgURL":"http://image2.findagrave.com/photos/2007/232/21074960_118779840957.jpg","born":{"year":1982,"loc":"Philadelphia, PA"},"contract":{"amount":"","exp":""},"draft":{"round":"","pick":"","team":"","orig. team":"","year":"","loc":""},"ratings":[{"hgt":77,"stre":48,"spd":61,"jmp":67,"endu":44,"ins":57,"dnk":61,"ft":43,"fg":47,"tp":43,"blk":76,"stl":56,"drb":44,"pss":41,"reb":55,"pot":63}],"skills":[]},{"tid":-2,"name":"DeSagana Diop","pos":"FC","hgt":84,"weight":300,"imgURL":"http://a.espncdn.com/combiner/i?img=/i/headshots/nba/players/full/992.png&w=350&h=254","born":{"year":1982,"loc":"Dakar, Senegal"},"contract":{"amount":"","exp":""},"draft":{"round":"","pick":"","team":"","orig. team":"","year":"","loc":""},"ratings":[{"hgt":92,"stre":85,"spd":37,"jmp":57,"endu":50,"ins":58,"dnk":65,"ft":0,"fg":25,"tp":0,"blk":88,"stl":48,"drb":15,"pss":45,"reb":85,"pot":63}],"skills":[]},{"tid":-2,"name":"Rodney White","pos":"GF","hgt":81,"weight":238,"imgURL":"http://i.imgur.com/UGRPUBW.jpg","born":{"year":1980,"loc":"Philadelphia, PA"},"contract":{"amount":"","exp":""},"draft":{"round":"","pick":"","team":"","orig. team":"","year":"","loc":""},"ratings":[{"hgt":70,"stre":56,"spd":55,"jmp":65,"endu":75,"ins":45,"dnk":65,"ft":55,"fg":45,"tp":65,"blk":45,"stl":65,"drb":55,"pss":65,"reb":45,"pot":58}],"skills":[]},{"tid":-2,"name":"Joe Johnson","pos":"GF","hgt":80,"weight":225,"imgURL":"http://www.blackpressusa.com/wp-content/uploads/2012/07/joe_johnson.png","born":{"year":1981,"loc":"Little Rock, AR"},"contract":{"amount":"","exp":""},"draft":{"round":"","pick":"","team":"","orig. team":"","year":"","loc":""},"ratings":[{"hgt":64,"stre":42,"spd":65,"jmp":65,"endu":44,"ins":54,"dnk":67,"ft":76,"fg":75,"tp":56,"blk":43,"stl":56,"drb":68,"pss":65,"reb":67,"pot":68}],"skills":[]},{"tid":-2,"name":"Kedrick Brown","pos":"SF","hgt":79,"weight":222,"imgURL":"http://www.cavshistory.com/images/players/Kedrick_Brown.jpg","born":{"year":1981,"loc":"Zachary, LA"},"contract":{"amount":"","exp":""},"draft":{"round":"","pick":"","team":"","orig. team":"","year":"","loc":""},"ratings":[{"hgt":57,"stre":49,"spd":55,"jmp":34,"endu":54,"ins":49,"dnk":59,"ft":65,"fg":62,"tp":45,"blk":55,"stl":77,"drb":56,"pss":45,"reb":55,"pot":59}],"skills":[]},{"tid":-2,"name":"Vladimir Radmanovic","pos":"PF","hgt":82,"weight":227,"imgURL":"http://a.espncdn.com/combiner/i?img=/i/headshots/nba/players/full/1016.png&w=350&h=254","born":{"year":1980,"loc":"Trebinje Srpska-Bih, Bosnia"},"contract":{"amount":"","exp":""},"draft":{"round":"","pick":"","team":"","orig. team":"","year":"","loc":""},"ratings":[{"hgt":79,"stre":58,"spd":58,"jmp":55,"endu":56,"ins":63,"dnk":63,"ft":65,"fg":63,"tp":74,"blk":65,"stl":76,"drb":45,"pss":65,"reb":45,"pot":62}],"skills":[]},{"tid":-2,"name":"Richard Jefferson","pos":"SF","hgt":79,"weight":222,"imgURL":"http://a.espncdn.com/combiner/i?img=/i/headshots/nba/players/full/1006.png&w=350&h=254","born":{"year":1980,"loc":"Los Angeles, CA"},"contract":{"amount":"","exp":""},"draft":{"round":"","pick":"","team":"","orig. team":"","year":"","loc":""},"ratings":[{"hgt":58,"stre":59,"spd":75,"jmp":84,"endu":64,"ins":24,"dnk":75,"ft":65,"fg":65,"tp":38,"blk":53,"stl":54,"drb":55,"pss":55,"reb":64,"pot":68}],"skills":[]},{"tid":-2,"name":"Troy Murphy","pos":"PF","hgt":83,"weight":245,"imgURL":"http://a.espncdn.com/combiner/i?img=/i/headshots/nba/players/full/1013.png&w=350&h=254","born":{"year":1980,"loc":"Morristown, NJ"},"contract":{"amount":"","exp":""},"draft":{"round":"","pick":"","team":"","orig. team":"","year":"","loc":""},"ratings":[{"hgt":65,"stre":53,"spd":57,"jmp":45,"endu":65,"ins":45,"dnk":65,"ft":45,"fg":55,"tp":65,"blk":45,"stl":65,"drb":45,"pss":66,"reb":45,"pot":57}],"skills":[]},{"tid":-2,"name":"Steven Hunter","pos":"FC","hgt":84,"weight":220,"imgURL":"http://cdn.sportsoverdose.com/thumbs/steven-hunter-45-nba.jpg","born":{"year":1981,"loc":"Chicago, IL"},"contract":{"amount":"","exp":""},"draft":{"round":"","pick":"","team":"","orig. team":"","year":"","loc":""},"ratings":[{"hgt":92,"stre":65,"spd":45,"jmp":45,"endu":34,"ins":54,"dnk":65,"ft":34,"fg":65,"tp":0,"blk":65,"stl":45,"drb":26,"pss":45,"reb":34,"pot":56}],"skills":[]},{"tid":-2,"name":"Kirk Haston","pos":"SF","hgt":81,"weight":242,"imgURL":"http://www.thedraftreview.com/history/drafted2001/images/kirk-haston.jpg","born":{"year":1979,"loc":"Loblesville, TN"},"contract":{"amount":"","exp":""},"draft":{"round":"","pick":"","team":"","orig. team":"","year":"","loc":""},"ratings":[{"hgt":69,"stre":66,"spd":45,"jmp":44,"endu":55,"ins":54,"dnk":45,"ft":65,"fg":45,"tp":15,"blk":44,"stl":34,"drb":54,"pss":65,"reb":65,"pot":55}],"skills":[]},{"tid":-2,"name":"Michael Bradley","pos":"PF","hgt":82,"weight":245,"imgURL":"http://cdn.hoopshype.com/i/ce/e3/78/michael_bradley.jpg","born":{"year":1979,"loc":"Worcester, MA"},"contract":{"amount":"","exp":""},"draft":{"round":"","pick":"","team":"","orig. team":"","year":"","loc":""},"ratings":[{"hgt":78,"stre":62,"spd":45,"jmp":46,"endu":51,"ins":65,"dnk":54,"ft":45,"fg":43,"tp":10,"blk":65,"stl":45,"drb":33,"pss":45,"reb":65,"pot":58}],"skills":[]},{"tid":-2,"name":"Jason Collins","pos":"FC","hgt":84,"weight":255,"imgURL":"http://a.espncdn.com/combiner/i?img=/i/headshots/nba/players/full/987.png&w=350&h=254","born":{"year":1978,"loc":"Northridge, CA"},"contract":{"amount":"","exp":""},"draft":{"round":"","pick":"","team":"","orig. team":"","year":"","loc":""},"ratings":[{"hgt":92,"stre":65,"spd":36,"jmp":65,"endu":34,"ins":54,"dnk":55,"ft":45,"fg":65,"tp":55,"blk":65,"stl":45,"drb":65,"pss":45,"reb":65,"pot":57}],"skills":[]},{"tid":-2,"name":"Zach Randolph","pos":"FC","hgt":81,"weight":253,"imgURL":"http://www.spotrac.com/blog/wp-content/uploads/2013/05/mem-zach.png","born":{"year":1981,"loc":"Marion, IN"},"contract":{"amount":"","exp":""},"draft":{"round":"","pick":"","team":"","orig. team":"","year":"","loc":""},"ratings":[{"hgt":73,"stre":68,"spd":61,"jmp":62,"endu":35,"ins":61,"dnk":62,"ft":67,"fg":44,"tp":15,"blk":63,"stl":47,"drb":30,"pss":54,"reb":76,"pot":75}],"skills":[]},{"tid":-2,"name":"Brendan Haywood","pos":"C","hgt":84,"weight":268,"imgURL":"http://a.espncdn.com/combiner/i?img=/i/headshots/nba/players/full/1000.png&w=350&h=254","born":{"year":1979,"loc":"New York, NY"},"contract":{"amount":"","exp":""},"draft":{"round":"","pick":"","team":"","orig. team":"","year":"","loc":""},"ratings":[{"hgt":76,"stre":67,"spd":56,"jmp":56,"endu":64,"ins":65,"dnk":75,"ft":65,"fg":43,"tp":32,"blk":67,"stl":56,"drb":53,"pss":57,"reb":84,"pot":62}],"skills":[]},{"tid":-2,"name":"Joseph Forte","pos":"SG","hgt":76,"weight":194,"imgURL":"http://image.cdnllnwnl.xosnetwork.com/pics32/400/UA/UAIJVEZWZROUPHM.20121015200703.jpg","born":{"year":1981,"loc":"Atlanta, GA"},"contract":{"amount":"","exp":""},"draft":{"round":"","pick":"","team":"","orig. team":"","year":"","loc":""},"ratings":[{"hgt":36,"stre":35,"spd":68,"jmp":65,"endu":44,"ins":34,"dnk":54,"ft":64,"fg":56,"tp":65,"blk":34,"stl":54,"drb":56,"pss":63,"reb":45,"pot":58}],"skills":[]},{"tid":-2,"name":"Jeryl Sasser","pos":"SG","hgt":78,"weight":200,"imgURL":"http://www.thedraftreview.com/history/drafted2001/images/jeryl-sasser.jpg","born":{"year":1979,"loc":"Dallas, TX"},"contract":{"amount":"","exp":""},"draft":{"round":"","pick":"","team":"","orig. team":"","year":"","loc":""},"ratings":[{"hgt":50,"stre":44,"spd":66,"jmp":64,"endu":52,"ins":43,"dnk":45,"ft":76,"fg":65,"tp":63,"blk":34,"stl":65,"drb":64,"pss":53,"reb":54,"pot":55}],"skills":[]},{"tid":-2,"name":"Brandon Armstrong","pos":"SG","hgt":78,"weight":188,"imgURL":"http://www.nba.com/draft2001/images/players/armstrong_head.jpg","born":{"year":1980,"loc":"San Francisco, CA"},"contract":{"amount":"","exp":""},"draft":{"round":"","pick":"","team":"","orig. team":"","year":"","loc":""},"ratings":[{"hgt":54,"stre":65,"spd":54,"jmp":65,"endu":54,"ins":45,"dnk":34,"ft":65,"fg":65,"tp":62,"blk":43,"stl":56,"drb":56,"pss":54,"reb":47,"pot":58}],"skills":[]},{"tid":-2,"name":"Raul Lopez","pos":"PG","hgt":73,"weight":170,"imgURL":"http://st-listas.20minutos.es/images/2011-04/283002/2956767_640px.jpg?1303384671","born":{"year":1980,"loc":"Vic, Spain"},"contract":{"amount":"","exp":""},"draft":{"round":"","pick":"","team":"","orig. team":"","year":"","loc":""},"ratings":[{"hgt":14,"stre":26,"spd":65,"jmp":65,"endu":58,"ins":34,"dnk":56,"ft":76,"fg":65,"tp":55,"blk":43,"stl":59,"drb":70,"pss":65,"reb":34,"pot":56}],"skills":[]},{"tid":-2,"name":"Gerald Wallace","pos":"SF","hgt":79,"weight":215,"imgURL":"http://a.espncdn.com/combiner/i?img=/i/headshots/nba/players/full/1026.png&w=350&h=254","born":{"year":1982,"loc":"Sylacauga, AL"},"contract":{"amount":"","exp":""},"draft":{"round":"","pick":"","team":"","orig. team":"","year":"","loc":""},"ratings":[{"hgt":67,"stre":64,"spd":64,"jmp":78,"endu":67,"ins":54,"dnk":56,"ft":74,"fg":67,"tp":54,"blk":65,"stl":56,"drb":65,"pss":63,"reb":78,"pot":65}],"skills":[]},{"tid":-2,"name":"Samuel Dalembert","pos":"C","hgt":83,"weight":250,"imgURL":"http://a.espncdn.com/combiner/i?img=/i/headshots/nba/players/full/991.png&w=350&h=254","born":{"year":1981,"loc":"Port-Au-Prince, Haiti"},"contract":{"amount":"","exp":""},"draft":{"round":"","pick":"","team":"","orig. team":"","year":"","loc":""},"ratings":[{"hgt":86,"stre":67,"spd":44,"jmp":56,"endu":57,"ins":67,"dnk":65,"ft":72,"fg":55,"tp":0,"blk":67,"stl":65,"drb":34,"pss":51,"reb":73,"pot":63}],"skills":[]},{"tid":-2,"name":"Jamaal Tinsley","pos":"PG","hgt":75,"weight":195,"imgURL":"http://a.espncdn.com/combiner/i?img=/i/headshots/nba/players/full/1024.png&w=350&h=254","born":{"year":1978,"loc":"Brooklyn, NY"},"contract":{"amount":"","exp":""},"draft":{"round":"","pick":"","team":"","orig. team":"","year":"","loc":""},"ratings":[{"hgt":28,"stre":49,"spd":74,"jmp":73,"endu":67,"ins":45,"dnk":47,"ft":74,"fg":67,"tp":65,"blk":34,"stl":65,"drb":56,"pss":65,"reb":45,"pot":62}],"skills":[]},{"tid":-2,"name":"Tony Parker","pos":"PG","hgt":74,"weight":180,"imgURL":"http://a.espncdn.com/i/headshots/nba/players/full/1015.png","born":{"year":1982,"loc":"Bruges, Belgium"},"contract":{"amount":"","exp":""},"draft":{"round":"","pick":"","team":"","orig. team":"","year":"","loc":""},"ratings":[{"hgt":25,"stre":25,"spd":95,"jmp":74,"endu":60,"ins":24,"dnk":76,"ft":83,"fg":56,"tp":53,"blk":26,"stl":65,"drb":83,"pss":72,"reb":37,"pot":67}],"skills":[]},{"tid":-2,"name":"Trenton Hassell","pos":"GF","hgt":77,"weight":200,"imgURL":"http://a.espncdn.com/combiner/i?img=/i/headshots/nba/players/full/998.png&w=350&h=254","born":{"year":1979,"loc":"Clarksville, TN"},"contract":{"amount":"","exp":""},"draft":{"round":"","pick":"","team":"","orig. team":"","year":"","loc":""},"ratings":[{"hgt":48,"stre":56,"spd":63,"jmp":65,"endu":64,"ins":25,"dnk":47,"ft":75,"fg":65,"tp":66,"blk":54,"stl":65,"drb":63,"pss":67,"reb":45,"pot":62}],"skills":[]},{"tid":-2,"name":"Gilbert Arenas","pos":"PG","hgt":75,"weight":191,"imgURL":"http://4.bp.blogspot.com/-PyRbq9hnTGM/Tx0ZH1mOjCI/AAAAAAAAAFg/dQuLCGif6DY/s1600/i-1.png","born":{"year":1982,"loc":"Los Angeles, CA"},"contract":{"amount":"","exp":""},"draft":{"round":"","pick":"","team":"","orig. team":"","year":"","loc":""},"ratings":[{"hgt":31,"stre":35,"spd":78,"jmp":78,"endu":74,"ins":43,"dnk":63,"ft":76,"fg":65,"tp":65,"blk":43,"stl":64,"drb":68,"pss":85,"reb":64,"pot":72}],"skills":[]},{"tid":-2,"name":"Omar Cook","pos":"PG","hgt":73,"weight":190,"imgURL":"http://www.thedraftreview.com/history/drafted2001/images/omar-cook.jpg","born":{"year":1982,"loc":"Brooklyn, NY"},"contract":{"amount":"","exp":""},"draft":{"round":"","pick":"","team":"","orig. team":"","year":"","loc":""},"ratings":[{"hgt":13,"stre":22,"spd":75,"jmp":65,"endu":56,"ins":44,"dnk":53,"ft":74,"fg":57,"tp":54,"blk":24,"stl":65,"drb":70,"pss":68,"reb":45,"pot":58}],"skills":[]},{"tid":-2,"name":"Will Solomon","pos":"G","hgt":73,"weight":185,"imgURL":"http://i.cdn.turner.com/nba/nba/teamsites/images/legacy/raptors/solomon190grizzliesrelease.jpg","born":{"year":1978,"loc":"Hartford, CT"},"contract":{"amount":"","exp":""},"draft":{"round":"","pick":"","team":"","orig. team":"","year":"","loc":""},"ratings":[{"hgt":14,"stre":40,"spd":65,"jmp":76,"endu":55,"ins":36,"dnk":64,"ft":72,"fg":61,"tp":54,"blk":34,"stl":64,"drb":68,"pss":65,"reb":45,"pot":57}],"skills":[]},{"tid":-2,"name":"Terence Morris","pos":"SF","hgt":81,"weight":221,"imgURL":"http://image.cdnllnwnl.xosnetwork.com/fls/29700/old_site/images/sports/m-baskbl/00-01roster/p-morris.jpg","born":{"year":1979,"loc":"Frederick, MD"},"contract":{"amount":"","exp":""},"draft":{"round":"","pick":"","team":"","orig. team":"","year":"","loc":""},"ratings":[{"hgt":65,"stre":64,"spd":54,"jmp":65,"endu":56,"ins":54,"dnk":65,"ft":76,"fg":56,"tp":32,"blk":66,"stl":56,"drb":50,"pss":56,"reb":54,"pot":54}],"skills":[]},{"tid":-2,"name":"Brian Scalabrine","pos":"FC","hgt":81,"weight":241,"imgURL":"http://a.espncdn.com/i/headshots/nba/players/full/1021.png","born":{"year":1978,"loc":"Long Beach, CA"},"contract":{"amount":"","exp":""},"draft":{"round":"","pick":"","team":"","orig. team":"","year":"","loc":""},"ratings":[{"hgt":72,"stre":64,"spd":54,"jmp":56,"endu":56,"ins":57,"dnk":56,"ft":47,"fg":43,"tp":32,"blk":37,"stl":64,"drb":36,"pss":61,"reb":66,"pot":55}],"skills":[]},{"tid":-2,"name":"Jeff Trepagnier","pos":"SG","hgt":76,"weight":200,"imgURL":"http://www.cavshistory.com/images/players/Jeff_Trepagnier.jpg","born":{"year":1979,"loc":"Los Angeles, CA"},"contract":{"amount":"","exp":""},"draft":{"round":"","pick":"","team":"","orig. team":"","year":"","loc":""},"ratings":[{"hgt":35,"stre":22,"spd":65,"jmp":75,"endu":49,"ins":45,"dnk":54,"ft":76,"fg":65,"tp":68,"blk":34,"stl":54,"drb":65,"pss":54,"reb":43,"pot":58}],"skills":[]},{"tid":-2,"name":"Damone Brown","pos":"PF","hgt":81,"weight":200,"imgURL":"http://blog.syracuse.com/today/2008/09/medium_080924_brown.jpg","born":{"year":1979,"loc":"Buffalo, NY"},"contract":{"amount":"","exp":""},"draft":{"round":"","pick":"","team":"","orig. team":"","year":"","loc":""},"ratings":[{"hgt":72,"stre":63,"spd":66,"jmp":54,"endu":54,"ins":54,"dnk":54,"ft":64,"fg":54,"tp":43,"blk":60,"stl":54,"drb":40,"pss":54,"reb":65,"pot":55}],"skills":[]},{"tid":-2,"name":"Mehmet Okur","pos":"FC","hgt":83,"weight":249,"imgURL":"http://a.espncdn.com/combiner/i?img=/i/headshots/nba/players/full/1014.png&w=350&h=254","born":{"year":1979,"loc":"Yalova, Turkey"},"contract":{"amount":"","exp":""},"draft":{"round":"","pick":"","team":"","orig. team":"","year":"","loc":""},"ratings":[{"hgt":84,"stre":75,"spd":54,"jmp":56,"endu":63,"ins":65,"dnk":63,"ft":64,"fg":65,"tp":34,"blk":67,"stl":54,"drb":43,"pss":44,"reb":75,"pot":67}],"skills":[]},{"tid":-2,"name":"Michael Wright","pos":"F","hgt":79,"weight":238,"imgURL":"http://image.cdnllnwnl.xosnetwork.com/fls/30700/old_site/images/sports/m-baskbl/Wright_Michael1.jpg","born":{"year":1980,"loc":"Chicago, IL"},"contract":{"amount":"","exp":""},"draft":{"round":"","pick":"","team":"","orig. team":"","year":"","loc":""},"ratings":[{"hgt":57,"stre":56,"spd":64,"jmp":54,"endu":44,"ins":55,"dnk":54,"ft":64,"fg":54,"tp":43,"blk":44,"stl":54,"drb":44,"pss":54,"reb":55,"pot":52}],"skills":[]},{"tid":-2,"name":"Earl Watson","pos":"PG","hgt":73,"weight":195,"imgURL":"http://a.espncdn.com/combiner/i?img=/i/headshots/nba/players/full/1027.png&w=350&h=254","born":{"year":1979,"loc":"Kansas City, KS"},"contract":{"amount":"","exp":""},"draft":{"round":"","pick":"","team":"","orig. team":"","year":"","loc":""},"ratings":[{"hgt":14,"stre":45,"spd":69,"jmp":45,"endu":65,"ins":55,"dnk":45,"ft":65,"fg":76,"tp":45,"blk":54,"stl":65,"drb":56,"pss":65,"reb":45,"pot":56}],"skills":[]},{"tid":-2,"name":"Jamison Brewer","pos":"G","hgt":76,"weight":184,"imgURL":"http://www.thedraftreview.com/history/drafted2001/images/jamison-brewer.jpg","born":{"year":1980,"loc":"East Point, GA"},"contract":{"amount":"","exp":""},"draft":{"round":"","pick":"","team":"","orig. team":"","year":"","loc":""},"ratings":[{"hgt":36,"stre":22,"spd":65,"jmp":55,"endu":44,"ins":36,"dnk":50,"ft":70,"fg":55,"tp":56,"blk":22,"stl":60,"drb":66,"pss":65,"reb":21,"pot":55}],"skills":[]},{"tid":-2,"name":"Bobby Simmons","pos":"GF","hgt":79,"weight":210,"imgURL":"http://a.espncdn.com/combiner/i?img=/i/headshots/nba/players/full/1022.png&w=350&h=254","born":{"year":1980,"loc":"Chicago, IL"},"contract":{"amount":"","exp":""},"draft":{"round":"","pick":"","team":"","orig. team":"","year":"","loc":""},"ratings":[{"hgt":57,"stre":56,"spd":65,"jmp":65,"endu":56,"ins":54,"dnk":45,"ft":65,"fg":55,"tp":45,"blk":34,"stl":54,"drb":62,"pss":55,"reb":65,"pot":60}],"skills":[]},{"tid":-2,"name":"Eric Chenowith","pos":"C","hgt":85,"weight":270,"imgURL":"http://www.thedraftreview.com/history/drafted2001/images/eric-chenowith.jpg","born":{"year":1979,"loc":"Orange, CA"},"contract":{"amount":"","exp":""},"draft":{"round":"","pick":"","team":"","orig. team":"","year":"","loc":""},"ratings":[{"hgt":95,"stre":74,"spd":35,"jmp":24,"endu":40,"ins":58,"dnk":48,"ft":64,"fg":33,"tp":0,"blk":65,"stl":44,"drb":25,"pss":50,"reb":65,"pot":51}],"skills":[]},{"tid":-2,"name":"Kyle Hill","pos":"G","hgt":74,"weight":185,"imgURL":"http://www.muevetebasket.es/imagenes/fichas-jug/kyle-hill.jpg","born":{"year":1979,"loc":"Chicago, IL"},"contract":{"amount":"","exp":""},"draft":{"round":"","pick":"","team":"","orig. team":"","year":"","loc":""},"ratings":[{"hgt":21,"stre":45,"spd":65,"jmp":45,"endu":65,"ins":55,"dnk":45,"ft":65,"fg":76,"tp":45,"blk":54,"stl":65,"drb":56,"pss":65,"reb":45,"pot":54}],"skills":[]},{"tid":-2,"name":"Sean Lampley","pos":"SF","hgt":79,"weight":227,"imgURL":"http://i.a.cnn.net/si/images/basketball/nba/players/3554.jpg","born":{"year":1979,"loc":"Harvey, IL"},"contract":{"amount":"","exp":""},"draft":{"round":"","pick":"","team":"","orig. team":"","year":"","loc":""},"ratings":[{"hgt":54,"stre":56,"spd":65,"jmp":62,"endu":56,"ins":43,"dnk":54,"ft":75,"fg":64,"tp":45,"blk":54,"stl":54,"drb":55,"pss":45,"reb":43,"pot":55}],"skills":[]},{"tid":-2,"name":"Loren Woods","pos":"C","hgt":85,"weight":245,"imgURL":"http://a.espncdn.com/combiner/i?img=/i/headshots/nba/players/full/1029.png&w=350&h=254","born":{"year":1978,"loc":"St. Louis, MO"},"contract":{"amount":"","exp":""},"draft":{"round":"","pick":"","team":"","orig. team":"","year":"","loc":""},"ratings":[{"hgt":95,"stre":76,"spd":54,"jmp":43,"endu":43,"ins":44,"dnk":54,"ft":65,"fg":45,"tp":0,"blk":54,"stl":43,"drb":15,"pss":45,"reb":67,"pot":55}],"skills":[]},{"tid":-2,"name":"Ousmane Cisse","pos":"FC","hgt":80,"weight":225,"imgURL":"http://www.thedraftreview.com/history/drafted2001/images/ousmane-cisse.jpg","born":{"year":1982,"loc":"Bamako, Mali"},"contract":{"amount":"","exp":""},"draft":{"round":"","pick":"","team":"","orig. team":"","year":"","loc":""},"ratings":[{"hgt":70,"stre":74,"spd":51,"jmp":59,"endu":42,"ins":52,"dnk":54,"ft":51,"fg":44,"tp":22,"blk":65,"stl":33,"drb":38,"pss":54,"reb":67,"pot":58}],"skills":[]},{"tid":-2,"name":"Antonis Fotsis","pos":"PF","hgt":82,"weight":219,"imgURL":"http://bgbasket.com/pictures/basketball/pic_big/gallery/players/Antonis%20Fotsis%202011.jpg","born":{"year":1981,"loc":"Athens, Greece"},"contract":{"amount":"","exp":""},"draft":{"round":"","pick":"","team":"","orig. team":"","year":"","loc":""},"ratings":[{"hgt":78,"stre":65,"spd":58,"jmp":45,"endu":34,"ins":54,"dnk":65,"ft":54,"fg":65,"tp":45,"blk":65,"stl":55,"drb":45,"pss":57,"reb":45,"pot":57}],"skills":[]},{"tid":-2,"name":"Ken Johnson","pos":"C","hgt":83,"weight":240,"imgURL":"http://basketball.realgm.com/images/nba/4.2/profiles/photos/2006/Johnson_Ken_nba.jpg","born":{"year":1978,"loc":"Detroit, MI"},"contract":{"amount":"","exp":""},"draft":{"round":"","pick":"","team":"","orig. team":"","year":"","loc":""},"ratings":[{"hgt":85,"stre":80,"spd":35,"jmp":45,"endu":50,"ins":64,"dnk":64,"ft":65,"fg":45,"tp":0,"blk":65,"stl":54,"drb":26,"pss":24,"reb":76,"pot":52}],"skills":[]},{"tid":-2,"name":"Ruben Boumtje-Boumtje","pos":"C","hgt":84,"weight":257,"imgURL":"http://www.thedraftreview.com/history/drafted2001/images/ruben-boumtje.jpg","born":{"year":1978,"loc":"Edda, Cameroon"},"contract":{"amount":"","exp":""},"draft":{"round":"","pick":"","team":"","orig. team":"","year":"","loc":""},"ratings":[{"hgt":91,"stre":87,"spd":22,"jmp":53,"endu":55,"ins":70,"dnk":56,"ft":54,"fg":22,"tp":0,"blk":84,"stl":54,"drb":10,"pss":36,"reb":85,"pot":55}],"skills":[]},{"tid":-2,"name":"Alton Ford","pos":"PF","hgt":81,"weight":275,"imgURL":"http://www.nba.com/draft2001/images/players/ford_head.jpg","born":{"year":1981,"loc":"Houston, TX"},"contract":{"amount":"","exp":""},"draft":{"round":"","pick":"","team":"","orig. team":"","year":"","loc":""},"ratings":[{"hgt":71,"stre":72,"spd":52,"jmp":55,"endu":45,"ins":65,"dnk":34,"ft":54,"fg":65,"tp":0,"blk":54,"stl":65,"drb":30,"pss":55,"reb":66,"pot":56}],"skills":[]},{"tid":-2,"name":"Andre Hutson","pos":"F","hgt":80,"weight":240,"imgURL":"http://graphics.fansonly.com/photos/schools/msu/sports/m-baskbl/00-01roster/p-hutson.jpg","born":{"year":1979,"loc":"Dayton, OH"},"contract":{"amount":"","exp":""},"draft":{"round":"","pick":"","team":"","orig. team":"","year":"","loc":""},"ratings":[{"hgt":64,"stre":65,"spd":54,"jmp":65,"endu":54,"ins":45,"dnk":34,"ft":75,"fg":65,"tp":0,"blk":43,"stl":56,"drb":44,"pss":54,"reb":47,"pot":52}],"skills":[]},{"tid":-2,"name":"Jarron Collins","pos":"C","hgt":83,"weight":255,"imgURL":"http://i.huffpost.com/gen/1177203/thumbs/h-JARRON-COLLINS-348x516.jpg","born":{"year":1978,"loc":"Northridge, CA"},"contract":{"amount":"","exp":""},"draft":{"round":"","pick":"","team":"","orig. team":"","year":"","loc":""},"ratings":[{"hgt":86,"stre":80,"spd":25,"jmp":45,"endu":50,"ins":75,"dnk":45,"ft":66,"fg":32,"tp":0,"blk":69,"stl":55,"drb":27,"pss":46,"reb":72,"pot":56}],"skills":[]},{"tid":-2,"name":"Kenny Satterfield","pos":"PG","hgt":74,"weight":186,"imgURL":"http://www.nba.com/draft2001/images/players/satterfield_head.jpg","born":{"year":1981,"loc":"New York, NY"},"contract":{"amount":"","exp":""},"draft":{"round":"","pick":"","team":"","orig. team":"","year":"","loc":""},"ratings":[{"hgt":21,"stre":44,"spd":54,"jmp":44,"endu":54,"ins":55,"dnk":44,"ft":45,"fg":45,"tp":45,"blk":65,"stl":45,"drb":34,"pss":54,"reb":34,"pot":49}],"skills":[]},{"tid":-2,"name":"Maurice Jeffers","pos":"SG","hgt":76,"weight":200,"imgURL":"http://www.thedraftreview.com/history/drafted2001/images/maurice-jeffers.jpg","born":{"year":1979,"loc":"Morrilton, AR"},"contract":{"amount":"","exp":""},"draft":{"round":"","pick":"","team":"","orig. team":"","year":"","loc":""},"ratings":[{"hgt":36,"stre":56,"spd":65,"jmp":65,"endu":56,"ins":54,"dnk":45,"ft":65,"fg":55,"tp":45,"blk":34,"stl":54,"drb":54,"pss":55,"reb":65,"pot":55}],"skills":[]},{"tid":-2,"name":"Robertas Javtokas","pos":"C","hgt":83,"weight":247,"imgURL":"http://basketball.realgm.com/images/nba/4.2/profiles/photos/2006/Javtokas_Robertas_san.jpg","born":{"year":1980,"loc":"Siauliai, Lithuania"},"contract":{"amount":"","exp":""},"draft":{"round":"","pick":"","team":"","orig. team":"","year":"","loc":""},"ratings":[{"hgt":85,"stre":72,"spd":44,"jmp":45,"endu":54,"ins":55,"dnk":34,"ft":65,"fg":55,"tp":12,"blk":53,"stl":56,"drb":36,"pss":54,"reb":67,"pot":58}],"skills":[]},{"tid":-2,"name":"Alvin Jones","pos":"PF","hgt":83,"weight":265,"imgURL":"http://www.thedraftreview.com/history/drafted2001/images/alvin-jones.jpg","born":{"year":1978,"loc":"Luxembourg, Luxembourg"},"contract":{"amount":"","exp":""},"draft":{"round":"","pick":"","team":"","orig. team":"","year":"","loc":""},"ratings":[{"hgt":87,"stre":45,"spd":44,"jmp":65,"endu":56,"ins":55,"dnk":45,"ft":44,"fg":54,"tp":0,"blk":55,"stl":45,"drb":44,"pss":54,"reb":54,"pot":51}],"skills":[]},{"tid":-2,"name":"Bryan Bracey","pos":"F","hgt":79,"weight":210,"imgURL":"http://auto.img.v4.skyrock.net/8850/16608850/pics/1124063596.jpg","born":{"year":1978,"loc":"Chicago, IL"},"contract":{"amount":"","exp":""},"draft":{"round":"","pick":"","team":"","orig. team":"","year":"","loc":""},"ratings":[{"hgt":57,"stre":54,"spd":54,"jmp":54,"endu":44,"ins":44,"dnk":54,"ft":64,"fg":44,"tp":43,"blk":45,"stl":44,"drb":39,"pss":44,"reb":55,"pot":52}],"skills":[]},{"tid":-2,"name":"Maurice Evans","pos":"GF","hgt":77,"weight":220,"imgURL":"http://basketball.realgm.com/images/nba/4.2/profiles/photos/2006/Evans_Maurice_atl.jpg","born":{"year":1978,"loc":"Wichita, KS"},"contract":{"amount":"","exp":""},"draft":{"round":"","pick":"","team":"","orig. team":"","year":"","loc":""},"ratings":[{"hgt":43,"stre":45,"spd":65,"jmp":45,"endu":65,"ins":55,"dnk":45,"ft":65,"fg":76,"tp":45,"blk":54,"stl":65,"drb":56,"pss":65,"reb":45,"pot":56}],"skills":[]},{"tid":-2,"name":"Carlos Arroyo","pos":"PG","hgt":74,"weight":202,"imgURL":"http://basketball.realgm.com/images/nba/4.2/profiles/photos/2006/Arroyo_Carlos_mia.jpg","born":{"year":1979,"loc":"Fajardo, Puerto Rico"},"contract":{"amount":"","exp":""},"draft":{"round":"","pick":"","team":"","orig. team":"","year":"","loc":""},"ratings":[{"hgt":21,"stre":45,"spd":66,"jmp":65,"endu":54,"ins":45,"dnk":51,"ft":65,"fg":65,"tp":62,"blk":43,"stl":56,"drb":71,"pss":64,"reb":47,"pot":58}],"skills":[]},{"tid":-2,"name":"Mike Wilks","pos":"G","hgt":70,"weight":185,"imgURL":"http://basketball.realgm.com/images/nba/4.2/profiles/photos/2006/Wilkes_Mike_was_1112.jpg","born":{"year":1979,"loc":"Milwaukee, WI"},"contract":{"amount":"","exp":""},"draft":{"round":"","pick":"","team":"","orig. team":"","year":"","loc":""},"ratings":[{"hgt":2,"stre":25,"spd":75,"jmp":55,"endu":55,"ins":55,"dnk":45,"ft":65,"fg":76,"tp":45,"blk":54,"stl":65,"drb":76,"pss":65,"reb":45,"pot":55}],"skills":[]},{"tid":-2,"name":"Charlie Bell","pos":"G","hgt":75,"weight":200,"imgURL":"http://basketball.realgm.com/images/nba/4.2/profiles/photos/2006/Bell_Charlie_mil.jpg","born":{"year":1979,"loc":"Flint, MI"},"contract":{"amount":"","exp":""},"draft":{"round":"","pick":"","team":"","orig. team":"","year":"","loc":""},"ratings":[{"hgt":29,"stre":44,"spd":66,"jmp":65,"endu":54,"ins":45,"dnk":54,"ft":80,"fg":75,"tp":72,"blk":43,"stl":56,"drb":56,"pss":54,"reb":47,"pot":58}],"skills":[]},{"tid":-2,"name":"Jamario Moon","pos":"F","hgt":80,"weight":205,"imgURL":"http://basketball.realgm.com/images/nba/4.2/profiles/photos/2006/MOON_JAMARIO_lac_12.jpg","born":{"year":1980,"loc":"Goodwater, AL"},"contract":{"amount":"","exp":""},"draft":{"round":"","pick":"","team":"","orig. team":"","year":"","loc":""},"ratings":[{"hgt":64,"stre":37,"spd":67,"jmp":90,"endu":45,"ins":22,"dnk":77,"ft":45,"fg":34,"tp":43,"blk":65,"stl":64,"drb":46,"pss":48,"reb":72,"pot":59}],"skills":[]},{"tid":-2,"name":"Tierre Brown","pos":"G","hgt":74,"weight":189,"imgURL":"http://basketball.realgm.com/images/nba/4.2/profiles/photos/2006/Brown_Tierre_nba.jpg","born":{"year":1979,"loc":"Iowa, LA"},"contract":{"amount":"","exp":""},"draft":{"round":"","pick":"","team":"","orig. team":"","year":"","loc":""},"ratings":[{"hgt":21,"stre":35,"spd":65,"jmp":45,"endu":65,"ins":55,"dnk":45,"ft":65,"fg":76,"tp":45,"blk":54,"stl":65,"drb":56,"pss":65,"reb":45,"pot":53}],"skills":[]},{"tid":-2,"name":"Tang Hamilton","pos":"PF","hgt":80,"weight":220,"imgURL":"http://basketball.realgm.com/images/nba/4.2/profiles/photos/2006/Hamilton_Tang_nba.jpg","born":{"year":1978,"loc":"Jackson, MS"},"contract":{"amount":"","exp":""},"draft":{"round":"","pick":"","team":"","orig. team":"","year":"","loc":""},"ratings":[{"hgt":78,"stre":74,"spd":58,"jmp":56,"endu":46,"ins":54,"dnk":55,"ft":56,"fg":43,"tp":2,"blk":67,"stl":64,"drb":23,"pss":34,"reb":63,"pot":52}],"skills":[]},{"tid":-2,"name":"Paul Shirley","pos":"PF","hgt":82,"weight":230,"imgURL":"http://basketball.realgm.com/images/nba/4.2/profiles/photos/2006/Shirley_Paul_nba.jpg","born":{"year":1977,"loc":"Meriden, KS"},"contract":{"amount":"","exp":""},"draft":{"round":"","pick":"","team":"","orig. team":"","year":"","loc":""},"ratings":[{"hgt":78,"stre":74,"spd":45,"jmp":54,"endu":40,"ins":59,"dnk":54,"ft":64,"fg":34,"tp":0,"blk":65,"stl":54,"drb":25,"pss":54,"reb":70,"pot":53}],"skills":[]},{"tid":-2,"name":"Joe Crispin","pos":"G","hgt":72,"weight":185,"imgURL":"http://basketball.realgm.com/images/nba/4.2/profiles/photos/2006/Crispin_Joe_nba.jpg","born":{"year":1979,"loc":"Pitman, NJ"},"contract":{"amount":"","exp":""},"draft":{"round":"","pick":"","team":"","orig. team":"","year":"","loc":""},"ratings":[{"hgt":12,"stre":56,"spd":65,"jmp":65,"endu":56,"ins":54,"dnk":45,"ft":65,"fg":55,"tp":45,"blk":34,"stl":54,"drb":54,"pss":55,"reb":65,"pot":48}],"skills":[]},{"tid":-2,"name":"Norm Richardson","pos":"SG","hgt":77,"weight":190,"imgURL":"http://basketball.realgm.com/images/nba/4.2/profiles/photos/2006/Richardson_Norman_nba.jpg","born":{"year":1979,"loc":"Brooklyn, NY"},"contract":{"amount":"","exp":""},"draft":{"round":"","pick":"","team":"","orig. team":"","year":"","loc":""},"ratings":[{"hgt":42,"stre":35,"spd":65,"jmp":45,"endu":65,"ins":55,"dnk":45,"ft":65,"fg":76,"tp":45,"blk":54,"stl":65,"drb":56,"pss":65,"reb":45,"pot":52}],"skills":[]},{"tid":-2,"name":"Dean Oliver","pos":"PG","hgt":71,"weight":180,"imgURL":"http://basketball.realgm.com/images/nba/4.2/profiles/photos/2006/Oliver_Dean_ncaa_day.jpg","born":{"year":1978,"loc":"Quincy, IL"},"contract":{"amount":"","exp":""},"draft":{"round":"","pick":"","team":"","orig. team":"","year":"","loc":""},"ratings":[{"hgt":1,"stre":33,"spd":64,"jmp":65,"endu":54,"ins":45,"dnk":34,"ft":65,"fg":65,"tp":62,"blk":23,"stl":56,"drb":66,"pss":54,"reb":47,"pot":53}],"skills":[]},{"tid":-2,"name":"Ratko Varda","pos":"C","hgt":82,"weight":260,"imgURL":"http://basketball.realgm.com/images/nba/4.2/profiles/photos/2006/Varda_Ratko_euro.jpg","born":{"year":1979,"loc":"Bosanska Gradiska, Bosnia"},"contract":{"amount":"","exp":""},"draft":{"round":"","pick":"","team":"","orig. team":"","year":"","loc":""},"ratings":[{"hgt":78,"stre":74,"spd":44,"jmp":56,"endu":56,"ins":64,"dnk":65,"ft":56,"fg":43,"tp":32,"blk":67,"stl":64,"drb":41,"pss":64,"reb":56,"pot":56}],"skills":[]},{"tid":-2,"name":"Reggie Butler","pos":"C","hgt":82,"weight":270,"imgURL":"http://www.eurobasket.com/photos/Butler_Reggie.jpg","born":{"year":1977,"loc":"San Diego, CA"},"contract":{"amount":"","exp":""},"draft":{"round":"","pick":"","team":"","orig. team":"","year":"","loc":""},"ratings":[{"hgt":75,"stre":74,"spd":35,"jmp":54,"endu":44,"ins":67,"dnk":54,"ft":64,"fg":54,"tp":0,"blk":65,"stl":54,"drb":25,"pss":54,"reb":65,"pot":62}],"skills":[]}]}