{"startingSeason":2004,
"players":[{"tid":-2,"name":"Dwight Howard","pos":"FC","hgt":83,"weight":265,"imgURL":"http://a.espncdn.com/combiner/i?img=/i/headshots/nba/players/full/2384.png&w=350&h=254","born":{"year":1985,"loc":"Atlanta, GA"},"contract":{"amount":"","exp":""},"draft":{"round":"","pick":"","team":"","orig. team":"","year":"","loc":""},"ratings":[{"hgt":95,"stre":95,"spd":52,"jmp":86,"endu":81,"ins":83,"dnk":75,"ft":58,"fg":23,"tp":0,"blk":93,"stl":37,"drb":54,"pss":58,"reb":100,"pot":85}],"skills":[]},{"tid":-2,"name":"Emeka Okafor","pos":"FC","hgt":82,"weight":255,"imgURL":"http://a.espncdn.com/combiner/i?img=/i/headshots/nba/players/full/2399.png&w=350&h=254","born":{"year":1982,"loc":"Houston, TX"},"contract":{"amount":"","exp":""},"draft":{"round":"","pick":"","team":"","orig. team":"","year":"","loc":""},"ratings":[{"hgt":81,"stre":82,"spd":56,"jmp":75,"endu":75,"ins":75,"dnk":74,"ft":65,"fg":64,"tp":0,"blk":85,"stl":59,"drb":53,"pss":41,"reb":86,"pot":66}],"skills":[]},{"tid":-2,"name":"Ben Gordon","pos":"SG","hgt":75,"weight":200,"imgURL":"http://a.espncdn.com/combiner/i?img=/i/headshots/nba/players/full/2381.png&w=350&h=254","born":{"year":1983,"loc":"London, United Kingdom"},"contract":{"amount":"","exp":""},"draft":{"round":"","pick":"","team":"","orig. team":"","year":"","loc":""},"ratings":[{"hgt":29,"stre":46,"spd":77,"jmp":80,"endu":76,"ins":39,"dnk":67,"ft":85,"fg":89,"tp":83,"blk":34,"stl":55,"drb":64,"pss":60,"reb":56,"pot":68}],"skills":[]},{"tid":-2,"name":"Shaun Livingston","pos":"G","hgt":79,"weight":182,"imgURL":"http://a.espncdn.com/combiner/i?img=/i/headshots/nba/players/full/2393.png&w=350&h=254","born":{"year":1985,"loc":"Peoria, IL"},"contract":{"amount":"","exp":""},"draft":{"round":"","pick":"","team":"","orig. team":"","year":"","loc":""},"ratings":[{"hgt":57,"stre":45,"spd":64,"jmp":65,"endu":67,"ins":43,"dnk":54,"ft":76,"fg":64,"tp":36,"blk":54,"stl":57,"drb":70,"pss":74,"reb":64,"pot":67}],"skills":[]},{"tid":-2,"name":"Devin Harris","pos":"G","hgt":75,"weight":185,"imgURL":"http://a.espncdn.com/combiner/i?img=/i/headshots/nba/players/full/2382.png&w=350&h=254","born":{"year":1983,"loc":"Milwaukee, WI"},"contract":{"amount":"","exp":""},"draft":{"round":"","pick":"","team":"","orig. team":"","year":"","loc":""},"ratings":[{"hgt":53,"stre":36,"spd":87,"jmp":64,"endu":65,"ins":33,"dnk":67,"ft":73,"fg":67,"tp":54,"blk":34,"stl":63,"drb":64,"pss":77,"reb":54,"pot":64}],"skills":[]},{"tid":-2,"name":"Josh Childress","pos":"GF","hgt":80,"weight":210,"imgURL":"http://a.espncdn.com/combiner/i?img=/i/headshots/nba/players/full/2373.png&w=350&h=254","born":{"year":1983,"loc":"Harbor City, CA"},"contract":{"amount":"","exp":""},"draft":{"round":"","pick":"","team":"","orig. team":"","year":"","loc":""},"ratings":[{"hgt":64,"stre":54,"spd":63,"jmp":62,"endu":67,"ins":46,"dnk":63,"ft":76,"fg":67,"tp":59,"blk":37,"stl":45,"drb":65,"pss":54,"reb":65,"pot":64}],"skills":[]},{"tid":-2,"name":"Luol Deng","pos":"SF","hgt":80,"weight":220,"imgURL":"http://a.espncdn.com/combiner/i?img=/i/headshots/nba/players/full/2429.png&w=350&h=254","born":{"year":1985,"loc":"Wow, South Sudan"},"contract":{"amount":"","exp":""},"draft":{"round":"","pick":"","team":"","orig. team":"","year":"","loc":""},"ratings":[{"hgt":64,"stre":54,"spd":68,"jmp":65,"endu":78,"ins":67,"dnk":74,"ft":78,"fg":64,"tp":56,"blk":43,"stl":47,"drb":64,"pss":54,"reb":84,"pot":67}],"skills":[]},{"tid":-2,"name":"Rafael Araujo","pos":"C","hgt":83,"weight":280,"imgURL":"http://www.nba.com/media/playerfile/rafael_araujo.jpg","born":{"year":1980,"loc":"Curitiba, Brazil"},"contract":{"amount":"","exp":""},"draft":{"round":"","pick":"","team":"","orig. team":"","year":"","loc":""},"ratings":[{"hgt":84,"stre":74,"spd":47,"jmp":67,"endu":46,"ins":55,"dnk":54,"ft":57,"fg":23,"tp":0,"blk":68,"stl":43,"drb":23,"pss":46,"reb":70,"pot":59}],"skills":[]},{"tid":-2,"name":"Andre Iguodala","pos":"SF","hgt":78,"weight":207,"imgURL":"http://a.espncdn.com/combiner/i?img=/i/headshots/nba/players/full/2386.png&w=350&h=254","born":{"year":1984,"loc":"Springfield, IL"},"contract":{"amount":"","exp":""},"draft":{"round":"","pick":"","team":"","orig. team":"","year":"","loc":""},"ratings":[{"hgt":50,"stre":56,"spd":78,"jmp":80,"endu":68,"ins":54,"dnk":75,"ft":75,"fg":64,"tp":59,"blk":45,"stl":64,"drb":52,"pss":57,"reb":76,"pot":68}],"skills":[]},{"tid":-2,"name":"Luke Jackson","pos":"SF","hgt":79,"weight":215,"imgURL":"http://www.cavshistory.com/images/players/Luke_Jackson.jpg","born":{"year":1981,"loc":"Eugene, OR"},"contract":{"amount":"","exp":""},"draft":{"round":"","pick":"","team":"","orig. team":"","year":"","loc":""},"ratings":[{"hgt":57,"stre":32,"spd":57,"jmp":54,"endu":31,"ins":34,"dnk":59,"ft":82,"fg":45,"tp":72,"blk":17,"stl":56,"drb":44,"pss":49,"reb":52,"pot":58}],"skills":[]},{"tid":-2,"name":"Andris Biedrins","pos":"C","hgt":83,"weight":240,"imgURL":"http://a.espncdn.com/combiner/i?img=/i/headshots/nba/players/full/2427.png&w=350&h=254","born":{"year":1986,"loc":"Riga, Latvia"},"contract":{"amount":"","exp":""},"draft":{"round":"","pick":"","team":"","orig. team":"","year":"","loc":""},"ratings":[{"hgt":86,"stre":65,"spd":43,"jmp":74,"endu":58,"ins":67,"dnk":63,"ft":64,"fg":32,"tp":0,"blk":65,"stl":43,"drb":47,"pss":54,"reb":77,"pot":65}],"skills":[]},{"tid":-2,"name":"Robert Swift","pos":"C","hgt":84,"weight":245,"imgURL":"http://www.blogcdn.com/www.aolnews.com/media/2007/08/robert_swift_tz_180.jpg","born":{"year":1985,"loc":"Bakersfield, CA"},"contract":{"amount":"","exp":""},"draft":{"round":"","pick":"","team":"","orig. team":"","year":"","loc":""},"ratings":[{"hgt":93,"stre":60,"spd":45,"jmp":44,"endu":45,"ins":60,"dnk":63,"ft":74,"fg":34,"tp":0,"blk":68,"stl":56,"drb":42,"pss":56,"reb":75,"pot":59}],"skills":[]},{"tid":-2,"name":"Sebastian Telfair","pos":"PG","hgt":72,"weight":165,"imgURL":"http://a.espncdn.com/combiner/i?img=/i/headshots/nba/players/full/2417.png&w=350&h=254","born":{"year":1985,"loc":"Brooklyn, NY"},"contract":{"amount":"","exp":""},"draft":{"round":"","pick":"","team":"","orig. team":"","year":"","loc":""},"ratings":[{"hgt":7,"stre":23,"spd":88,"jmp":79,"endu":63,"ins":23,"dnk":56,"ft":75,"fg":63,"tp":57,"blk":34,"stl":56,"drb":54,"pss":78,"reb":54,"pot":62}],"skills":[]},{"tid":-2,"name":"Kris Humpries","pos":"PF","hgt":81,"weight":235,"imgURL":"http://a.espncdn.com/combiner/i?img=/i/headshots/nba/players/full/2433.png&w=350&h=254","born":{"year":1985,"loc":"Minneapolis, MN"},"contract":{"amount":"","exp":""},"draft":{"round":"","pick":"","team":"","orig. team":"","year":"","loc":""},"ratings":[{"hgt":72,"stre":67,"spd":51,"jmp":67,"endu":52,"ins":62,"dnk":63,"ft":50,"fg":54,"tp":16,"blk":56,"stl":60,"drb":38,"pss":55,"reb":78,"pot":59}],"skills":[]},{"tid":-2,"name":"Al Jefferson","pos":"FC","hgt":82,"weight":265,"imgURL":"http://a.espncdn.com/combiner/i?img=/i/headshots/nba/players/full/2389.png&w=350&h=254","born":{"year":1985,"loc":"Monticello, MS"},"contract":{"amount":"","exp":""},"draft":{"round":"","pick":"","team":"","orig. team":"","year":"","loc":""},"ratings":[{"hgt":74,"stre":87,"spd":43,"jmp":65,"endu":35,"ins":75,"dnk":76,"ft":74,"fg":46,"tp":11,"blk":75,"stl":59,"drb":29,"pss":48,"reb":83,"pot":68}],"skills":[]},{"tid":-2,"name":"Kirk Snyder","pos":"GF","hgt":78,"weight":225,"imgURL":"http://www.wonba.fr/img/joueurs/Kirk%20Snyder.jpg","born":{"year":1983,"loc":"Los Angeles, CA"},"contract":{"amount":"","exp":""},"draft":{"round":"","pick":"","team":"","orig. team":"","year":"","loc":""},"ratings":[{"hgt":47,"stre":45,"spd":64,"jmp":67,"endu":63,"ins":54,"dnk":43,"ft":67,"fg":63,"tp":54,"blk":34,"stl":56,"drb":63,"pss":54,"reb":43,"pot":56}],"skills":[]},{"tid":-2,"name":"Josh Smith","pos":"PF","hgt":81,"weight":225,"imgURL":"http://a.espncdn.com/combiner/i?img=/i/headshots/nba/players/full/2411.png&w=350&h=254","born":{"year":1985,"loc":"College Park, GA"},"contract":{"amount":"","exp":""},"draft":{"round":"","pick":"","team":"","orig. team":"","year":"","loc":""},"ratings":[{"hgt":71,"stre":62,"spd":62,"jmp":86,"endu":62,"ins":56,"dnk":67,"ft":64,"fg":56,"tp":23,"blk":85,"stl":54,"drb":50,"pss":23,"reb":67,"pot":65}],"skills":[]},{"tid":-2,"name":"J.R. Smith","pos":"GF","hgt":78,"weight":220,"imgURL":"http://a.espncdn.com/combiner/i?img=/i/headshots/nba/players/full/2444.png&w=350&h=254","born":{"year":1985,"loc":"Freehold, NJ"},"contract":{"amount":"","exp":""},"draft":{"round":"","pick":"","team":"","orig. team":"","year":"","loc":""},"ratings":[{"hgt":76,"stre":45,"spd":64,"jmp":72,"endu":63,"ins":44,"dnk":68,"ft":70,"fg":54,"tp":49,"blk":36,"stl":63,"drb":54,"pss":56,"reb":65,"pot":60}],"skills":[]},{"tid":-2,"name":"Dorell Wright","pos":"SF","hgt":79,"weight":200,"imgURL":"http://a.espncdn.com/combiner/i?img=/i/headshots/nba/players/full/2423.png&w=350&h=254","born":{"year":1985,"loc":"Los Angeles, CA"},"contract":{"amount":"","exp":""},"draft":{"round":"","pick":"","team":"","orig. team":"","year":"","loc":""},"ratings":[{"hgt":56,"stre":24,"spd":72,"jmp":64,"endu":36,"ins":23,"dnk":47,"ft":85,"fg":44,"tp":45,"blk":46,"stl":65,"drb":38,"pss":53,"reb":66,"pot":65}],"skills":[]},{"tid":-2,"name":"Jameer Nelson","pos":"PG","hgt":72,"weight":190,"imgURL":"http://media.tumblr.com/a7a4143fd6cb3cf91ad0348339163c9d/tumblr_inline_mjbfi8hYtb1qz4rgp.png","born":{"year":1982,"loc":"Chester, PA"},"contract":{"amount":"","exp":""},"draft":{"round":"","pick":"","team":"","orig. team":"","year":"","loc":""},"ratings":[{"hgt":10,"stre":40,"spd":86,"jmp":81,"endu":59,"ins":43,"dnk":68,"ft":69,"fg":58,"tp":43,"blk":36,"stl":67,"drb":76,"pss":64,"reb":43,"pot":58}],"skills":[]},{"tid":-2,"name":"Pavel Podkolzin","pos":"C","hgt":89,"weight":260,"imgURL":"http://a.espncdn.com/i/headshots/nba/players/65/2441.jpg","born":{"year":1985,"loc":"Novosibirsk, Russia"},"contract":{"amount":"","exp":""},"draft":{"round":"","pick":"","team":"","orig. team":"","year":"","loc":""},"ratings":[{"hgt":84,"stre":76,"spd":24,"jmp":65,"endu":54,"ins":67,"dnk":63,"ft":65,"fg":54,"tp":0,"blk":56,"stl":54,"drb":23,"pss":45,"reb":65,"pot":55}],"skills":[]},{"tid":-2,"name":"Viktor Khryapa","pos":"PF","hgt":81,"weight":210,"imgURL":"http://a.espncdn.com/i/headshots/nba/players/65/2435.jpg","born":{"year":1982,"loc":"Kiev, Ukraine"},"contract":{"amount":"","exp":""},"draft":{"round":"","pick":"","team":"","orig. team":"","year":"","loc":""},"ratings":[{"hgt":65,"stre":78,"spd":54,"jmp":65,"endu":67,"ins":65,"dnk":67,"ft":54,"fg":45,"tp":21,"blk":65,"stl":56,"drb":54,"pss":55,"reb":67,"pot":59}],"skills":[]},{"tid":-2,"name":"Sergei Monia","pos":"SF","hgt":80,"weight":220,"imgURL":"http://a.espncdn.com/i/headshots/nba/players/65/2438.jpg","born":{"year":1983,"loc":"Saratov, Russia"},"contract":{"amount":"","exp":""},"draft":{"round":"","pick":"","team":"","orig. team":"","year":"","loc":""},"ratings":[{"hgt":64,"stre":45,"spd":65,"jmp":67,"endu":44,"ins":54,"dnk":58,"ft":56,"fg":53,"tp":49,"blk":56,"stl":54,"drb":35,"pss":38,"reb":57,"pot":56}],"skills":[]},{"tid":-2,"name":"Delonte West","pos":"G","hgt":76,"weight":180,"imgURL":"http://a.espncdn.com/combiner/i?img=/i/headshots/nba/players/full/2422.png&w=350&h=254","born":{"year":1983,"loc":"Washington, DC"},"contract":{"amount":"","exp":""},"draft":{"round":"","pick":"","team":"","orig. team":"","year":"","loc":""},"ratings":[{"hgt":45,"stre":45,"spd":65,"jmp":62,"endu":65,"ins":54,"dnk":58,"ft":65,"fg":54,"tp":32,"blk":34,"stl":54,"drb":56,"pss":65,"reb":54,"pot":58}],"skills":[]},{"tid":-2,"name":"Tony Allen","pos":"G","hgt":76,"weight":213,"imgURL":"http://www.spotrac.com/blog/wp-content/uploads/2013/05/mem-tony.png","born":{"year":1982,"loc":"Chicago, IL"},"contract":{"amount":"","exp":""},"draft":{"round":"","pick":"","team":"","orig. team":"","year":"","loc":""},"ratings":[{"hgt":43,"stre":43,"spd":84,"jmp":75,"endu":74,"ins":43,"dnk":56,"ft":64,"fg":67,"tp":48,"blk":34,"stl":54,"drb":56,"pss":65,"reb":34,"pot":60}],"skills":[]},{"tid":-2,"name":"Kevin Martin","pos":"G","hgt":79,"weight":185,"imgURL":"http://a.espncdn.com/combiner/i?img=/i/headshots/nba/players/full/2394.png&w=350&h=254","born":{"year":1983,"loc":"Zanesville, OH"},"contract":{"amount":"","exp":""},"draft":{"round":"","pick":"","team":"","orig. team":"","year":"","loc":""},"ratings":[{"hgt":43,"stre":32,"spd":80,"jmp":79,"endu":64,"ins":26,"dnk":65,"ft":67,"fg":64,"tp":63,"blk":32,"stl":54,"drb":58,"pss":64,"reb":43,"pot":66}],"skills":[]},{"tid":-2,"name":"Sasha Vujacic","pos":"G","hgt":79,"weight":193,"imgURL":"http://media.tumblr.com/tumblr_lknfa0R3No1qh4jcw.png","born":{"year":1984,"loc":"Maribor, Slovenia"},"contract":{"amount":"","exp":""},"draft":{"round":"","pick":"","team":"","orig. team":"","year":"","loc":""},"ratings":[{"hgt":47,"stre":43,"spd":67,"jmp":54,"endu":57,"ins":54,"dnk":47,"ft":63,"fg":54,"tp":57,"blk":43,"stl":54,"drb":57,"pss":63,"reb":54,"pot":56}],"skills":[]},{"tid":-2,"name":"Beno Udrih","pos":"G","hgt":75,"weight":205,"imgURL":"http://a.espncdn.com/combiner/i?img=/i/headshots/nba/players/full/2448.png&w=350&h=254","born":{"year":1982,"loc":"Celje, Slovenia"},"contract":{"amount":"","exp":""},"draft":{"round":"","pick":"","team":"","orig. team":"","year":"","loc":""},"ratings":[{"hgt":45,"stre":43,"spd":64,"jmp":64,"endu":67,"ins":54,"dnk":56,"ft":64,"fg":65,"tp":56,"blk":45,"stl":63,"drb":56,"pss":56,"reb":44,"pot":57}],"skills":[]},{"tid":-2,"name":"David Harrison","pos":"C","hgt":84,"weight":280,"imgURL":"http://static.foxsports.com/fe/images/NBA/Headshots/140x170/3846.jpg","born":{"year":1982,"loc":"Nashville, TN"},"contract":{"amount":"","exp":""},"draft":{"round":"","pick":"","team":"","orig. team":"","year":"","loc":""},"ratings":[{"hgt":92,"stre":67,"spd":44,"jmp":57,"endu":65,"ins":62,"dnk":65,"ft":67,"fg":54,"tp":0,"blk":65,"stl":45,"drb":24,"pss":43,"reb":75,"pot":59}],"skills":[]},{"tid":-2,"name":"Anderson Varejao","pos":"FC","hgt":82,"weight":230,"imgURL":"http://a.espncdn.com/combiner/i?img=/i/headshots/nba/players/full/2419.png&w=350&h=254","born":{"year":1982,"loc":"Santa Teresa, Brazil"},"contract":{"amount":"","exp":""},"draft":{"round":"","pick":"","team":"","orig. team":"","year":"","loc":""},"ratings":[{"hgt":88,"stre":74,"spd":37,"jmp":70,"endu":44,"ins":66,"dnk":63,"ft":56,"fg":54,"tp":0,"blk":62,"stl":54,"drb":34,"pss":44,"reb":83,"pot":65}],"skills":[]},{"tid":-2,"name":"Jackson Vroman","pos":"FC","hgt":82,"weight":220,"imgURL":"http://i.cdn.turner.com/nba/nba/teamsites/images/legacy/suns/vroman_portrait_200.jpg","born":{"year":1981,"loc":"Laguna, CA"},"contract":{"amount":"","exp":""},"draft":{"round":"","pick":"","team":"","orig. team":"","year":"","loc":""},"ratings":[{"hgt":79,"stre":65,"spd":43,"jmp":65,"endu":51,"ins":64,"dnk":66,"ft":61,"fg":32,"tp":0,"blk":67,"stl":56,"drb":33,"pss":54,"reb":70,"pot":53}],"skills":[]},{"tid":-2,"name":"Peter John Ramos","pos":"C","hgt":87,"weight":275,"imgURL":"http://www.nba.com/media/dleague/ramos_140_051115.jpg","born":{"year":1985,"loc":"Fajardo, Puerto Rico"},"contract":{"amount":"","exp":""},"draft":{"round":"","pick":"","team":"","orig. team":"","year":"","loc":""},"ratings":[{"hgt":96,"stre":63,"spd":36,"jmp":26,"endu":34,"ins":55,"dnk":57,"ft":54,"fg":43,"tp":0,"blk":75,"stl":44,"drb":16,"pss":34,"reb":67,"pot":53}],"skills":[]},{"tid":-2,"name":"Lionel Chalmers","pos":"PG","hgt":72,"weight":180,"imgURL":"http://i.cdn.turner.com/nba/nba/teamsites/images/legacy/hawks/chalmers_100506_170.jpg","born":{"year":1980,"loc":"Albany, NY"},"contract":{"amount":"","exp":""},"draft":{"round":"","pick":"","team":"","orig. team":"","year":"","loc":""},"ratings":[{"hgt":7,"stre":46,"spd":67,"jmp":64,"endu":55,"ins":43,"dnk":32,"ft":65,"fg":68,"tp":56,"blk":34,"stl":65,"drb":56,"pss":55,"reb":54,"pot":56}],"skills":[]},{"tid":-2,"name":"Donta Smith","pos":"SG","hgt":79,"weight":215,"imgURL":"http://engineering.missouri.edu/wp-content/uploads/UnknownMan-e1388503455324.jpg","born":{"year":1983,"loc":"Louisville, KY"},"contract":{"amount":"","exp":""},"draft":{"round":"","pick":"","team":"","orig. team":"","year":"","loc":""},"ratings":[{"hgt":32,"stre":43,"spd":74,"jmp":64,"endu":45,"ins":32,"dnk":43,"ft":54,"fg":65,"tp":54,"blk":37,"stl":56,"drb":58,"pss":54,"reb":43,"pot":56}],"skills":[]},{"tid":-2,"name":"Andre Emmett","pos":"GF","hgt":77,"weight":230,"imgURL":"http://a.espncdn.com/combiner/i?img=/i/headshots/nba/players/full/2431.png&w=350&h=254","born":{"year":1982,"loc":"Dallas, TX"},"contract":{"amount":"","exp":""},"draft":{"round":"","pick":"","team":"","orig. team":"","year":"","loc":""},"ratings":[{"hgt":42,"stre":47,"spd":65,"jmp":65,"endu":65,"ins":45,"dnk":47,"ft":65,"fg":54,"tp":16,"blk":43,"stl":64,"drb":67,"pss":64,"reb":54,"pot":57}],"skills":[]},{"tid":-2,"name":"Antonio Burks","pos":"PG","hgt":73,"weight":200,"imgURL":"https://truestarmag.files.wordpress.com/2009/07/antonio_burks_pic.jpg?w=584","born":{"year":1980,"loc":"Memphis, TN"},"contract":{"amount":"","exp":""},"draft":{"round":"","pick":"","team":"","orig. team":"","year":"","loc":""},"ratings":[{"hgt":14,"stre":52,"spd":65,"jmp":65,"endu":56,"ins":24,"dnk":43,"ft":65,"fg":45,"tp":32,"blk":15,"stl":65,"drb":73,"pss":66,"reb":34,"pot":56}],"skills":[]},{"tid":-2,"name":"Royal Ivey","pos":"G","hgt":75,"weight":200,"imgURL":"http://a.espncdn.com/combiner/i?img=/i/headshots/nba/players/full/2387.png&w=350&h=254","born":{"year":1981,"loc":"Harlem, NY"},"contract":{"amount":"","exp":""},"draft":{"round":"","pick":"","team":"","orig. team":"","year":"","loc":""},"ratings":[{"hgt":29,"stre":43,"spd":54,"jmp":65,"endu":65,"ins":54,"dnk":47,"ft":54,"fg":65,"tp":34,"blk":54,"stl":45,"drb":65,"pss":66,"reb":54,"pot":56}],"skills":[]},{"tid":-2,"name":"Chris Duhon","pos":"PG","hgt":73,"weight":185,"imgURL":"http://a.espncdn.com/combiner/i?img=/i/headshots/nba/players/full/2377.png&w=350&h=254","born":{"year":1982,"loc":"Mamou, LA"},"contract":{"amount":"","exp":""},"draft":{"round":"","pick":"","team":"","orig. team":"","year":"","loc":""},"ratings":[{"hgt":14,"stre":43,"spd":64,"jmp":67,"endu":65,"ins":64,"dnk":54,"ft":65,"fg":67,"tp":63,"blk":43,"stl":54,"drb":56,"pss":65,"reb":54,"pot":56}],"skills":[]},{"tid":-2,"name":"Albert Miralles","pos":"C","hgt":82,"weight":238,"imgURL":"http://basketball.realgm.com/images/nba/4.2/profiles/photos/2006/Miralles_Albert_bos.jpg","born":{"year":1982,"loc":"Badalona, Spain"},"contract":{"amount":"","exp":""},"draft":{"round":"","pick":"","team":"","orig. team":"","year":"","loc":""},"ratings":[{"hgt":79,"stre":63,"spd":36,"jmp":56,"endu":44,"ins":65,"dnk":63,"ft":54,"fg":43,"tp":25,"blk":55,"stl":64,"drb":36,"pss":44,"reb":60,"pot":56}],"skills":[]},{"tid":-2,"name":"Justin Reed","pos":"PF","hgt":80,"weight":240,"imgURL":"http://a.espncdn.com/i/headshots/nba/players/65/2404.jpg","born":{"year":1982,"loc":"Jackson, MS"},"contract":{"amount":"","exp":""},"draft":{"round":"","pick":"","team":"","orig. team":"","year":"","loc":""},"ratings":[{"hgt":65,"stre":68,"spd":32,"jmp":43,"endu":36,"ins":65,"dnk":65,"ft":54,"fg":32,"tp":12,"blk":43,"stl":34,"drb":43,"pss":45,"reb":54,"pot":48}],"skills":[]},{"tid":-2,"name":"David Young","pos":"G","hgt":77,"weight":205,"imgURL":"http://www.eurobasket.com/photos/Young_David.jpg","born":{"year":1981,"loc":"New Castle, PA"},"contract":{"amount":"","exp":""},"draft":{"round":"","pick":"","team":"","orig. team":"","year":"","loc":""},"ratings":[{"hgt":43,"stre":54,"spd":54,"jmp":56,"endu":45,"ins":43,"dnk":54,"ft":65,"fg":34,"tp":54,"blk":43,"stl":54,"drb":55,"pss":58,"reb":43,"pot":47}],"skills":[]},{"tid":-2,"name":"Viktor Sanikidze","pos":"F","hgt":79,"weight":194,"imgURL":"http://www.basketzaragoza.net/sites/default/files/basketzaragoza/jugadores/jugadors1314/Sanikidze_carnet.jpg","born":{"year":1986,"loc":"Tbilisi, Georgia"},"contract":{"amount":"","exp":""},"draft":{"round":"","pick":"","team":"","orig. team":"","year":"","loc":""},"ratings":[{"hgt":58,"stre":46,"spd":55,"jmp":56,"endu":44,"ins":55,"dnk":57,"ft":74,"fg":63,"tp":44,"blk":55,"stl":54,"drb":46,"pss":54,"reb":62,"pot":57}],"skills":[]},{"tid":-2,"name":"Trevor Ariza","pos":"GF","hgt":80,"weight":200,"imgURL":"http://a.espncdn.com/combiner/i?img=/i/headshots/nba/players/full/2426.png&w=350&h=254","born":{"year":1985,"loc":"Miami, FL"},"contract":{"amount":"","exp":""},"draft":{"round":"","pick":"","team":"","orig. team":"","year":"","loc":""},"ratings":[{"hgt":66,"stre":47,"spd":72,"jmp":74,"endu":55,"ins":33,"dnk":57,"ft":65,"fg":65,"tp":56,"blk":43,"stl":65,"drb":50,"pss":77,"reb":54,"pot":60}],"skills":[]},{"tid":-2,"name":"Tim Pickett","pos":"G","hgt":76,"weight":207,"imgURL":"http://www.interperformances.com/basket/admin/players/thumbs/722_Tim%20viso.jpg","born":{"year":1981,"loc":"Daytona Beach, FL"},"contract":{"amount":"","exp":""},"draft":{"round":"","pick":"","team":"","orig. team":"","year":"","loc":""},"ratings":[{"hgt":36,"stre":54,"spd":54,"jmp":56,"endu":45,"ins":43,"dnk":54,"ft":65,"fg":34,"tp":54,"blk":43,"stl":54,"drb":55,"pss":58,"reb":43,"pot":50}],"skills":[]},{"tid":-2,"name":"Bernard Robinson","pos":"GF","hgt":78,"weight":210,"imgURL":"http://a.espncdn.com/i/headshots/nba/players/65/2442.jpg","born":{"year":1980,"loc":"Washington, DC"},"contract":{"amount":"","exp":""},"draft":{"round":"","pick":"","team":"","orig. team":"","year":"","loc":""},"ratings":[{"hgt":50,"stre":47,"spd":65,"jmp":67,"endu":46,"ins":54,"dnk":56,"ft":63,"fg":54,"tp":34,"blk":43,"stl":56,"drb":44,"pss":54,"reb":44,"pot":55}],"skills":[]},{"tid":-2,"name":"Ha Seung-Jin","pos":"C","hgt":87,"weight":305,"imgURL":"http://a.espncdn.com/i/headshots/nba/players/65/2408.jpg","born":{"year":1985,"loc":"South Korea"},"contract":{"amount":"","exp":""},"draft":{"round":"","pick":"","team":"","orig. team":"","year":"","loc":""},"ratings":[{"hgt":87,"stre":43,"spd":12,"jmp":64,"endu":43,"ins":66,"dnk":58,"ft":54,"fg":33,"tp":0,"blk":78,"stl":43,"drb":32,"pss":34,"reb":72,"pot":52}],"skills":[]},{"tid":-2,"name":"Pape Sow","pos":"C","hgt":82,"weight":250,"imgURL":"http://a.espncdn.com/i/headshots/nba/players/65/2446.jpg","born":{"year":1981,"loc":"Dakar, Senegal"},"contract":{"amount":"","exp":""},"draft":{"round":"","pick":"","team":"","orig. team":"","year":"","loc":""},"ratings":[{"hgt":79,"stre":67,"spd":43,"jmp":45,"endu":43,"ins":34,"dnk":54,"ft":45,"fg":47,"tp":33,"blk":43,"stl":45,"drb":35,"pss":45,"reb":43,"pot":47}],"skills":[]},{"tid":-2,"name":"Ricky Minard","pos":"G","hgt":76,"weight":200,"imgURL":"http://basketball.realgm.com/images/nba/4.2/profiles/photos/2006/Minard_Ricky_euro.jpg","born":{"year":1982,"loc":"Mansfield, OH"},"contract":{"amount":"","exp":""},"draft":{"round":"","pick":"","team":"","orig. team":"","year":"","loc":""},"ratings":[{"hgt":36,"stre":54,"spd":54,"jmp":56,"endu":45,"ins":43,"dnk":54,"ft":65,"fg":34,"tp":54,"blk":43,"stl":54,"drb":55,"pss":58,"reb":43,"pot":50}],"skills":[]},{"tid":-2,"name":"Sergei Lishouk","pos":"FC","hgt":83,"weight":250,"imgURL":"http://www.nba.com/media/mediacentralns/2004Draft_Lishouk_Sergei.jpg","born":{"year":1982,"loc":"Rivne, Ukraine"},"contract":{"amount":"","exp":""},"draft":{"round":"","pick":"","team":"","orig. team":"","year":"","loc":""},"ratings":[{"hgt":86,"stre":63,"spd":36,"jmp":56,"endu":54,"ins":55,"dnk":57,"ft":54,"fg":43,"tp":25,"blk":65,"stl":44,"drb":34,"pss":34,"reb":62,"pot":55}],"skills":[]},{"tid":-2,"name":"Vassilis Spanoulis","pos":"SG","hgt":76,"weight":195,"imgURL":"http://a.espncdn.com/i/headshots/nba/players/65/2447.jpg","born":{"year":1982,"loc":"Larissa, Greece"},"contract":{"amount":"","exp":""},"draft":{"round":"","pick":"","team":"","orig. team":"","year":"","loc":""},"ratings":[{"hgt":43,"stre":45,"spd":52,"jmp":45,"endu":44,"ins":45,"dnk":56,"ft":58,"fg":42,"tp":42,"blk":49,"stl":53,"drb":35,"pss":32,"reb":32,"pot":49}],"skills":[]},{"tid":-2,"name":"Christian Drejer","pos":"F","hgt":81,"weight":225,"imgURL":"http://www.gatorzone.com/basketball/men/images/bioimg2002/drejer.jpg","born":{"year":1982,"loc":"Denmark"},"contract":{"amount":"","exp":""},"draft":{"round":"","pick":"","team":"","orig. team":"","year":"","loc":""},"ratings":[{"hgt":75,"stre":32,"spd":57,"jmp":56,"endu":54,"ins":24,"dnk":57,"ft":72,"fg":43,"tp":31,"blk":75,"stl":54,"drb":44,"pss":64,"reb":58,"pot":53}],"skills":[]},{"tid":-2,"name":"Romain Sato","pos":"SG","hgt":77,"weight":205,"imgURL":"http://cdn.fenerbahce.org/pic_lib/2013-01-30_romainsato.jpg","born":{"year":1981,"loc":"Bimbo, Central African Republic"},"contract":{"amount":"","exp":""},"draft":{"round":"","pick":"","team":"","orig. team":"","year":"","loc":""},"ratings":[{"hgt":43,"stre":55,"spd":56,"jmp":45,"endu":54,"ins":45,"dnk":56,"ft":58,"fg":54,"tp":42,"blk":49,"stl":53,"drb":35,"pss":32,"reb":32,"pot":49}],"skills":[]},{"tid":-2,"name":"Matt Freije","pos":"PF","hgt":82,"weight":240,"imgURL":"http://a.espncdn.com/i/headshots/nba/players/65/2380.jpg","born":{"year":1981,"loc":"Overland Park, KS"},"contract":{"amount":"","exp":""},"draft":{"round":"","pick":"","team":"","orig. team":"","year":"","loc":""},"ratings":[{"hgt":78,"stre":52,"spd":52,"jmp":49,"endu":46,"ins":30,"dnk":47,"ft":75,"fg":59,"tp":47,"blk":25,"stl":64,"drb":46,"pss":55,"reb":55,"pot":52}],"skills":[]},{"tid":-2,"name":"Rickey Paulding","pos":"GF","hgt":77,"weight":218,"imgURL":"http://statistik.beko-bbl.de/images/players/2011/png/8123.png","born":{"year":1982,"loc":"Detroit, MI"},"contract":{"amount":"","exp":""},"draft":{"round":"","pick":"","team":"","orig. team":"","year":"","loc":""},"ratings":[{"hgt":43,"stre":33,"spd":56,"jmp":56,"endu":54,"ins":65,"dnk":67,"ft":54,"fg":43,"tp":25,"blk":75,"stl":54,"drb":56,"pss":54,"reb":41,"pot":51}],"skills":[]},{"tid":-2,"name":"Luis Flores","pos":"PG","hgt":74,"weight":200,"imgURL":"http://a.espncdn.com/i/headshots/nba/players/65/2432.jpg","born":{"year":1981,"loc":"San Pedro de Macoris, Dominican Republic"},"contract":{"amount":"","exp":""},"draft":{"round":"","pick":"","team":"","orig. team":"","year":"","loc":""},"ratings":[{"hgt":22,"stre":24,"spd":54,"jmp":56,"endu":45,"ins":43,"dnk":54,"ft":65,"fg":34,"tp":54,"blk":43,"stl":54,"drb":66,"pss":58,"reb":43,"pot":50}],"skills":[]},{"tid":-2,"name":"Marcus Douthit","pos":"FC","hgt":83,"weight":234,"imgURL":"http://www.thedraftreview.com/history/drafted2004/images/marcus-douthit.jpg","born":{"year":1980,"loc":"Syracuse, NY"},"contract":{"amount":"","exp":""},"draft":{"round":"","pick":"","team":"","orig. team":"","year":"","loc":""},"ratings":[{"hgt":85,"stre":67,"spd":56,"jmp":65,"endu":44,"ins":52,"dnk":62,"ft":67,"fg":35,"tp":0,"blk":63,"stl":54,"drb":33,"pss":34,"reb":62,"pot":52}],"skills":[]},{"tid":-2,"name":"Sergei Karaulov","pos":"C","hgt":82,"weight":254,"imgURL":"http://basketball.realgm.com/images/nba/4.2/profiles/photos/2006/Karaulov_Sergei_san.jpg","born":{"year":1982,"loc":"Guliston, Uzbekistan"},"contract":{"amount":"","exp":""},"draft":{"round":"","pick":"","team":"","orig. team":"","year":"","loc":""},"ratings":[{"hgt":78,"stre":43,"spd":36,"jmp":56,"endu":24,"ins":45,"dnk":47,"ft":54,"fg":33,"tp":0,"blk":65,"stl":54,"drb":26,"pss":44,"reb":67,"pot":56}],"skills":[]},{"tid":-2,"name":"Blake Stepp","pos":"G","hgt":76,"weight":192,"imgURL":"http://www.nba.com/media/mediacentralns/2004Draft_Stepp_Blake.jpg","born":{"year":1982,"loc":"Eugene, OR"},"contract":{"amount":"","exp":""},"draft":{"round":"","pick":"","team":"","orig. team":"","year":"","loc":""},"ratings":[{"hgt":35,"stre":24,"spd":54,"jmp":56,"endu":45,"ins":43,"dnk":54,"ft":65,"fg":34,"tp":54,"blk":43,"stl":54,"drb":55,"pss":58,"reb":43,"pot":50}],"skills":[]},{"tid":-2,"name":"Rashad Wright","pos":"SG","hgt":74,"weight":190,"imgURL":"http://basketball.realgm.com/images/nba/4.2/profiles/photos/2006/Wright_Rashad_atl.jpg","born":{"year":1982,"loc":"Statesboro, GA"},"contract":{"amount":"","exp":""},"draft":{"round":"","pick":"","team":"","orig. team":"","year":"","loc":""},"ratings":[{"hgt":21,"stre":44,"spd":54,"jmp":56,"endu":45,"ins":43,"dnk":54,"ft":65,"fg":34,"tp":54,"blk":43,"stl":54,"drb":55,"pss":58,"reb":43,"pot":53}],"skills":[]},{"tid":-2,"name":"Damien Wilkins","pos":"GF","hgt":78,"weight":225,"imgURL":"http://basketball.realgm.com/images/nba/4.2/profiles/photos/2006/Wilkins_Damien_PHI.jpg","born":{"year":1980,"loc":"Washington, NC"},"contract":{"amount":"","exp":""},"draft":{"round":"","pick":"","team":"","orig. team":"","year":"","loc":""},"ratings":[{"hgt":50,"stre":46,"spd":64,"jmp":63,"endu":45,"ins":43,"dnk":54,"ft":65,"fg":34,"tp":54,"blk":43,"stl":54,"drb":55,"pss":58,"reb":43,"pot":54}],"skills":[]},{"tid":-2,"name":"Hamed Haddadi","pos":"C","hgt":86,"weight":265,"imgURL":"http://basketball.realgm.com/images/nba/4.2/profiles/photos/2006/Haddadi_Hamed_mem.jpg","born":{"year":1985,"loc":"Ahvaz, Iran"},"contract":{"amount":"","exp":""},"draft":{"round":"","pick":"","team":"","orig. team":"","year":"","loc":""},"ratings":[{"hgt":96,"stre":75,"spd":20,"jmp":33,"endu":42,"ins":60,"dnk":53,"ft":64,"fg":52,"tp":0,"blk":88,"stl":44,"drb":24,"pss":29,"reb":76,"pot":55}],"skills":[]},{"tid":-2,"name":"Andre Brown","pos":"PF","hgt":81,"weight":245,"imgURL":"http://basketball.realgm.com/images/nba/4.2/profiles/photos/2006/Brown_Andre_nba.jpg","born":{"year":1981,"loc":"Chicago, IL"},"contract":{"amount":"","exp":""},"draft":{"round":"","pick":"","team":"","orig. team":"","year":"","loc":""},"ratings":[{"hgt":72,"stre":63,"spd":36,"jmp":56,"endu":54,"ins":65,"dnk":67,"ft":54,"fg":43,"tp":25,"blk":75,"stl":54,"drb":56,"pss":54,"reb":67,"pot":56}],"skills":[]},{"tid":-2,"name":"Andre Barrett","pos":"PG","hgt":70,"weight":173,"imgURL":"http://basketball.realgm.com/images/nba/4.2/profiles/photos/2006/Barrett_Andre_mem_1314.jpg","born":{"year":1982,"loc":"Bronx, NY"},"contract":{"amount":"","exp":""},"draft":{"round":"","pick":"","team":"","orig. team":"","year":"","loc":""},"ratings":[{"hgt":2,"stre":40,"spd":74,"jmp":56,"endu":45,"ins":43,"dnk":54,"ft":65,"fg":34,"tp":54,"blk":43,"stl":54,"drb":55,"pss":58,"reb":43,"pot":50}],"skills":[]},{"tid":-2,"name":"Jackie Butler","pos":"C","hgt":82,"weight":250,"imgURL":"http://basketball.realgm.com/images/nba/4.2/profiles/photos/2006/Butler_Jackie_hou.jpg","born":{"year":1985,"loc":"McComb, MS"},"contract":{"amount":"","exp":""},"draft":{"round":"","pick":"","team":"","orig. team":"","year":"","loc":""},"ratings":[{"hgt":79,"stre":72,"spd":36,"jmp":46,"endu":44,"ins":65,"dnk":57,"ft":54,"fg":33,"tp":0,"blk":70,"stl":54,"drb":28,"pss":44,"reb":67,"pot":56}],"skills":[]},{"tid":-2,"name":"Desmon Farmer","pos":"SG","hgt":77,"weight":220,"imgURL":"http://basketball.realgm.com/images/nba/4.2/profiles/photos/2006/Farmer_Desmon_san.jpg","born":{"year":1981,"loc":"Flint, MI"},"contract":{"amount":"","exp":""},"draft":{"round":"","pick":"","team":"","orig. team":"","year":"","loc":""},"ratings":[{"hgt":43,"stre":36,"spd":63,"jmp":56,"endu":54,"ins":65,"dnk":67,"ft":54,"fg":43,"tp":25,"blk":55,"stl":54,"drb":56,"pss":54,"reb":37,"pot":55}],"skills":[]},{"tid":-2,"name":"Jared Reiner","pos":"C","hgt":83,"weight":255,"imgURL":"http://basketball.realgm.com/images/nba/4.2/profiles/photos/2006/Reiner_Jared_phx.jpg","born":{"year":1982,"loc":"Tripp, SD"},"contract":{"amount":"","exp":""},"draft":{"round":"","pick":"","team":"","orig. team":"","year":"","loc":""},"ratings":[{"hgt":86,"stre":63,"spd":36,"jmp":36,"endu":44,"ins":65,"dnk":61,"ft":54,"fg":33,"tp":0,"blk":75,"stl":54,"drb":16,"pss":24,"reb":67,"pot":49}],"skills":[]},{"tid":-2,"name":"John Edwards","pos":"C","hgt":84,"weight":275,"imgURL":"http://basketball.realgm.com/images/nba/4.2/profiles/photos/2006/Edwards_John_ind.jpg","born":{"year":1981,"loc":"Warren, OH"},"contract":{"amount":"","exp":""},"draft":{"round":"","pick":"","team":"","orig. team":"","year":"","loc":""},"ratings":[{"hgt":93,"stre":63,"spd":32,"jmp":26,"endu":44,"ins":55,"dnk":57,"ft":54,"fg":33,"tp":0,"blk":65,"stl":44,"drb":16,"pss":44,"reb":67,"pot":50}],"skills":[]},{"tid":-2,"name":"Pero Antic","pos":"C","hgt":83,"weight":260,"imgURL":"http://basketball.realgm.com/images/nba/4.2/profiles/photos/2006/Antic_Pero_atl14.jpg","born":{"year":1982,"loc":"Skopje, Macedonia"},"contract":{"amount":"","exp":""},"draft":{"round":"","pick":"","team":"","orig. team":"","year":"","loc":""},"ratings":[{"hgt":86,"stre":73,"spd":36,"jmp":42,"endu":42,"ins":60,"dnk":58,"ft":65,"fg":21,"tp":58,"blk":45,"stl":54,"drb":26,"pss":50,"reb":76,"pot":56}],"skills":[]},{"tid":-2,"name":"Gerald Fitch","pos":"G","hgt":75,"weight":188,"imgURL":"http://www.acb.com/fotos_cara/jugadores/JBHGLACB56.jpg","born":{"year":1982,"loc":"Columbus, GA"},"contract":{"amount":"","exp":""},"draft":{"round":"","pick":"","team":"","orig. team":"","year":"","loc":""},"ratings":[{"hgt":29,"stre":34,"spd":59,"jmp":56,"endu":45,"ins":33,"dnk":54,"ft":65,"fg":34,"tp":54,"blk":43,"stl":54,"drb":55,"pss":58,"reb":43,"pot":47}],"skills":[]},{"tid":-2,"name":"Josh Moore","pos":"C","hgt":86,"weight":317,"imgURL":"http://cdn.hoopshype.com/i/87/2c/21/josh_moore.jpg","born":{"year":1980,"loc":"Newark, NJ"},"contract":{"amount":"","exp":""},"draft":{"round":"","pick":"","team":"","orig. team":"","year":"","loc":""},"ratings":[{"hgt":95,"stre":89,"spd":36,"jmp":36,"endu":24,"ins":65,"dnk":67,"ft":54,"fg":43,"tp":0,"blk":75,"stl":54,"drb":26,"pss":34,"reb":67,"pot":52}],"skills":[]}
]
}