{"startingSeason":2002,"players":[{"tid":-2,"name":"Yao Ming","pos":"C","hgt":90,"weight":310,"imgURL":"http://media.tumblr.com/tumblr_lkwlys7Ls41qh4jcw.png","born":{"year":1980,"loc":"Shanghai, China"},"draft":{"round":"","pick":"","team":"","orig. team":"","year":"","loc":""},"ratings":[{"hgt":100,"stre":78,"spd":54,"jmp":84,"endu":84,"ins":100,"dnk":100,"ft":86,"fg":54,"tp":0,"blk":83,"stl":54,"drb":48,"pss":63,"reb":78,"pot":84}],"skills":[]},{"tid":-2,"name":"Jay Williams","pos":"PG","hgt":74,"weight":195,"imgURL":"http://pic.pimg.tw/polo26520/1358569305-4206823473.jpg","born":{"year":1981,"loc":"Plainfield, NJ"},"draft":{"round":"","pick":"","team":"","orig. team":"","year":"","loc":""},"ratings":[{"hgt":21,"stre":47,"spd":83,"jmp":75,"endu":65,"ins":45,"dnk":74,"ft":76,"fg":75,"tp":63,"blk":43,"stl":45,"drb":75,"pss":74,"reb":54,"pot":66}],"skills":[]},{"tid":-2,"name":"Mike Dunleavy","pos":"GF","hgt":81,"weight":220,"imgURL":"http://a.espncdn.com/i/headshots/nba/players/full/1708.png","born":{"year":1980,"loc":"Fort Worth, TX"},"draft":{"round":"","pick":"","team":"","orig. team":"","year":"","loc":""},"ratings":[{"hgt":71,"stre":54,"spd":64,"jmp":67,"endu":54,"ins":45,"dnk":54,"ft":65,"fg":65,"tp":63,"blk":45,"stl":54,"drb":56,"pss":56,"reb":43,"pot":62}],"skills":[]},{"tid":-2,"name":"Drew Gooden","pos":"FC","hgt":82,"weight":230,"imgURL":"http://a.espncdn.com/i/headshots/nba/players/full/1711.png","born":{"year":1981,"loc":"Oakland, CA"},"draft":{"round":"","pick":"","team":"","orig. team":"","year":"","loc":""},"ratings":[{"hgt":85,"stre":84,"spd":54,"jmp":67,"endu":64,"ins":67,"dnk":65,"ft":74,"fg":64,"tp":24,"blk":74,"stl":54,"drb":56,"pss":45,"reb":78,"pot":61}],"skills":[]},{"tid":-2,"name":"Nikoloz Tskitishvili","pos":"PF","hgt":84,"weight":225,"imgURL":"http://a.espncdn.com/i/headshots/nba/players/65/1728.jpg","born":{"year":1983,"loc":"Tbilisi, Georgia"},"draft":{"round":"","pick":"","team":"","orig. team":"","year":"","loc":""},"ratings":[{"hgt":90,"stre":33,"spd":56,"jmp":56,"endu":34,"ins":62,"dnk":57,"ft":64,"fg":54,"tp":32,"blk":55,"stl":54,"drb":45,"pss":45,"reb":35,"pot":65}],"skills":[]},{"tid":-2,"name":"Dajuan Wagner","pos":"SG","hgt":74,"weight":200,"imgURL":"http://a.espncdn.com/i/headshots/nba/players/65/1729.jpg","born":{"year":1983,"loc":"Camden, NJ"},"draft":{"round":"","pick":"","team":"","orig. team":"","year":"","loc":""},"ratings":[{"hgt":22,"stre":33,"spd":67,"jmp":64,"endu":65,"ins":43,"dnk":54,"ft":65,"fg":65,"tp":54,"blk":45,"stl":54,"drb":65,"pss":45,"reb":54,"pot":58}],"skills":[]},{"tid":-2,"name":"Nene Hilario","pos":"FC","hgt":83,"weight":260,"imgURL":"http://a.espncdn.com/combiner/i?img=/i/headshots/nba/players/full/1713.png&w=350&h=254","born":{"year":1982,"loc":"Sao Carlos, Brazil"},"draft":{"round":"","pick":"","team":"","orig. team":"","year":"","loc":""},"ratings":[{"hgt":85,"stre":78,"spd":45,"jmp":67,"endu":64,"ins":65,"dnk":63,"ft":67,"fg":65,"tp":0,"blk":66,"stl":65,"drb":24,"pss":36,"reb":78,"pot":63}],"skills":[]},{"tid":-2,"name":"Chris Wilcox","pos":"FC","hgt":82,"weight":221,"imgURL":"http://a.espncdn.com/i/headshots/nba/players/full/1731.png","born":{"year":1982,"loc":"Raleigh, NC"},"draft":{"round":"","pick":"","team":"","orig. team":"","year":"","loc":""},"ratings":[{"hgt":78,"stre":73,"spd":54,"jmp":56,"endu":67,"ins":54,"dnk":65,"ft":54,"fg":34,"tp":43,"blk":76,"stl":54,"drb":55,"pss":54,"reb":76,"pot":60}],"skills":[]},{"tid":-2,"name":"Amar'e Stoudemire","pos":"FC","hgt":82,"weight":245,"imgURL":"http://a.espncdn.com/combiner/i?img=/i/headshots/nba/players/full/1727.png&w=350&h=254","born":{"year":1982,"loc":"Lake Wales, FL"},"draft":{"round":"","pick":"","team":"","orig. team":"","year":"","loc":""},"ratings":[{"hgt":84,"stre":71,"spd":54,"jmp":76,"endu":76,"ins":67,"dnk":64,"ft":65,"fg":45,"tp":12,"blk":67,"stl":54,"drb":33,"pss":64,"reb":84,"pot":71}],"skills":[]},{"tid":-2,"name":"Caron Butler","pos":"GF","hgt":79,"weight":228,"imgURL":"http://a.espncdn.com/i/headshots/nba/players/full/1705.png","born":{"year":1980,"loc":"Racine, WI"},"draft":{"round":"","pick":"","team":"","orig. team":"","year":"","loc":""},"ratings":[{"hgt":58,"stre":59,"spd":65,"jmp":77,"endu":65,"ins":43,"dnk":66,"ft":86,"fg":64,"tp":65,"blk":43,"stl":78,"drb":57,"pss":65,"reb":76,"pot":67}],"skills":[]},{"tid":-2,"name":"Jared Jeffries","pos":"F","hgt":83,"weight":230,"imgURL":"http://a.espncdn.com/i/headshots/nba/players/full/1717.png","born":{"year":1981,"loc":"Bloomington, IN"},"draft":{"round":"","pick":"","team":"","orig. team":"","year":"","loc":""},"ratings":[{"hgt":85,"stre":54,"spd":54,"jmp":65,"endu":57,"ins":54,"dnk":57,"ft":58,"fg":43,"tp":22,"blk":56,"stl":54,"drb":35,"pss":48,"reb":68,"pot":58}],"skills":[]},{"tid":-2,"name":"Melvin Ely","pos":"FC","hgt":82,"weight":260,"imgURL":"http://a.espncdn.com/i/headshots/nba/players/full/1709.png","born":{"year":1978,"loc":"Harvey, IL"},"draft":{"round":"","pick":"","team":"","orig. team":"","year":"","loc":""},"ratings":[{"hgt":84,"stre":74,"spd":54,"jmp":76,"endu":54,"ins":75,"dnk":65,"ft":65,"fg":36,"tp":21,"blk":65,"stl":43,"drb":44,"pss":45,"reb":76,"pot":57}],"skills":[]},{"tid":-2,"name":"Marcus Haislip","pos":"PF","hgt":82,"weight":230,"imgURL":"http://a.espncdn.com/i/headshots/nba/players/65/1712.jpg","born":{"year":1980,"loc":"Lewisburg, TN"},"draft":{"round":"","pick":"","team":"","orig. team":"","year":"","loc":""},"ratings":[{"hgt":65,"stre":54,"spd":45,"jmp":62,"endu":65,"ins":76,"dnk":74,"ft":54,"fg":54,"tp":32,"blk":74,"stl":54,"drb":55,"pss":53,"reb":83,"pot":58}],"skills":[]},{"tid":-2,"name":"Fred Jones","pos":"GF","hgt":76,"weight":210,"imgURL":"http://i.cdn.turner.com/si/.e1d/img/4.0/global/basketball/nba/players/3612.jpg","born":{"year":1979,"loc":"Malvern, AR"},"draft":{"round":"","pick":"","team":"","orig. team":"","year":"","loc":""},"ratings":[{"hgt":35,"stre":42,"spd":63,"jmp":85,"endu":57,"ins":34,"dnk":83,"ft":78,"fg":65,"tp":58,"blk":43,"stl":56,"drb":63,"pss":65,"reb":34,"pot":57}],"skills":[]},{"tid":-2,"name":"Bostjan Nachbar","pos":"SF","hgt":81,"weight":221,"imgURL":"http://statistik.beko-bbl.de/images/players/2012/png/26201.png","born":{"year":1980,"loc":"Slovenj Gradec, Slovenia"},"draft":{"round":"","pick":"","team":"","orig. team":"","year":"","loc":""},"ratings":[{"hgt":71,"stre":46,"spd":56,"jmp":63,"endu":54,"ins":43,"dnk":52,"ft":75,"fg":63,"tp":57,"blk":55,"stl":55,"drb":47,"pss":44,"reb":46,"pot":58}],"skills":[]},{"tid":-2,"name":"Jiri Welsch","pos":"GF","hgt":79,"weight":208,"imgURL":"http://a.espncdn.com/i/headshots/nba/players/65/1730.jpg","born":{"year":1980,"loc":"Pardubice, Czech Republic"},"draft":{"round":"","pick":"","team":"","orig. team":"","year":"","loc":""},"ratings":[{"hgt":55,"stre":46,"spd":64,"jmp":67,"endu":63,"ins":45,"dnk":43,"ft":74,"fg":64,"tp":54,"blk":32,"stl":45,"drb":54,"pss":56,"reb":36,"pot":56}],"skills":[]},{"tid":-2,"name":"Juan Dixon","pos":"G","hgt":75,"weight":164,"imgURL":"http://a.espncdn.com/i/headshots/nba/players/65/1707.jpg","born":{"year":1978,"loc":"Baltimore, MD"},"draft":{"round":"","pick":"","team":"","orig. team":"","year":"","loc":""},"ratings":[{"hgt":29,"stre":47,"spd":84,"jmp":70,"endu":57,"ins":35,"dnk":64,"ft":74,"fg":54,"tp":64,"blk":43,"stl":64,"drb":70,"pss":67,"reb":34,"pot":58}],"skills":[]},{"tid":-2,"name":"Curtis Borchardt","pos":"C","hgt":84,"weight":240,"imgURL":"http://a.espncdn.com/i/headshots/nba/players/65/1704.jpg","born":{"year":1980,"loc":"Buffalo, NY"},"draft":{"round":"","pick":"","team":"","orig. team":"","year":"","loc":""},"ratings":[{"hgt":93,"stre":76,"spd":45,"jmp":57,"endu":55,"ins":75,"dnk":76,"ft":64,"fg":34,"tp":0,"blk":78,"stl":36,"drb":32,"pss":43,"reb":78,"pot":56}],"skills":[]},{"tid":-2,"name":"Ryan Humphrey","pos":"PF","hgt":80,"weight":235,"imgURL":"http://a.espncdn.com/i/headshots/nba/players/65/1714.jpg","born":{"year":1979,"loc":"USA"},"draft":{"round":"","pick":"","team":"","orig. team":"","year":"","loc":""},"ratings":[{"hgt":65,"stre":45,"spd":54,"jmp":65,"endu":45,"ins":33,"dnk":43,"ft":55,"fg":45,"tp":55,"blk":65,"stl":45,"drb":44,"pss":54,"reb":65,"pot":56}],"skills":[]},{"tid":-2,"name":"Kareem Rush","pos":"G","hgt":78,"weight":215,"imgURL":"http://a.espncdn.com/i/headshots/nba/players/65/1725.jpg","born":{"year":1980,"loc":"USA"},"draft":{"round":"","pick":"","team":"","orig. team":"","year":"","loc":""},"ratings":[{"hgt":50,"stre":43,"spd":68,"jmp":70,"endu":44,"ins":54,"dnk":44,"ft":65,"fg":45,"tp":44,"blk":54,"stl":34,"drb":54,"pss":55,"reb":45,"pot":54}],"skills":[]},{"tid":-2,"name":"Qyntel Woods","pos":"SF","hgt":80,"weight":221,"imgURL":"http://a.espncdn.com/i/headshots/nba/players/65/1734.jpg","born":{"year":1981,"loc":"USA"},"draft":{"round":"","pick":"","team":"","orig. team":"","year":"","loc":""},"ratings":[{"hgt":65,"stre":44,"spd":54,"jmp":56,"endu":45,"ins":33,"dnk":54,"ft":65,"fg":76,"tp":66,"blk":56,"stl":45,"drb":34,"pss":33,"reb":54,"pot":56}],"skills":[]},{"tid":-2,"name":"Casey Jacobsen","pos":"GF","hgt":78,"weight":215,"imgURL":"http://statistik.beko-bbl.de/images/players/2012/png/7159.png","born":{"year":1981,"loc":"Glendora, CA"},"draft":{"round":"","pick":"","team":"","orig. team":"","year":"","loc":""},"ratings":[{"hgt":50,"stre":55,"spd":65,"jmp":45,"endu":55,"ins":45,"dnk":34,"ft":77,"fg":65,"tp":55,"blk":65,"stl":44,"drb":54,"pss":65,"reb":66,"pot":56}],"skills":[]},{"tid":-2,"name":"Tayshaun Prince","pos":"SF","hgt":81,"weight":215,"imgURL":"http://a.espncdn.com/i/headshots/nba/players/full/1724.png","born":{"year":1980,"loc":"Compton, CA"},"draft":{"round":"","pick":"","team":"","orig. team":"","year":"","loc":""},"ratings":[{"hgt":77,"stre":57,"spd":66,"jmp":45,"endu":65,"ins":76,"dnk":55,"ft":65,"fg":45,"tp":54,"blk":34,"stl":54,"drb":65,"pss":76,"reb":65,"pot":63}],"skills":[]},{"tid":-2,"name":"Nenad Krstic","pos":"FC","hgt":84,"weight":240,"imgURL":"http://a.espncdn.com/combiner/i?img=/i/headshots/nba/players/full/1719.png","born":{"year":1983,"loc":"Kraljevo, Serbia"},"draft":{"round":"","pick":"","team":"","orig. team":"","year":"","loc":""},"ratings":[{"hgt":92,"stre":67,"spd":56,"jmp":45,"endu":65,"ins":55,"dnk":45,"ft":65,"fg":44,"tp":4,"blk":56,"stl":45,"drb":44,"pss":54,"reb":71,"pot":55}],"skills":[]},{"tid":-2,"name":"Frank Williams","pos":"G","hgt":75,"weight":212,"imgURL":"http://www.thedraftreview.com/history/drafted2002/images/frank-williams.jpg","born":{"year":1980,"loc":"Peoria, IL"},"draft":{"round":"","pick":"","team":"","orig. team":"","year":"","loc":""},"ratings":[{"hgt":29,"stre":34,"spd":43,"jmp":54,"endu":65,"ins":44,"dnk":54,"ft":70,"fg":55,"tp":45,"blk":34,"stl":43,"drb":54,"pss":44,"reb":34,"pot":51}],"skills":[]},{"tid":-2,"name":"John Salmons","pos":"GF","hgt":79,"weight":210,"imgURL":"http://a.espncdn.com/i/headshots/nba/players/full/1726.png","born":{"year":1979,"loc":"Philadelphia, PA"},"draft":{"round":"","pick":"","team":"","orig. team":"","year":"","loc":""},"ratings":[{"hgt":57,"stre":52,"spd":60,"jmp":63,"endu":55,"ins":49,"dnk":60,"ft":82,"fg":54,"tp":65,"blk":55,"stl":54,"drb":52,"pss":44,"reb":58,"pot":60}],"skills":[]},{"tid":-2,"name":"Chris Jefferies","pos":"GF","hgt":80,"weight":225,"imgURL":"http://www.legendsofbasketball.com/wp-content/uploads/2013/03/Chris-Jefferies.jpg","born":{"year":1980,"loc":"Fresno, CA"},"draft":{"round":"","pick":"","team":"","orig. team":"","year":"","loc":""},"ratings":[{"hgt":64,"stre":34,"spd":55,"jmp":45,"endu":45,"ins":45,"dnk":44,"ft":34,"fg":54,"tp":60,"blk":45,"stl":65,"drb":45,"pss":45,"reb":55,"pot":54}],"skills":[]},{"tid":-2,"name":"Dan Dickau","pos":"PG","hgt":72,"weight":190,"imgURL":"http://a.espncdn.com/i/headshots/nba/players/65/1706.jpg","born":{"year":1978,"loc":"USA"},"draft":{"round":"","pick":"","team":"","orig. team":"","year":"","loc":""},"ratings":[{"hgt":8,"stre":35,"spd":65,"jmp":56,"endu":45,"ins":45,"dnk":46,"ft":54,"fg":56,"tp":45,"blk":34,"stl":54,"drb":70,"pss":63,"reb":54,"pot":53}],"skills":[]},{"tid":-2,"name":"Steve Logan","pos":"G","hgt":70,"weight":195,"imgURL":"http://basketball.realgm.com/images/nba/4.2/profiles/photos/2006/Logan_Steve_dal.jpg","born":{"year":1980,"loc":"USA"},"draft":{"round":"","pick":"","team":"","orig. team":"","year":"","loc":""},"ratings":[{"hgt":45,"stre":55,"spd":45,"jmp":66,"endu":45,"ins":45,"dnk":46,"ft":54,"fg":56,"tp":45,"blk":34,"stl":54,"drb":55,"pss":43,"reb":54,"pot":53}],"skills":[]},{"tid":-2,"name":"Roger Mason","pos":"GF","hgt":77,"weight":200,"imgURL":"http://a.espncdn.com/i/headshots/nba/players/full/1721.png","born":{"year":1980,"loc":"USA"},"draft":{"round":"","pick":"","team":"","orig. team":"","year":"","loc":""},"ratings":[{"hgt":54,"stre":65,"spd":44,"jmp":54,"endu":55,"ins":65,"dnk":45,"ft":34,"fg":54,"tp":43,"blk":53,"stl":62,"drb":43,"pss":34,"reb":23,"pot":56}],"skills":[]},{"tid":-2,"name":"Robert Archibald","pos":"FC","hgt":83,"weight":250,"imgURL":"http://www.nba.com/media/draft2002/archibald_head.jpg","born":{"year":1980,"loc":"United Kingdom"},"draft":{"round":"","pick":"","team":"","orig. team":"","year":"","loc":""},"ratings":[{"hgt":85,"stre":65,"spd":45,"jmp":25,"endu":44,"ins":65,"dnk":54,"ft":45,"fg":44,"tp":0,"blk":33,"stl":44,"drb":25,"pss":45,"reb":65,"pot":54}],"skills":[]},{"tid":-2,"name":"Vincent Yarbrough","pos":"SG","hgt":79,"weight":210,"imgURL":"http://t3.gstatic.com/images?q=tbn:ANd9GcSORQtmn9BOkSZIkluYiZjdstvTikVephL8oYDQ6eUBVyLChoPx66LbN45J","born":{"year":1981,"loc":"Cleveland, TN"},"draft":{"round":"","pick":"","team":"","orig. team":"","year":"","loc":""},"ratings":[{"hgt":57,"stre":34,"spd":54,"jmp":54,"endu":65,"ins":45,"dnk":65,"ft":76,"fg":56,"tp":45,"blk":45,"stl":60,"drb":55,"pss":54,"reb":42,"pot":54}],"skills":[]},{"tid":-2,"name":"Dan Gadzuric","pos":"FC","hgt":83,"weight":240,"imgURL":"http://a.espncdn.com/i/headshots/nba/players/full/1710.png","born":{"year":1978,"loc":"Den Haag, Netherlands"},"draft":{"round":"","pick":"","team":"","orig. team":"","year":"","loc":""},"ratings":[{"hgt":85,"stre":65,"spd":34,"jmp":50,"endu":45,"ins":34,"dnk":54,"ft":65,"fg":45,"tp":0,"blk":65,"stl":44,"drb":34,"pss":45,"reb":75,"pot":55}],"skills":[]},{"tid":-2,"name":"Carlos Boozer","pos":"FC","hgt":81,"weight":258,"imgURL":"http://a.espncdn.com/i/headshots/nba/players/full/1703.png","born":{"year":1981,"loc":"Aschaffenburg, Germany"},"draft":{"round":"","pick":"","team":"","orig. team":"","year":"","loc":""},"ratings":[{"hgt":74,"stre":80,"spd":54,"jmp":76,"endu":58,"ins":78,"dnk":83,"ft":67,"fg":64,"tp":0,"blk":45,"stl":56,"drb":34,"pss":55,"reb":80,"pot":66}],"skills":[]},{"tid":-2,"name":"Milos Vujanic","pos":"G","hgt":76,"weight":195,"imgURL":"http://www.tblstat.net/img/pl/906.jpg","born":{"year":1980,"loc":"Loznica, Serbia"},"draft":{"round":"","pick":"","team":"","orig. team":"","year":"","loc":""},"ratings":[{"hgt":35,"stre":25,"spd":55,"jmp":66,"endu":45,"ins":45,"dnk":46,"ft":54,"fg":56,"tp":45,"blk":34,"stl":54,"drb":55,"pss":43,"reb":54,"pot":53}],"skills":[]},{"tid":-2,"name":"David Andersen","pos":"FC","hgt":83,"weight":245,"imgURL":"http://a.espncdn.com/combiner/i?img=/i/headshots/nba/players/full/4205.png","born":{"year":1980,"loc":"Carlton, Australia"},"draft":{"round":"","pick":"","team":"","orig. team":"","year":"","loc":""},"ratings":[{"hgt":85,"stre":63,"spd":47,"jmp":64,"endu":47,"ins":64,"dnk":65,"ft":67,"fg":54,"tp":44,"blk":55,"stl":57,"drb":46,"pss":43,"reb":75,"pot":55}],"skills":[]},{"tid":-2,"name":"Tito Maddox","pos":"SG","hgt":76,"weight":190,"imgURL":"http://www.clutchfans.net/images/profiles/Tito_Maddox.jpg","born":{"year":1981,"loc":"Compton, CA"},"draft":{"round":"","pick":"","team":"","orig. team":"","year":"","loc":""},"ratings":[{"hgt":36,"stre":34,"spd":53,"jmp":54,"endu":48,"ins":45,"dnk":60,"ft":65,"fg":45,"tp":34,"blk":54,"stl":44,"drb":54,"pss":33,"reb":54,"pot":53}],"skills":[]},{"tid":-2,"name":"Rod Grizzard","pos":"SF","hgt":80,"weight":200,"imgURL":"http://www.thedraftreview.com/history/drafted2002/images/rod-grizzard.jpg","born":{"year":1980,"loc":"Birmingham, AL"},"draft":{"round":"","pick":"","team":"","orig. team":"","year":"","loc":""},"ratings":[{"hgt":64,"stre":55,"spd":45,"jmp":66,"endu":45,"ins":45,"dnk":46,"ft":54,"fg":56,"tp":45,"blk":34,"stl":54,"drb":55,"pss":43,"reb":54,"pot":53}],"skills":[]},{"tid":-2,"name":"Juan-Carlos Navarro","pos":"SG","hgt":75,"weight":170,"imgURL":"http://arxiu.fcbarcelona.cat/web/thumbnails/199_150/Imatges/2009-2010/basquet/primer_equip/plantilla/20090924_M3_9983.jpg","born":{"year":1980,"loc":"Sant Feliu de Llobregat, Spain"},"draft":{"round":"","pick":"","team":"","orig. team":"","year":"","loc":""},"ratings":[{"hgt":29,"stre":35,"spd":65,"jmp":45,"endu":55,"ins":45,"dnk":64,"ft":54,"fg":65,"tp":67,"blk":65,"stl":45,"drb":55,"pss":65,"reb":45,"pot":56}],"skills":[]},{"tid":-2,"name":"Mario Kasun","pos":"C","hgt":85,"weight":260,"imgURL":"http://wp.kk-zagreb.hr/wp-content/uploads/2011/10/kasun1.jpg","born":{"year":1980,"loc":"Split, Croatia"},"draft":{"round":"","pick":"","team":"","orig. team":"","year":"","loc":""},"ratings":[{"hgt":93,"stre":65,"spd":45,"jmp":35,"endu":44,"ins":54,"dnk":65,"ft":45,"fg":65,"tp":0,"blk":76,"stl":45,"drb":34,"pss":44,"reb":68,"pot":53}],"skills":[]},{"tid":-2,"name":"Ronald Murray","pos":"G","hgt":76,"weight":190,"imgURL":"http://www.cavshistory.com/images/players/Flip_Murray.jpg","born":{"year":1979,"loc":"Philadelphia, PA"},"draft":{"round":"","pick":"","team":"","orig. team":"","year":"","loc":""},"ratings":[{"hgt":36,"stre":35,"spd":77,"jmp":73,"endu":45,"ins":34,"dnk":55,"ft":45,"fg":34,"tp":54,"blk":54,"stl":44,"drb":54,"pss":65,"reb":45,"pot":55}],"skills":[]},{"tid":-2,"name":"Jason Jennings","pos":"C","hgt":84,"weight":250,"imgURL":"http://www.nba.com/media/draft2002/jennings_head.jpg","born":{"year":1979,"loc":"USA"},"draft":{"round":"","pick":"","team":"","orig. team":"","year":"","loc":""},"ratings":[{"hgt":92,"stre":55,"spd":45,"jmp":32,"endu":45,"ins":45,"dnk":46,"ft":54,"fg":56,"tp":0,"blk":34,"stl":54,"drb":22,"pss":43,"reb":64,"pot":53}],"skills":[]},{"tid":-2,"name":"Lonny Baxter","pos":"FC","hgt":80,"weight":260,"imgURL":"http://image.cdnllnwnl.xosnetwork.com/fls/29700/old_site/images/sports/m-baskbl/01-02roster/Baxter_Lonny-h1-C02.jpg","born":{"year":1979,"loc":"Silver Spring, MD"},"draft":{"round":"","pick":"","team":"","orig. team":"","year":"","loc":""},"ratings":[{"hgt":64,"stre":65,"spd":45,"jmp":55,"endu":45,"ins":56,"dnk":55,"ft":66,"fg":34,"tp":0,"blk":58,"stl":44,"drb":25,"pss":45,"reb":72,"pot":55}],"skills":[]},{"tid":-2,"name":"Sam Clancy","pos":"F","hgt":79,"weight":240,"imgURL":"http://graphics.fansonly.com/photos/schools/usc/sports/m-baskbl/auto_headshot/Clancy.jpg","born":{"year":1980,"loc":"Pittsburgh, PA"},"draft":{"round":"","pick":"","team":"","orig. team":"","year":"","loc":""},"ratings":[{"hgt":57,"stre":55,"spd":45,"jmp":66,"endu":45,"ins":45,"dnk":46,"ft":54,"fg":56,"tp":45,"blk":34,"stl":54,"drb":35,"pss":43,"reb":54,"pot":53}],"skills":[]},{"tid":-2,"name":"Matt Barnes","pos":"F","hgt":79,"weight":235,"imgURL":"http://a.espncdn.com/i/headshots/nba/players/full/1765.png","born":{"year":1980,"loc":"Santa Clara, CA"},"draft":{"round":"","pick":"","team":"","orig. team":"","year":"","loc":""},"ratings":[{"hgt":59,"stre":68,"spd":64,"jmp":65,"endu":54,"ins":56,"dnk":63,"ft":70,"fg":64,"tp":48,"blk":37,"stl":55,"drb":44,"pss":46,"reb":64,"pot":59}],"skills":[]},{"tid":-2,"name":"Jamal Sampson","pos":"FC","hgt":83,"weight":235,"imgURL":"http://a.espncdn.com/combiner/i?img=/i/headshots/nba/players/full/1780.png","born":{"year":1983,"loc":"Inglewood, CA"},"draft":{"round":"","pick":"","team":"","orig. team":"","year":"","loc":""},"ratings":[{"hgt":86,"stre":62,"spd":56,"jmp":65,"endu":34,"ins":44,"dnk":46,"ft":52,"fg":26,"tp":0,"blk":75,"stl":42,"drb":20,"pss":34,"reb":65,"pot":62}],"skills":[]},{"tid":-2,"name":"Chris Owens","pos":"SF","hgt":79,"weight":245,"imgURL":"http://cdn4.static.ovimg.com/m/0clb_v/?width=150","born":{"year":1979,"loc":"Akron, OH"},"draft":{"round":"","pick":"","team":"","orig. team":"","year":"","loc":""},"ratings":[{"hgt":54,"stre":65,"spd":45,"jmp":65,"endu":44,"ins":54,"dnk":65,"ft":45,"fg":65,"tp":44,"blk":76,"stl":45,"drb":34,"pss":44,"reb":34,"pot":50}],"skills":[]},{"tid":-2,"name":"Peter Fehse","pos":"PF","hgt":84,"weight":205,"imgURL":"http://basketball.realgm.com/images/nba/4.2/profiles/photos/2006/Fehse_Peter_sea.jpg","born":{"year":1983,"loc":"Halle, Germany"},"draft":{"round":"","pick":"","team":"","orig. team":"","year":"","loc":""},"ratings":[{"hgt":90,"stre":55,"spd":45,"jmp":35,"endu":45,"ins":45,"dnk":54,"ft":44,"fg":54,"tp":14,"blk":34,"stl":54,"drb":44,"pss":54,"reb":54,"pot":51}],"skills":[]},{"tid":-2,"name":"Darius Songaila","pos":"FC","hgt":81,"weight":248,"imgURL":"http://a.espncdn.com/combiner/i?img=/i/headshots/nba/players/full/1784.png","born":{"year":1978,"loc":"Marijampole, Lithuania"},"draft":{"round":"","pick":"","team":"","orig. team":"","year":"","loc":""},"ratings":[{"hgt":71,"stre":66,"spd":45,"jmp":65,"endu":45,"ins":45,"dnk":54,"ft":44,"fg":54,"tp":14,"blk":34,"stl":54,"drb":44,"pss":54,"reb":54,"pot":56}],"skills":[]},{"tid":-2,"name":"Federico Kammerichs","pos":"FC","hgt":81,"weight":225,"imgURL":"http://basketball.realgm.com/images/nba/4.2/profiles/photos/2006/Kammerichs_Federico_por.jpg","born":{"year":1980,"loc":"Goya, Argentina"},"draft":{"round":"","pick":"","team":"","orig. team":"","year":"","loc":""},"ratings":[{"hgt":71,"stre":66,"spd":45,"jmp":65,"endu":45,"ins":45,"dnk":54,"ft":44,"fg":54,"tp":64,"blk":34,"stl":54,"drb":44,"pss":54,"reb":54,"pot":50}],"skills":[]},{"tid":-2,"name":"Marcus Taylor","pos":"G","hgt":75,"weight":195,"imgURL":"http://www.nba.com/media/draft2002/taylor_head.jpg","born":{"year":1981,"loc":"Lansing, MI"},"draft":{"round":"","pick":"","team":"","orig. team":"","year":"","loc":""},"ratings":[{"hgt":29,"stre":45,"spd":65,"jmp":65,"endu":44,"ins":54,"dnk":65,"ft":45,"fg":65,"tp":44,"blk":44,"stl":45,"drb":34,"pss":44,"reb":34,"pot":52}],"skills":[]},{"tid":-2,"name":"Rasual Butler","pos":"GF","hgt":79,"weight":205,"imgURL":"http://a.espncdn.com/i/headshots/nba/players/full/1767.png","born":{"year":1979,"loc":"Philadelphia, PA"},"draft":{"round":"","pick":"","team":"","orig. team":"","year":"","loc":""},"ratings":[{"hgt":57,"stre":50,"spd":58,"jmp":65,"endu":45,"ins":65,"dnk":44,"ft":54,"fg":65,"tp":44,"blk":54,"stl":65,"drb":44,"pss":54,"reb":45,"pot":57}],"skills":[]},{"tid":-2,"name":"Tamar Slay","pos":"SG","hgt":80,"weight":215,"imgURL":"http://www.thedraftreview.com/history/drafted2002/images/tamar-slay.jpg","born":{"year":1980,"loc":"Beckley, WV"},"draft":{"round":"","pick":"","team":"","orig. team":"","year":"","loc":""},"ratings":[{"hgt":64,"stre":45,"spd":57,"jmp":75,"endu":55,"ins":45,"dnk":54,"ft":65,"fg":45,"tp":45,"blk":55,"stl":45,"drb":45,"pss":55,"reb":45,"pot":54}],"skills":[]},{"tid":-2,"name":"Mladen Sekularac","pos":"GF","hgt":80,"weight":205,"imgURL":"http://www.nba.com/media/draft2002/sekularac_head.jpg","born":{"year":1981,"loc":"Bar, Montenegro"},"draft":{"round":"","pick":"","team":"","orig. team":"","year":"","loc":""},"ratings":[{"hgt":64,"stre":35,"spd":66,"jmp":65,"endu":45,"ins":45,"dnk":54,"ft":44,"fg":54,"tp":64,"blk":34,"stl":54,"drb":44,"pss":54,"reb":54,"pot":56}],"skills":[]},{"tid":-2,"name":"Luis Scola","pos":"PF","hgt":81,"weight":240,"imgURL":"http://a.espncdn.com/combiner/i?img=/i/headshots/nba/players/full/1781.png&w=350&h=254","born":{"year":1980,"loc":"Buenos Aires, Argentina"},"draft":{"round":"","pick":"","team":"","orig. team":"","year":"","loc":""},"ratings":[{"hgt":71,"stre":66,"spd":54,"jmp":57,"endu":63,"ins":54,"dnk":67,"ft":67,"fg":54,"tp":34,"blk":32,"stl":43,"drb":44,"pss":54,"reb":86,"pot":63}],"skills":[]},{"tid":-2,"name":"Randy Holcomb","pos":"SF","hgt":81,"weight":225,"imgURL":"http://graphics.fansonly.com/photos/schools/sdsu/sports/m-baskbl/auto_headshot/p-HolcombMug.jpg","born":{"year":1979,"loc":"Chicago, IL"},"draft":{"round":"","pick":"","team":"","orig. team":"","year":"","loc":""},"ratings":[{"hgt":71,"stre":65,"spd":54,"jmp":65,"endu":45,"ins":35,"dnk":44,"ft":54,"fg":45,"tp":36,"blk":64,"stl":56,"drb":46,"pss":24,"reb":65,"pot":55}],"skills":[]},{"tid":-2,"name":"Corsley Edwards","pos":"C","hgt":81,"weight":275,"imgURL":"http://www.nba.com/media/act_corsley_edwards.jpg","born":{"year":1979,"loc":"Baltimore, MD"},"draft":{"round":"","pick":"","team":"","orig. team":"","year":"","loc":""},"ratings":[{"hgt":72,"stre":77,"spd":34,"jmp":34,"endu":54,"ins":65,"dnk":66,"ft":60,"fg":45,"tp":0,"blk":64,"stl":54,"drb":26,"pss":44,"reb":76,"pot":53}],"skills":[]},{"tid":-2,"name":"Reggie Evans","pos":"PF","hgt":80,"weight":245,"imgURL":"http://basketball.realgm.com/images/nba/4.2/profiles/photos/2006/Evans_Reggie_sac14.jpg","born":{"year":1980,"loc":"Pensacola, FL"},"draft":{"round":"","pick":"","team":"","orig. team":"","year":"","loc":""},"ratings":[{"hgt":64,"stre":72,"spd":45,"jmp":65,"endu":45,"ins":45,"dnk":54,"ft":44,"fg":54,"tp":0,"blk":34,"stl":54,"drb":44,"pss":54,"reb":86,"pot":57}],"skills":[]},{"tid":-2,"name":"Udonis Haslem","pos":"FC","hgt":80,"weight":235,"imgURL":"http://basketball.realgm.com/images/nba/4.2/profiles/photos/2006/Haslem_Udonis_mia14.jpg","born":{"year":1980,"loc":"Miami, FL"},"draft":{"round":"","pick":"","team":"","orig. team":"","year":"","loc":""},"ratings":[{"hgt":65,"stre":66,"spd":45,"jmp":65,"endu":45,"ins":63,"dnk":62,"ft":77,"fg":62,"tp":0,"blk":51,"stl":62,"drb":44,"pss":38,"reb":78,"pot":60}],"skills":[]},{"tid":-2,"name":"Jannero Pargo","pos":"PG","hgt":73,"weight":185,"imgURL":"http://basketball.realgm.com/images/nba/4.2/profiles/photos/2006/Pargo_Jannero_cha14.jpg","born":{"year":1979,"loc":"USA"},"draft":{"round":"","pick":"","team":"","orig. team":"","year":"","loc":""},"ratings":[{"hgt":14,"stre":45,"spd":54,"jmp":65,"endu":45,"ins":65,"dnk":44,"ft":54,"fg":65,"tp":66,"blk":64,"stl":56,"drb":46,"pss":54,"reb":65,"pot":57}],"skills":[]},{"tid":-2,"name":"Devin Brown","pos":"SF","hgt":77,"weight":220,"imgURL":"http://basketball.realgm.com/images/nba/4.2/profiles/photos/2006/Brown_Devin_noh.jpg","born":{"year":1978,"loc":"USA"},"draft":{"round":"","pick":"","team":"","orig. team":"","year":"","loc":""},"ratings":[{"hgt":43,"stre":45,"spd":54,"jmp":65,"endu":45,"ins":65,"dnk":44,"ft":54,"fg":65,"tp":66,"blk":64,"stl":56,"drb":46,"pss":54,"reb":65,"pot":51}],"skills":[]},{"tid":-2,"name":"Smush Parker","pos":"G","hgt":76,"weight":190,"imgURL":"http://basketball.realgm.com/images/nba/4.2/profiles/photos/2006/Parker_Smush_mia.jpg","born":{"year":1981,"loc":"USA"},"draft":{"round":"","pick":"","team":"","orig. team":"","year":"","loc":""},"ratings":[{"hgt":35,"stre":45,"spd":68,"jmp":65,"endu":45,"ins":65,"dnk":44,"ft":54,"fg":65,"tp":66,"blk":64,"stl":56,"drb":46,"pss":54,"reb":65,"pot":59}],"skills":[]},{"tid":-2,"name":"Josh Davis","pos":"F","hgt":80,"weight":235,"imgURL":"http://basketball.realgm.com/images/nba/4.2/profiles/photos/2006/Davis_Josh_mem_11.jpg","born":{"year":1980,"loc":"USA"},"draft":{"round":"","pick":"","team":"","orig. team":"","year":"","loc":""},"ratings":[{"hgt":64,"stre":66,"spd":45,"jmp":65,"endu":45,"ins":45,"dnk":54,"ft":44,"fg":54,"tp":64,"blk":34,"stl":54,"drb":44,"pss":54,"reb":54,"pot":52}],"skills":[]},{"tid":-2,"name":"Junior Harrington","pos":"G","hgt":76,"weight":180,"imgURL":"http://basketball.realgm.com/images/nba/4.2/profiles/photos/2006/Harrington_Junior_mem.jpg","born":{"year":1980,"loc":"USA"},"draft":{"round":"","pick":"","team":"","orig. team":"","year":"","loc":""},"ratings":[{"hgt":36,"stre":45,"spd":54,"jmp":65,"endu":45,"ins":65,"dnk":44,"ft":54,"fg":65,"tp":66,"blk":64,"stl":56,"drb":46,"pss":54,"reb":65,"pot":56}],"skills":[]},{"tid":-2,"name":"Keith McLeod","pos":"G","hgt":74,"weight":190,"imgURL":"http://basketball.realgm.com/images/nba/4.2/profiles/photos/2006/McLeod_Keith_dleague.jpg","born":{"year":1979,"loc":"USA"},"draft":{"round":"","pick":"","team":"","orig. team":"","year":"","loc":""},"ratings":[{"hgt":22,"stre":45,"spd":54,"jmp":65,"endu":45,"ins":65,"dnk":44,"ft":54,"fg":65,"tp":66,"blk":64,"stl":56,"drb":66,"pss":54,"reb":65,"pot":55}],"skills":[]},{"tid":-2,"name":"Tommy Adams","pos":"G","hgt":75,"weight":205,"imgURL":"http://a.espncdn.com/i/headshots/nba/players/65/1904.jpg","born":{"year":1980,"loc":"USA"},"draft":{"round":"","pick":"","team":"","orig. team":"","year":"","loc":""},"ratings":[{"hgt":29,"stre":45,"spd":54,"jmp":65,"endu":45,"ins":65,"dnk":44,"ft":54,"fg":65,"tp":66,"blk":64,"stl":56,"drb":46,"pss":54,"reb":65,"pot":55}],"skills":[]},{"tid":-2,"name":"Awvee Storey","pos":"GF","hgt":78,"weight":222,"imgURL":"http://basketball.realgm.com/images/nba/4.2/profiles/photos/2006/Storey_Awvee_mil.jpg","born":{"year":1977,"loc":"USA"},"draft":{"round":"","pick":"","team":"","orig. team":"","year":"","loc":""},"ratings":[{"hgt":52,"stre":45,"spd":54,"jmp":72,"endu":45,"ins":65,"dnk":44,"ft":54,"fg":65,"tp":66,"blk":64,"stl":56,"drb":46,"pss":54,"reb":65,"pot":57}],"skills":[]},{"tid":-2,"name":"J.R. Bremer","pos":"SG","hgt":74,"weight":185,"imgURL":"http://basketball.realgm.com/images/nba/4.2/profiles/photos/2006/Bremer_JR_nba.jpg","born":{"year":1980,"loc":"USA"},"draft":{"round":"","pick":"","team":"","orig. team":"","year":"","loc":""},"ratings":[{"hgt":21,"stre":45,"spd":54,"jmp":65,"endu":45,"ins":65,"dnk":44,"ft":54,"fg":65,"tp":66,"blk":64,"stl":56,"drb":46,"pss":54,"reb":65,"pot":52}],"skills":[]},{"tid":-2,"name":"Lynn Greer","pos":"SG","hgt":74,"weight":175,"imgURL":"http://basketball.realgm.com/images/nba/4.2/profiles/photos/2006/Greer_Lynn_nba.jpg","born":{"year":1979,"loc":"Philadelphia, PA"},"draft":{"round":"","pick":"","team":"","orig. team":"","year":"","loc":""},"ratings":[{"hgt":21,"stre":25,"spd":54,"jmp":65,"endu":45,"ins":25,"dnk":44,"ft":54,"fg":65,"tp":66,"blk":64,"stl":56,"drb":46,"pss":54,"reb":65,"pot":50}],"skills":[]},{"tid":-2,"name":"Adam Harrington","pos":"G","hgt":77,"weight":200,"imgURL":"http://basketball.realgm.com/images/nba/4.2/profiles/photos/2006/Harrington_Adam_dleague.jpg","born":{"year":1980,"loc":"USA"},"draft":{"round":"","pick":"","team":"","orig. team":"","year":"","loc":""},"ratings":[{"hgt":43,"stre":45,"spd":54,"jmp":65,"endu":45,"ins":65,"dnk":44,"ft":54,"fg":65,"tp":66,"blk":64,"stl":56,"drb":46,"pss":54,"reb":65,"pot":53}],"skills":[]}]}