{"startingSeason":1993,"players":[{"tid":-2,"name":"Chris Webber","pos":"FC","hgt":81,"weight":245,"imgURL":"http://a.espncdn.com/i/headshots/nba/players/65/897.jpg","born":{"year":1973,"loc":"Detroit, MI"},"contract":{"amount":"","exp":""},"draft":{"round":"","pick":"","tid":"","originalTid":"","year":"","loc":""},"ratings":[{"hgt":75,"stre":84,"spd":67,"jmp":75,"endu":74,"ins":84,"dnk":86,"ft":66,"fg":50,"tp":32,"blk":67,"stl":64,"drb":56,"pss":64,"reb":89,"pot":78}],"skills":[]},{"tid":-2,"name":"Shawn Bradley","pos":"C","hgt":90,"weight":235,"imgURL":"http://a.espncdn.com/i/headshots/nba/players/65/88.jpg","born":{"year":1972,"loc":"Landstuhl, Germany"},"contract":{"amount":"","exp":""},"draft":{"round":"","pick":"","tid":"","originalTid":"","year":"","loc":""},"ratings":[{"hgt":100,"stre":62,"spd":34,"jmp":55,"endu":60,"ins":72,"dnk":65,"ft":54,"fg":32,"tp":0,"blk":92,"stl":54,"drb":43,"pss":54,"reb":86,"pot":66}],"skills":[]},{"tid":-2,"name":"Penny Hardaway","pos":"GF","hgt":79,"weight":195,"imgURL":"http://a.espncdn.com/i/headshots/nba/players/65/302.jpg","born":{"year":1971,"loc":"Memphis, TN"},"contract":{"amount":"","exp":""},"draft":{"round":"","pick":"","tid":"","originalTid":"","year":"","loc":""},"ratings":[{"hgt":67,"stre":54,"spd":83,"jmp":82,"endu":78,"ins":43,"dnk":73,"ft":78,"fg":75,"tp":74,"blk":45,"stl":76,"drb":68,"pss":81,"reb":65,"pot":81}],"skills":[]},{"tid":-2,"name":"Jamal Mashburn","pos":"SF","hgt":80,"weight":240,"imgURL":"http://a.espncdn.com/i/headshots/nba/players/65/516.jpg","born":{"year":1972,"loc":"New York, NY"},"contract":{"amount":"","exp":""},"draft":{"round":"","pick":"","tid":"","originalTid":"","year":"","loc":""},"ratings":[{"hgt":64,"stre":56,"spd":65,"jmp":56,"endu":64,"ins":54,"dnk":54,"ft":65,"fg":86,"tp":66,"blk":45,"stl":65,"drb":63,"pss":61,"reb":54,"pot":72}],"skills":[]},{"tid":-2,"name":"Isaiah Rider","pos":"SG","hgt":77,"weight":215,"imgURL":"http://a.espncdn.com/i/headshots/nba/players/65/705.jpg","born":{"year":1971,"loc":"Oakland, CA"},"contract":{"amount":"","exp":""},"draft":{"round":"","pick":"","tid":"","originalTid":"","year":"","loc":""},"ratings":[{"hgt":44,"stre":52,"spd":78,"jmp":92,"endu":69,"ins":65,"dnk":87,"ft":65,"fg":67,"tp":56,"blk":49,"stl":45,"drb":65,"pss":46,"reb":58,"pot":67}],"skills":[]},{"tid":-2,"name":"Calbert Cheaney","pos":"GF","hgt":79,"weight":209,"imgURL":"http://a.espncdn.com/i/headshots/nba/players/65/144.jpg","born":{"year":1971,"loc":"Evansville, IN"},"contract":{"amount":"","exp":""},"draft":{"round":"","pick":"","tid":"","originalTid":"","year":"","loc":""},"ratings":[{"hgt":57,"stre":35,"spd":72,"jmp":70,"endu":54,"ins":35,"dnk":66,"ft":55,"fg":75,"tp":76,"blk":45,"stl":65,"drb":45,"pss":65,"reb":36,"pot":59}],"skills":[]},{"tid":-2,"name":"Bobby Hurley","pos":"PG","hgt":72,"weight":165,"imgURL":"https://thenypost.files.wordpress.com/2013/08/hurley-300x300.jpg","born":{"year":1971,"loc":"Jersey City, NJ"},"contract":{"amount":"","exp":""},"draft":{"round":"","pick":"","tid":"","originalTid":"","year":"","loc":""},"ratings":[{"hgt":11,"stre":25,"spd":70,"jmp":54,"endu":65,"ins":45,"dnk":24,"ft":76,"fg":65,"tp":45,"blk":15,"stl":64,"drb":78,"pss":80,"reb":25,"pot":60}],"skills":[]},{"tid":-2,"name":"Vin Baker","pos":"FC","hgt":83,"weight":232,"imgURL":"http://a.espncdn.com/i/nba/profiles/players/1279.jpg","born":{"year":1971,"loc":"Lake Wales, FL"},"contract":{"amount":"","exp":""},"draft":{"round":"","pick":"","tid":"","originalTid":"","year":"","loc":""},"ratings":[{"hgt":86,"stre":78,"spd":61,"jmp":67,"endu":54,"ins":34,"dnk":54,"ft":65,"fg":54,"tp":65,"blk":43,"stl":65,"drb":59,"pss":55,"reb":86,"pot":70}],"skills":[]},{"tid":-2,"name":"Rodney Rogers","pos":"SF","hgt":79,"weight":235,"imgURL":"http://www.legendsofbasketball.com/wp-content/uploads/2012/02/rogers.jpg","born":{"year":1971,"loc":"Durham, NC"},"contract":{"amount":"","exp":""},"draft":{"round":"","pick":"","tid":"","originalTid":"","year":"","loc":""},"ratings":[{"hgt":59,"stre":76,"spd":57,"jmp":45,"endu":65,"ins":64,"dnk":76,"ft":65,"fg":68,"tp":72,"blk":45,"stl":65,"drb":47,"pss":54,"reb":65,"pot":64}],"skills":[]},{"tid":-2,"name":"Lindsey Hunter","pos":"G","hgt":74,"weight":170,"imgURL":"http://exnba.com/wp-content/uploads/2012/12/lindsey-hunter.jpg","born":{"year":1970,"loc":"Utica, MS"},"contract":{"amount":"","exp":""},"draft":{"round":"","pick":"","tid":"","originalTid":"","year":"","loc":""},"ratings":[{"hgt":21,"stre":36,"spd":65,"jmp":65,"endu":61,"ins":25,"dnk":65,"ft":45,"fg":65,"tp":65,"blk":35,"stl":65,"drb":74,"pss":75,"reb":26,"pot":65}],"skills":[]},{"tid":-2,"name":"Allan Houston","pos":"SG","hgt":78,"weight":200,"imgURL":"http://assets.espn.go.com/i/headshots/nba/players/65/349.jpg","born":{"year":1971,"loc":"Louisville, KY"},"contract":{"amount":"","exp":""},"draft":{"round":"","pick":"","tid":"","originalTid":"","year":"","loc":""},"ratings":[{"hgt":50,"stre":35,"spd":65,"jmp":54,"endu":65,"ins":34,"dnk":64,"ft":83,"fg":85,"tp":75,"blk":35,"stl":35,"drb":65,"pss":56,"reb":46,"pot":72}],"skills":[]},{"tid":-2,"name":"George Lynch","pos":"GF","hgt":80,"weight":218,"imgURL":"http://i.imgur.com/85WlQVG.png","born":{"year":1970,"loc":"Roanoke, VA"},"contract":{"amount":"","exp":""},"draft":{"round":"","pick":"","tid":"","originalTid":"","year":"","loc":""},"ratings":[{"hgt":65,"stre":62,"spd":62,"jmp":67,"endu":56,"ins":35,"dnk":59,"ft":65,"fg":74,"tp":40,"blk":75,"stl":46,"drb":56,"pss":45,"reb":65,"pot":64}],"skills":[]},{"tid":-2,"name":"Terry Dehere","pos":"G","hgt":74,"weight":190,"imgURL":"http://media.nj.com/jersey-journal/photo/2014/04/14809680-standard.jpg","born":{"year":1971,"loc":"New York, NY"},"contract":{"amount":"","exp":""},"draft":{"round":"","pick":"","tid":"","originalTid":"","year":"","loc":""},"ratings":[{"hgt":21,"stre":35,"spd":76,"jmp":35,"endu":65,"ins":76,"dnk":46,"ft":65,"fg":35,"tp":65,"blk":53,"stl":65,"drb":76,"pss":59,"reb":35,"pot":58}],"skills":[]},{"tid":-2,"name":"Scott Haskin","pos":"C","hgt":83,"weight":250,"imgURL":"http://www.thedraftreview.com/history/drafted1993/images/scott-haskin.jpg","born":{"year":1970,"loc":"Riverside, CA"},"contract":{"amount":"","exp":""},"draft":{"round":"","pick":"","tid":"","originalTid":"","year":"","loc":""},"ratings":[{"hgt":75,"stre":65,"spd":46,"jmp":36,"endu":46,"ins":66,"dnk":46,"ft":76,"fg":46,"tp":0,"blk":79,"stl":41,"drb":26,"pss":56,"reb":64,"pot":53}],"skills":[]},{"tid":-2,
"name":"Doug Edwards","pos":"PF","hgt":79,"weight":220,"imgURL":"http://www.thenolookpass.com/wp-content/uploads/2012/01/IMG-724x1024.jpg","born":{"year":1971,"loc":"Miami, FL"},"contract":{"amount":"","exp":""},"draft":{"round":"","pick":"","tid":"","originalTid":"","year":"","loc":""},"ratings":[{"hgt":57,"stre":72,"spd":46,"jmp":46,"endu":45,"ins":55,"dnk":64,"ft":46,"fg":36,"tp":0,"blk":66,"stl":35,"drb":27,"pss":55,"reb":75,"pot":55}],"skills":[]},{"tid":-2,"name":"Rex Walters","pos":"G","hgt":76,"weight":190,"imgURL":"http://www.tradingcarddb.com/Images/Cards/Basketball/2280/2280-680967Fr.jpg","born":{"year":1970,"loc":"Omaha, NE"},"contract":{"amount":"","exp":""},"draft":{"round":"","pick":"","tid":"","originalTid":"","year":"","loc":""},"ratings":[{"hgt":35,"stre":34,"spd":62,"jmp":54,"endu":65,"ins":53,"dnk":65,"ft":35,"fg":57,"tp":45,"blk":35,"stl":65,"drb":55,"pss":65,"reb":35,"pot":55}],"skills":[]},{"tid":-2,"name":"Greg Graham","pos":"SG","hgt":76,"weight":174,"imgURL":"http://www.insidethehall.com/wp-content/uploads/2011/06/graham062611.jpg","born":{"year":1970,"loc":"USA"},"contract":{"amount":"","exp":""},"draft":{"round":"","pick":"","tid":"","originalTid":"","year":"","loc":""},"ratings":[{"hgt":36,"stre":46,"spd":58,"jmp":65,"endu":52,"ins":44,"dnk":66,"ft":46,"fg":54,"tp":45,"blk":54,"stl":72,"drb":45,"pss":59,"reb":34,"pot":54}],"skills":[]},{"tid":-2,"name":"Luther Wright","pos":"C","hgt":86,"weight":270,"imgURL":"http://www.njsportsheroes.com/Resources/lutherwright.jpeg","born":{"year":1971,"loc":"Jersey City, NJ"},"contract":{"amount":"","exp":""},"draft":{"round":"","pick":"","tid":"","originalTid":"","year":"","loc":""},"ratings":[{"hgt":95,"stre":85,"spd":36,"jmp":25,"endu":45,"ins":45,"dnk":55,"ft":74,"fg":34,"tp":0,"blk":65,"stl":45,"drb":25,"pss":35,"reb":65,"pot":53}],"skills":[]},{"tid":-2,
"name":"Acie Earl","pos":"C","hgt":82,"weight":240,"imgURL":"http://thedraftreview.com/history/drafted1993/images/acie-earl.jpg","born":{"year":1970,"loc":"USA"},"contract":{"amount":"","exp":""},"draft":{"round":"","pick":"","tid":"","originalTid":"","year":"","loc":""},"ratings":[{"hgt":83,"stre":73,"spd":55,"jmp":55,"endu":55,"ins":68,"dnk":60,"ft":64,"fg":34,"tp":0,"blk":70,"stl":54,"drb":35,"pss":24,"reb":72,"pot":56}],"skills":[]},{"tid":-2,"name":"Scott Burrell","pos":"SF","hgt":79,"weight":218,"imgURL":"http://graphics.fansonly.com/photos/schools/conn/sports/m-baskbl/UC_burrell.jpg","born":{"year":1971,"loc":"USA"},"contract":{"amount":"","exp":""},"draft":{"round":"","pick":"","tid":"","originalTid":"","year":"","loc":""},"ratings":[{"hgt":76,"stre":49,"spd":58,"jmp":65,"endu":53,"ins":76,"dnk":46,"ft":76,"fg":35,"tp":65,"blk":66,"stl":46,"drb":66,"pss":46,"reb":66,"pot":62}],"skills":[]},{"tid":-2,"name":"James Robinson","pos":"PG","hgt":74,"weight":180,"imgURL":"http://www.sportsworldcards.com/ekmps/shops/sportsworld/images/portland-trail-blazers-james-robinson-155-fleer-95-96-nba-trading-card-2109-p.jpg","born":{"year":1970,"loc":"USA"},"contract":{"amount":"","exp":""},"draft":{"round":"","pick":"","tid":"","originalTid":"","year":"","loc":""},"ratings":[{"hgt":21,"stre":45,"spd":65,"jmp":35,"endu":65,"ins":65,"dnk":35,"ft":65,"fg":35,"tp":65,"blk":35,"stl":65,"drb":70,"pss":65,"reb":45,"pot":54}],"skills":[]},{"tid":-2,"name":"Chris Mills","pos":"SF","hgt":78,"weight":215,"imgURL":"http://a.espncdn.com/i/headshots/nba/players/65/560.jpg","born":{"year":1970,"loc":"Los Angeles, CA"},"contract":{"amount":"","exp":""},"draft":{"round":"","pick":"","tid":"","originalTid":"","year":"","loc":""},"ratings":[{"hgt":53,"stre":47,"spd":65,"jmp":56,"endu":65,"ins":35,"dnk":65,"ft":77,"fg":64,"tp":42,"blk":46,"stl":57,"drb":34,"pss":49,"reb":54,"pot":59}],"skills":[]},{"tid":-2,"name":"Ervin Johnson","pos":"C","hgt":83,"weight":245,"imgURL":"http://www.tradingcarddb.com/Images/Cards/Basketball/2227/2227-678510Bk.jpg","born":{"year":1967,"loc":"New Orleans, LA"},"contract":{"amount":"","exp":""},"draft":{"round":"","pick":"","tid":"","originalTid":"","year":"","loc":""},"ratings":[{"hgt":87,"stre":80,"spd":29,"jmp":54,"endu":65,"ins":53,"dnk":65,"ft":65,"fg":33,"tp":0,"blk":75,"stl":45,"drb":20,"pss":35,"reb":82,"pot":57}],"skills":[]},{"tid":-2,"name":"Sam Cassell","pos":"PG","hgt":75,"weight":185,"imgURL":"http://a.espncdn.com/i/headshots/nba/players/65/138.jpg","born":{"year":1969,"loc":"USA"},"contract":{"amount":"","exp":""},"draft":{"round":"","pick":"","tid":"","originalTid":"","year":"","loc":""},"ratings":[{"hgt":28,"stre":28,"spd":83,"jmp":53,"endu":65,"ins":56,"dnk":56,"ft":76,"fg":46,"tp":70,"blk":46,"stl":75,"drb":79,"pss":76,"reb":46,"pot":66}],"skills":[]},{"tid":-2,"name":"Corie Blount","pos":"FC","hgt":81,"weight":240,"imgURL":"http://a.espncdn.com/i/headshots/nba/players/65/69.jpg","born":{"year":1969,"loc":"USA"},"contract":{"amount":"","exp":""},"draft":{"round":"","pick":"","tid":"","originalTid":"","year":"","loc":""},"ratings":[{"hgt":71,"stre":65,"spd":35,"jmp":65,"endu":53,"ins":65,"dnk":76,"ft":45,"fg":65,"tp":35,"blk":64,"stl":35,"drb":30,"pss":35,"reb":65,"pot":57}],"skills":[]},{"tid":-2,"name":"Geert Hammink","pos":"C","hgt":84,"weight":262,"imgURL":"http://www.tradingcarddb.com/Images/Cards/Basketball/2289/2289-681481Fr.jpg","born":{"year":1969,"loc":"Didam, Netherlands"},"contract":{"amount":"","exp":""},"draft":{"round":"","pick":"","tid":"","originalTid":"","year":"","loc":""},"ratings":[{"hgt":86,"stre":74,"spd":46,"jmp":54,"endu":44,"ins":36,"dnk":45,"ft":65,"fg":76,"tp":0,"blk":74,"stl":45,"drb":25,"pss":35,"reb":65,"pot":53}],"skills":[]},{"tid":-2,"name":"Malcolm Mackey","pos":"C","hgt":81,"weight":248,"imgURL":"http://www.thedraftreview.com/history/drafted1993/images/malcolm-mackey.jpg","born":{"year":1970,"loc":"Chattanooga, TN"},"contract":{"amount":"","exp":""},"draft":{"round":"","pick":"","tid":"","originalTid":"","year":"","loc":""},"ratings":[{"hgt":72,"stre":65,"spd":24,"jmp":54,"endu":53,"ins":45,"dnk":65,"ft":35,"fg":53,"tp":25,"blk":65,"stl":35,"drb":35,"pss":35,"reb":64,"pot":54}],"skills":[]},{"tid":-2,"name":"Lucious Harris","pos":"G","hgt":77,"weight":190,"imgURL":"http://a.espncdn.com/i/headshots/nba/players/65/309.jpg","born":{"year":1970,"loc":"USA"},"contract":{"amount":"","exp":""},"draft":{"round":"","pick":"","tid":"","originalTid":"","year":"","loc":""},"ratings":[{"hgt":54,"stre":76,"spd":35,"jmp":67,"endu":46,"ins":35,"dnk":76,"ft":46,"fg":76,"tp":46,"blk":76,"stl":46,"drb":46,"pss":76,"reb":56,"pot":57}],"skills":[]},{"tid":-2,"name":"Gheorghe Muresan","pos":"C","hgt":91,"weight":303,"imgURL":"http://t2.gstatic.com/images?q=tbn:ANd9GcQeynXK4hwHjOtyRN4sqak4j65Gq8zfiwew2aLLMWlbp-Avz5JS0bhxK2KQGg","born":{"year":1971,"loc":"Romania"},"contract":{"amount":"","exp":""},"draft":{"round":"","pick":"","tid":"","originalTid":"","year":"","loc":""},"ratings":[{"hgt":100,"stre":76,"spd":23,"jmp":36,"endu":50,"ins":67,"dnk":65,"ft":67,"fg":45,"tp":0,"blk":80,"stl":35,"drb":27,"pss":53,"reb":65,"pot":58}],"skills":[]},{"tid":-2,"name":"Evers Burns","pos":"PF","hgt":80,"weight":260,"imgURL":"http://assets.sbnation.com/assets/680398/evers_burns_1_.jpg","born":{"year":1971,"loc":"USA"},"contract":{"amount":"","exp":""},"draft":{"round":"","pick":"","tid":"","originalTid":"","year":"","loc":""},"ratings":[{"hgt":65,"stre":54,"spd":34,"jmp":54,"endu":54,"ins":65,"dnk":24,"ft":65,"fg":35,"tp":0,"blk":56,"stl":35,"drb":25,"pss":35,"reb":66,"pot":50}],"skills":[]},{"tid":-2,
"name":"Alphonso Ford","pos":"G","hgt":73,"weight":190,"imgURL":"http://thedraftreview.com/history/drafted1993/images/alphonso-ford.jpg","born":{"year":1971,"loc":"Greenwood, MS"},"contract":{"amount":"","exp":""},"draft":{"round":"","pick":"","tid":"","originalTid":"","year":"","loc":""},"ratings":[{"hgt":14,"stre":35,"spd":65,"jmp":35,"endu":65,"ins":66,"dnk":45,"ft":65,"fg":35,"tp":64,"blk":35,"stl":65,"drb":35,"pss":65,"reb":76,"pot":56}],"skills":[]},{"tid":-2,
"name":"Eric Riley","pos":"C","hgt":84,"weight":245,"imgURL":"http://thedraftreview.com/history/drafted1993/images/eric-riley.jpg","born":{"year":1970,"loc":"Cleveland, OH"},"contract":{"amount":"","exp":""},"draft":{"round":"","pick":"","tid":"","originalTid":"","year":"","loc":""},"ratings":[{"hgt":82,"stre":63,"spd":36,"jmp":45,"endu":56,"ins":54,"dnk":56,"ft":35,"fg":45,"tp":0,"blk":65,"stl":36,"drb":26,"pss":35,"reb":69,"pot":52}],"skills":[]},{"tid":-2,"name":"Darnell Mee","pos":"SG","hgt":77,"weight":175,"imgURL":"http://www.tradingcarddb.com/Images/Cards/Basketball/2153/2153-327Fr.jpg","born":{"year":1971,"loc":"Cleveland, TN"},"contract":{"amount":"","exp":""},"draft":{"round":"","pick":"","tid":"","originalTid":"","year":"","loc":""},"ratings":[{"hgt":43,"stre":35,"spd":54,"jmp":54,"endu":43,"ins":65,"dnk":43,"ft":65,"fg":76,"tp":35,"blk":53,"stl":65,"drb":43,"pss":54,"reb":65,"pot":52}],"skills":[]},{"tid":-2,"name":"Ed Stokes","pos":"C","hgt":84,"weight":264,"imgURL":"http://www.thedraftreview.com/history/drafted1993/images/ed-stokes.jpg","born":{"year":1971,"loc":"Syracuse, NY"},"contract":{"amount":"","exp":""},"draft":{"round":"","pick":"","tid":"","originalTid":"","year":"","loc":""},"ratings":[{"hgt":93,"stre":65,"spd":27,"jmp":34,"endu":46,"ins":55,"dnk":56,"ft":64,"fg":27,"tp":0,"blk":67,"stl":36,"drb":14,"pss":25,"reb":59,"pot":54}],"skills":[]},{"tid":-2,"name":"John Best","pos":"PF","hgt":80,"weight":215,"imgURL":"http://statistik.beko-bbl.de/images/players/1753.jpg","born":{"year":1971,"loc":"USA"},"contract":{"amount":"","exp":""},"draft":{"round":"","pick":"","tid":"","originalTid":"","year":"","loc":""},"ratings":[{"hgt":65,"stre":34,"spd":54,"jmp":54,"endu":54,"ins":65,"dnk":24,"ft":65,"fg":35,"tp":75,"blk":56,"stl":35,"drb":25,"pss":65,"reb":56,"pot":52}],"skills":[]},{"tid":-2,"name":"Nick Van Exel","pos":"G","hgt":73,"weight":170,"imgURL":"http://a.espncdn.com/i/headshots/nba/players/65/868.jpg","born":{"year":1971,"loc":"Kenosha, WI"},"contract":{"amount":"","exp":""},"draft":{"round":"","pick":"","tid":"","originalTid":"","year":"","loc":""},"ratings":[{"hgt":17,"stre":34,"spd":86,"jmp":65,"endu":65,"ins":34,"dnk":76,"ft":65,"fg":63,"tp":65,"blk":42,"stl":72,"drb":86,"pss":73,"reb":55,"pot":64}],"skills":[]},{"tid":-2,"name":"Conrad McRae","pos":"F","hgt":81,"weight":222,"imgURL":"http://upload.wikimedia.org/wikipedia/tr/8/88/ConradMcRae.jpg","born":{"year":1971,"loc":"Irvine, CA"},"contract":{"amount":"","exp":""},"draft":{"round":"","pick":"","tid":"","originalTid":"","year":"","loc":""},"ratings":[{"hgt":71,"stre":34,"spd":54,"jmp":54,"endu":44,"ins":55,"dnk":24,"ft":65,"fg":35,"tp":0,"blk":76,"stl":35,"drb":22,"pss":31,"reb":66,"pot":52}],"skills":[]},{"tid":-2,"name":"Thomas Hill","pos":"G","hgt":77,"weight":200,"imgURL":"http://thedraftreview.com/history/drafted1993/images/thomas-hill.jpg","born":{"year":1971,"loc":"Los Angeles, CA"},"contract":{"amount":"","exp":""},"draft":{"round":"","pick":"","tid":"","originalTid":"","year":"","loc":""},"ratings":[{"hgt":43,"stre":34,"spd":54,"jmp":54,"endu":54,"ins":65,"dnk":24,"ft":65,"fg":35,"tp":75,"blk":56,"stl":35,"drb":65,"pss":65,"reb":56,"pot":55}],"skills":[]},{"tid":-2,"name":"Rich Manning","pos":"PF","hgt":83,"weight":253,"imgURL":"http://t2.gstatic.com/images?q=tbn:ANd9GcQeLZk9xGsQMS8SkVourYD5XmA7yA2HaOVVTvHtKqr8jG-766BzAGdL866O","born":{"year":1970,"loc":"USA"},"contract":{"amount":"","exp":""},"draft":{"round":"","pick":"","tid":"","originalTid":"","year":"","loc":""},"ratings":[{"hgt":85,"stre":66,"spd":36,"jmp":37,"endu":37,"ins":47,"dnk":46,"ft":55,"fg":33,"tp":4,"blk":66,"stl":45,"drb":24,"pss":35,"reb":66,"pot":45}],"skills":[]},{"tid":-2,"name":"Anthony Reed","pos":"F","hgt":78,"weight":220,"imgURL":"http://www.thedraftreview.com/history/drafted1993/images/anthony-reed.jpg","born":{"year":1971,"loc":"Monroe, LA"},"contract":{"amount":"","exp":""},"draft":{"round":"","pick":"","tid":"","originalTid":"","year":"","loc":""},"ratings":[{"hgt":50,"stre":54,"spd":54,"jmp":54,"endu":54,"ins":45,"dnk":54,"ft":65,"fg":35,"tp":55,"blk":56,"stl":35,"drb":45,"pss":35,"reb":56,"pot":52}],"skills":[]},{"tid":-2,"name":"Adonis Jordan","pos":"PG","hgt":71,"weight":170,"imgURL":"http://www.thedraftreview.com/history/drafted1993/images/adonis-jordan.jpg","born":{"year":1970,"loc":"Brooklyn, NY"},"contract":{"amount":"","exp":""},"draft":{"round":"","pick":"","tid":"","originalTid":"","year":"","loc":""},"ratings":[{"hgt":5,"stre":34,"spd":64,"jmp":43,"endu":65,"ins":45,"dnk":65,"ft":59,"fg":56,"tp":64,"blk":53,"stl":56,"drb":71,"pss":54,"reb":44,"pot":54}],"skills":[]},{"tid":-2,"name":"Josh Grant","pos":"PF","hgt":81,"weight":223,"imgURL":"http://thenolookpass.com/wp-content/uploads/2011/02/IMG-284x300.jpg","born":{"year":1967,"loc":"Salt Lake City, UT"},"contract":{"amount":"","exp":""},"draft":{"round":"","pick":"","tid":"","originalTid":"","year":"","loc":""},"ratings":[{"hgt":72,"stre":65,"spd":35,"jmp":56,"endu":44,"ins":65,"dnk":54,"ft":75,"fg":35,"tp":55,"blk":65,"stl":55,"drb":35,"pss":49,"reb":75,"pot":56}],"skills":[]},{"tid":-2,"name":"Alex Holcombe","pos":"F","hgt":81,"weight":244,"imgURL":"http://www.tradingcarddb.com/Images/Cards/Basketball/2137/2137-92Fr.jpg","born":{"year":1969,"loc":"Houston, TX"},"contract":{"amount":"","exp":""},"draft":{"round":"","pick":"","tid":"","originalTid":"","year":"","loc":""},"ratings":[{"hgt":71,"stre":34,"spd":54,"jmp":54,"endu":54,"ins":65,"dnk":24,"ft":65,"fg":35,"tp":75,"blk":56,"stl":35,"drb":65,"pss":65,"reb":56,"pot":55}],"skills":[]},{"tid":-2,"name":"Bryon Russell","pos":"GF","hgt":79,"weight":225,"imgURL":"http://a.espncdn.com/i/headshots/nba/players/65/742.jpg","born":{"year":1970,"loc":"San Bernardino, CA"},"contract":{"amount":"","exp":""},"draft":{"round":"","pick":"","tid":"","originalTid":"","year":"","loc":""},"ratings":[{"hgt":58,"stre":54,"spd":66,"jmp":62,"endu":54,"ins":35,"dnk":65,"ft":65,"fg":62,"tp":64,"blk":34,"stl":65,"drb":60,"pss":51,"reb":54,"pot":59}],"skills":[]},{"tid":-2,"name":"Richard Petruska","pos":"C","hgt":82,"weight":260,"imgURL":"http://www.clutchfans.net/images/profiles/Richard_Petruska.jpg","born":{"year":1969,"loc":"Levice, Slovenia"},"contract":{"amount":"","exp":""},"draft":{"round":"","pick":"","tid":"","originalTid":"","year":"","loc":""},"ratings":[{"hgt":85,"stre":85,"spd":35,"jmp":43,"endu":55,"ins":54,"dnk":65,"ft":34,"fg":33,"tp":0,"blk":65,"stl":44,"drb":44,"pss":41,"reb":67,"pot":56}],"skills":[]},{"tid":-2,"name":"Chris Whitney","pos":"PG","hgt":72,"weight":168,"imgURL":"http://a.espncdn.com/i/headshots/nba/players/65/913.jpg","born":{"year":1971,"loc":"Hopkinsville, KY"},"contract":{"amount":"","exp":""},"draft":{"round":"","pick":"","tid":"","originalTid":"","year":"","loc":""},"ratings":[{"hgt":7,"stre":34,"spd":65,"jmp":64,"endu":34,"ins":54,"dnk":65,"ft":45,"fg":55,"tp":35,"blk":65,"stl":55,"drb":75,"pss":65,"reb":45,"pot":57}],"skills":[]},{"tid":-2,"name":"Kevin Thompson","pos":"C","hgt":83,"weight":260,"imgURL":"http://www.tradingcarddb.com/Images/Cards/Basketball/2142/2142-673587Fr.jpg","born":{"year":1971,"loc":"USA"},"contract":{"amount":"","exp":""},"draft":{"round":"","pick":"","tid":"","originalTid":"","year":"","loc":""},"ratings":[{"hgt":85,"stre":82,"spd":33,"jmp":54,"endu":55,"ins":65,"dnk":65,"ft":45,"fg":33,"tp":0,"blk":65,"stl":45,"drb":33,"pss":54,"reb":66,"pot":54}],"skills":[]},{"tid":-2,"name":"Mark Buford","pos":"FC","hgt":82,"weight":270,"imgURL":"http://thedraftreview.com/history/drafted1993/images/mark-buford.jpg","born":{"year":1970,"loc":"USA"},"contract":{"amount":"","exp":""},"draft":{"round":"","pick":"","tid":"","originalTid":"","year":"","loc":""},"ratings":[{"hgt":72,"stre":74,"spd":40,"jmp":54,"endu":54,"ins":65,"dnk":24,"ft":65,"fg":35,"tp":0,"blk":56,"stl":35,"drb":25,"pss":35,"reb":56,"pot":50}],"skills":[]},{"tid":-2,"name":"Marcelo Nicola","pos":"F","hgt":82,"weight":225,"imgURL":"http://www.23hq.com/Garzo/photo/1319901/large?signature=440+1161426967+DBA1981234680EF628170A8878593C31DAB4C2F0","born":{"year":1971,"loc":"Rafaela, Argentina"},"contract":{"amount":"","exp":""},"draft":{"round":"","pick":"","tid":"","originalTid":"","year":"","loc":""},"ratings":[{"hgt":75,"stre":34,"spd":44,"jmp":54,"endu":44,"ins":45,"dnk":24,"ft":55,"fg":35,"tp":65,"blk":46,"stl":35,"drb":55,"pss":55,"reb":56,"pot":51}],"skills":[]},{"tid":-2,"name":"Spencer Dunkley","pos":"PF","hgt":82,"weight":230,"imgURL":"http://www.thedraftreview.com/history/drafted1993/images/spencer-dunkley.jpg","born":{"year":1969,"loc":"Wolverhampton, England"},"contract":{"amount":"","exp":""},"draft":{"round":"","pick":"","tid":"","originalTid":"","year":"","loc":""},"ratings":[{"hgt":78,"stre":56,"spd":34,"jmp":54,"endu":44,"ins":55,"dnk":24,"ft":65,"fg":35,"tp":25,"blk":56,"stl":35,"drb":25,"pss":45,"reb":60,"pot":53}],"skills":[]},{"tid":-2,"name":"Mike Peplowski","pos":"C","hgt":82,"weight":270,"imgURL":"http://i28.tinypic.com/2hd8ahh.jpg","born":{"year":1970,"loc":"Detroit, MI"},"contract":{"amount":"","exp":""},"draft":{"round":"","pick":"","tid":"","originalTid":"","year":"","loc":""},"ratings":[{"hgt":79,"stre":76,"spd":24,"jmp":44,"endu":44,"ins":56,"dnk":54,"ft":55,"fg":45,"tp":0,"blk":65,"stl":44,"drb":45,"pss":55,"reb":66,"pot":55}],"skills":[]},{"tid":-2,"name":"Leonard White","pos":"GF","hgt":77,"weight":215,"imgURL":"http://thedraftreview.com/history/drafted1993/images/leonard-white.jpg","born":{"year":1971,"loc":"Century, FL"},"contract":{"amount":"","exp":""},"draft":{"round":"","pick":"","tid":"","originalTid":"","year":"","loc":""},"ratings":[{"hgt":50,"stre":34,"spd":54,"jmp":54,"endu":44,"ins":45,"dnk":24,"ft":45,"fg":35,"tp":45,"blk":36,"stl":35,"drb":55,"pss":55,"reb":46,"pot":45}],"skills":[]},{"tid":-2,"name":"Byron Wilson","pos":"G","hgt":75,"weight":215,"imgURL":"http://www.thedraftreview.com/history/drafted1993/images/byron-wilson.jpg","born":{"year":1971,"loc":"Gary, IN"},"contract":{"amount":"","exp":""},"draft":{"round":"","pick":"","tid":"","originalTid":"","year":"","loc":""},"ratings":[{"hgt":29,"stre":44,"spd":60,"jmp":54,"endu":34,"ins":54,"dnk":65,"ft":45,"fg":55,"tp":35,"blk":65,"stl":55,"drb":45,"pss":65,"reb":45,"pot":51}],"skills":[]},{"tid":-2,"name":"Bo Outlaw","pos":"F","hgt":80,"weight":210,"imgURL":"http://basketball.realgm.com/images/nba/4.2/profiles/photos/2006/Outlaw_Bo_orl.jpg","born":{"year":1971,"loc":"San Antonio, TX"},"contract":{"amount":"","exp":""},"draft":{"round":"","pick":"","tid":"","originalTid":"","year":"","loc":""},"ratings":[{"hgt":66,"stre":61,"spd":59,"jmp":64,"endu":54,"ins":65,"dnk":65,"ft":35,"fg":35,"tp":63,"blk":56,"stl":35,"drb":44,"pss":58,"reb":56,"pot":58}],"skills":[]},{"tid":-2,"name":"Bruce Bowen","pos":"F","hgt":79,"weight":200,"imgURL":"http://cbcdrinkteam.free.fr/images/bowen/bowen.jpg","born":{"year":1971,"loc":"Merced, CA"},"contract":{"amount":"","exp":""},"draft":{"round":"","pick":"","tid":"","originalTid":"","year":"","loc":""},"ratings":[{"hgt":65,"stre":63,"spd":62,"jmp":61,"endu":54,"ins":25,"dnk":28,"ft":65,"fg":35,"tp":71,"blk":56,"stl":43,"drb":35,"pss":59,"reb":56,"pot":56}],"skills":[]},{"tid":-2,"name":"Aaron Williams","pos":"FC","hgt":81,"weight":220,"imgURL":"http://basketball.realgm.com/images/nba/4.2/profiles/photos/2006/Williams_Aaron_lac.jpg","born":{"year":1971,"loc":"Evanston, IL"},"contract":{"amount":"","exp":""},"draft":{"round":"","pick":"","tid":"","originalTid":"","year":"","loc":""},"ratings":[{"hgt":72,"stre":69,"spd":44,"jmp":48,"endu":54,"ins":65,"dnk":24,"ft":65,"fg":35,"tp":0,"blk":66,"stl":45,"drb":37,"pss":43,"reb":68,"pot":55}],"skills":[]},{"tid":-2,"name":"Mitchell Butler","pos":"SG","hgt":77,"weight":210,"imgURL":"http://basketball.realgm.com/images/nba/4.2/profiles/photos/2006/Butler_Mitchell_nba.jpg","born":{"year":1970,"loc":"Oakwood, CA"},"contract":{"amount":"","exp":""},"draft":{"round":"","pick":"","tid":"","originalTid":"","year":"","loc":""},"ratings":[{"hgt":43,"stre":34,"spd":65,"jmp":54,"endu":44,"ins":54,"dnk":65,"ft":45,"fg":55,"tp":35,"blk":65,"stl":55,"drb":45,"pss":65,"reb":45,"pot":57}],"skills":[]},{"tid":-2,"name":"Antonio Harvey","pos":"PF","hgt":83,"weight":225,"imgURL":"http://cdn.hoopshype.com/i/10/a1/f4/antonio_harvey.jpg","born":{"year":1970,"loc":"Pascagoula, MS"},"contract":{"amount":"","exp":""},"draft":{"round":"","pick":"","tid":"","originalTid":"","year":"","loc":""},"ratings":[{"hgt":85,"stre":68,"spd":44,"jmp":42,"endu":54,"ins":65,"dnk":24,"ft":65,"fg":35,"tp":0,"blk":56,"stl":35,"drb":33,"pss":65,"reb":56,"pot":55}],"skills":[]},{"tid":-2,"name":"Reggie Jordan","pos":"G","hgt":76,"weight":195,"imgURL":"http://www.latimes.com/includes/projects/img/lakers/bio_photos/reggie_jordan.jpg","born":{"year":1969,"loc":"USA"},"contract":{"amount":"","exp":""},"draft":{"round":"","pick":"","tid":"","originalTid":"","year":"","loc":""},"ratings":[{"hgt":34,"stre":34,"spd":65,"jmp":54,"endu":34,"ins":54,"dnk":65,"ft":45,"fg":55,"tp":35,"blk":65,"stl":55,"drb":55,"pss":65,"reb":45,"pot":57}],"skills":[]},{"tid":-2,"name":"Kornel David","pos":"F","hgt":81,"weight":235,"imgURL":"http://www.cavshistory.com/images/players/Kornel_David.jpg","born":{"year":1971,"loc":"Hungary"},"contract":{"amount":"","exp":""},"draft":{"round":"","pick":"","tid":"","originalTid":"","year":"","loc":""},"ratings":[{"hgt":65,"stre":34,"spd":54,"jmp":54,"endu":54,"ins":65,"dnk":24,"ft":65,"fg":35,"tp":75,"blk":56,"stl":35,"drb":65,"pss":65,"reb":56,"pot":55}],"skills":[]},{"tid":-2,"name":"Harold Ellis","pos":"G","hgt":77,"weight":200,"imgURL":"http://basketball.realgm.com/images/nba/4.2/profiles/photos/2006/Ellis_Harold_nba.jpg","born":{"year":1970,"loc":"USA"},"contract":{"amount":"","exp":""},"draft":{"round":"","pick":"","tid":"","originalTid":"","year":"","loc":""},"ratings":[{"hgt":42,"stre":34,"spd":62,"jmp":54,"endu":34,"ins":54,"dnk":65,"ft":45,"fg":55,"tp":35,"blk":65,"stl":55,"drb":45,"pss":65,"reb":45,"pot":57}],"skills":[]},{"tid":-2,"name":"Julius Nwosu","pos":"F","hgt":82,"weight":255,"imgURL":"http://goodmenproject.wpengine.netdna-cdn.com/wp-content/uploads/2011/04/julius-nwosu.jpg","born":{"year":1971,"loc":"Nkwere, Nigeria"},"contract":{"amount":"","exp":""},"draft":{"round":"","pick":"","tid":"","originalTid":"","year":"","loc":""},"ratings":[{"hgt":79,"stre":82,"spd":54,"jmp":54,"endu":44,"ins":55,"dnk":24,"ft":65,"fg":35,"tp":0,"blk":56,"stl":35,"drb":25,"pss":45,"reb":56,"pot":53}],"skills":[]},{"tid":-2,
"name":"Ashraf Amaya","pos":"F","hgt":79,"weight":230,"imgURL":"http://i45.tinypic.com/300b2vo.jpg","born":{"year":1971,"loc":"USA"},"contract":{"amount":"","exp":""},"draft":{"round":"","pick":"","tid":"","originalTid":"","year":"","loc":""},"ratings":[{"hgt":65,"stre":34,"spd":54,"jmp":54,"endu":54,"ins":65,"dnk":38,"ft":65,"fg":35,"tp":10,"blk":56,"stl":35,"drb":25,"pss":65,"reb":56,"pot":55}],"skills":[]},{"tid":-2,"name":"Todd Mundt","pos":"C","hgt":84,"weight":250,"imgURL":"http://i.imgur.com/w6a5QII.jpg","born":{"year":1970,"loc":"USA"},"contract":{"amount":"","exp":""},"draft":{"round":"","pick":"","tid":"","originalTid":"","year":"","loc":""},"ratings":[{"hgt":75,"stre":74,"spd":24,"jmp":54,"endu":54,"ins":65,"dnk":24,"ft":65,"fg":35,"tp":75,"blk":56,"stl":35,"drb":15,"pss":65,"reb":56,"pot":50}],"skills":[]},{"tid":-2,"name":"Evric Gray","pos":"F","hgt":79,"weight":235,"imgURL":"http://img.comc.com/i/Basketball/1990-91/Hall-of-Fame-Cards-UNLV-Runnin-Rebels-/11/Evric-Gray.jpg?id=752aadef-4b79-4ab9-b509-eab127ab916b&size=zoom","born":{"year":1969,"loc":"Bloomington, CA"},"contract":{"amount":"","exp":""},"draft":{"round":"","pick":"","tid":"","originalTid":"","year":"","loc":""},"ratings":[{"hgt":65,"stre":34,"spd":54,"jmp":54,"endu":54,"ins":65,"dnk":24,"ft":65,"fg":35,"tp":65,"blk":56,"stl":35,"drb":65,"pss":65,"reb":56,"pot":55}],"skills":[]},{"tid":-2,"name":"Dexter Boney","pos":"SG","hgt":76,"weight":185,"imgURL":"http://www.tradingcarddb.com/Images/Cards/Basketball/2137/2137-672535Fr.jpg","born":{"year":1970,"loc":"Wilmington, DE"},"contract":{"amount":"","exp":""},"draft":{"round":"","pick":"","tid":"","originalTid":"","year":"","loc":""},"ratings":[{"hgt":36,"stre":34,"spd":65,"jmp":54,"endu":34,"ins":54,"dnk":65,"ft":45,"fg":55,"tp":35,"blk":65,"stl":55,"drb":45,"pss":65,"reb":45,"pot":57}],"skills":[]},{"tid":-2,
"name":"Bill Edwards","pos":"F","hgt":80,"weight":215,"imgURL":"http://image.cdnllnwnl.xosnetwork.com/fls/27000/pics/HallofFame/Bill-Edwards.jpg","born":{"year":1971,"loc":"Middletown, OH"},"contract":{"amount":"","exp":""},"draft":{"round":"","pick":"","tid":"","originalTid":"","year":"","loc":""},"ratings":[{"hgt":65,"stre":34,"spd":54,"jmp":54,"endu":54,"ins":65,"dnk":24,"ft":65,"fg":35,"tp":75,"blk":56,"stl":35,"drb":45,"pss":65,"reb":56,"pot":55}],"skills":[]},{"tid":-2,"name":"Stanley Jackson","pos":"G","hgt":75,"weight":185,"imgURL":"http://i.imgur.com/jXW0CVA.png","born":{"year":1970,"loc":"Tuskegee, AL"},"contract":{"amount":"","exp":""},"draft":{"round":"","pick":"","tid":"","originalTid":"","year":"","loc":""},"ratings":[{"hgt":29,"stre":24,"spd":65,"jmp":54,"endu":34,"ins":54,"dnk":65,"ft":45,"fg":55,"tp":35,"blk":65,"stl":55,"drb":45,"pss":65,"reb":45,"pot":55}],"skills":[]},{"tid":-2,"name":"Warren Kidd","pos":"F","hgt":81,"weight":235,"imgURL":"http://www.tradingcarddb.com/Images/Cards/Basketball/2192/2192-676494Fr.jpg","born":{"year":1970,"loc":"Harpersville, AL"},"contract":{"amount":"","exp":""},"draft":{"round":"","pick":"","tid":"","originalTid":"","year":"","loc":""},"ratings":[{"hgt":65,"stre":34,"spd":54,"jmp":54,"endu":54,"ins":65,"dnk":24,"ft":65,"fg":35,"tp":75,"blk":56,"stl":35,"drb":55,"pss":65,"reb":56,"pot":55}],"skills":[]},{"tid":-2,"name":"Antoine Rigaudeau","pos":"GF","hgt":78,"weight":225,"imgURL":"http://basketball.realgm.com/images/nba/4.2/profiles/photos/2006/Rigaudeau_Antoine_nba.jpg","born":{"year":1971,"loc":"Cholet, France"},"contract":{"amount":"","exp":""},"draft":{"round":"","pick":"","tid":"","originalTid":"","year":"","loc":""},"ratings":[{"hgt":51,"stre":34,"spd":54,"jmp":54,"endu":54,"ins":33,"dnk":24,"ft":65,"fg":69,"tp":75,"blk":44,"stl":35,"drb":60,"pss":57,"reb":56,"pot":55}],"skills":[]}]}