{"startingSeason":1990,"players":[{"tid":-2,"name":"Derrick Coleman","pos":"FC","hgt":82,"weight":230,"imgURL":"http://l2.yimg.com/bt/api/res/1.2/H6qo.BfgmMaqIjt3r_oIPQ--/YXBwaWQ9eW5ld3M7cT04NTt3PTYwMA--/http://media.zenfs.com/en/person/Ysports/derrick-coleman-football-headshot-photo.jpg","born":{"year":1967,"loc":"Mobile, AL"},"contract":{"amount":"","exp":""},"draft":{"round":"","pick":"","team":"","orig. team":"","year":"","loc":""},"ratings":[{"hgt":80,"stre":73,"spd":56,"jmp":66,"endu":74,"ins":84,"dnk":82,"ft":64,"fg":72,"tp":32,"blk":67,"stl":54,"drb":34,"pss":54,"reb":83,"pot":70}],"skills":[]},{"tid":-2,"name":"Gary Payton","pos":"PG","hgt":76,"weight":180,"imgURL":"http://a.espncdn.com/i/headshots/nba/players/65/640.jpg","born":{"year":1968,"loc":"Oakland, CA"},"contract":{"amount":"","exp":""},"draft":{"round":"","pick":"","team":"","orig. team":"","year":"","loc":""},"ratings":[{"hgt":50,"stre":55,"spd":85,"jmp":74,"endu":72,"ins":43,"dnk":54,"ft":73,"fg":62,"tp":42,"blk":53,"stl":90,"drb":85,"pss":96,"reb":57,"pot":84}],"skills":[]},{"tid":-2,"name":"Mahmoud Abdul-Rauf","pos":"PG","hgt":73,"weight":162,"imgURL":"http://image.cdnllnwnl.xosnetwork.com/pics10/265/ZT/ZTUZAMCGAELXBOR.20090128161401.jpg","born":{"year":1969,"loc":"Gulfport, MS"},"contract":{"amount":"","exp":""},"draft":{"round":"","pick":"","team":"","orig. team":"","year":"","loc":""},"ratings":[{"hgt":15,"stre":39,"spd":84,"jmp":78,"endu":70,"ins":53,"dnk":70,"ft":95,"fg":74,"tp":45,"blk":34,"stl":69,"drb":74,"pss":60,"reb":57,"pot":70}],"skills":[]},{"tid":-2,"name":"Dennis Scott","pos":"GF","hgt":80,"weight":229,"imgURL":"http://www.thedraftreview.com/history/drafted1990/images/dennis-scott.jpg","born":{"year":1968,"loc":"Hagerstown, MD"},"contract":{"amount":"","exp":""},"draft":{"round":"","pick":"","team":"","orig. team":"","year":"","loc":""},"ratings":[{"hgt":54,"stre":47,"spd":56,"jmp":64,"endu":63,"ins":24,"dnk":55,"ft":75,"fg":68,"tp":82,"blk":32,"stl":54,"drb":63,"pss":57,"reb":53,"pot":64}],"skills":[]},{"tid":-2,"name":"Kendall Gill","pos":"GF","hgt":77,"weight":195,"imgURL":"http://a.espncdn.com/i/headshots/nba/players/65/269.jpg","born":{"year":1968,"loc":"Chicago, IL"},"contract":{"amount":"","exp":""},"draft":{"round":"","pick":"","team":"","orig. team":"","year":"","loc":""},"ratings":[{"hgt":47,"stre":53,"spd":70,"jmp":64,"endu":56,"ins":52,"dnk":57,"ft":74,"fg":63,"tp":67,"blk":34,"stl":54,"drb":65,"pss":74,"reb":63,"pot":67}],"skills":[]},{"tid":-2,"name":"Felton Spencer","pos":"C","hgt":84,"weight":265,"imgURL":"http://a.espncdn.com/i/headshots/nba/players/65/799.jpg","born":{"year":1968,"loc":"Louisville, KY"},"contract":{"amount":"","exp":""},"draft":{"round":"","pick":"","team":"","orig. team":"","year":"","loc":""},"ratings":[{"hgt":78,"stre":78,"spd":35,"jmp":43,"endu":59,"ins":67,"dnk":64,"ft":67,"fg":54,"tp":0,"blk":69,"stl":43,"drb":32,"pss":43,"reb":82,"pot":58}],"skills":[]},{"tid":-2,"name":"Lionel Simmons","pos":"SF","hgt":79,"weight":210,"imgURL":"http://i.imgur.com/bonw7Ex.png","born":{"year":1968,"loc":"Philadelphia, PA"},"contract":{"amount":"","exp":""},"draft":{"round":"","pick":"","team":"","orig. team":"","year":"","loc":""},"ratings":[{"hgt":64,"stre":61,"spd":72,"jmp":74,"endu":71,"ins":54,"dnk":64,"ft":73,"fg":74,"tp":32,"blk":54,"stl":63,"drb":66,"pss":64,"reb":79,"pot":65}],"skills":[]},{"tid":-2,"name":"Bo Kimble","pos":"SG","hgt":76,"weight":190,"imgURL":"http://www.thedraftreview.com/history/drafted1990/images/bo-kimble.jpg","born":{"year":1966,"loc":"Philadelphia, PA"},"contract":{"amount":"","exp":""},"draft":{"round":"","pick":"","team":"","orig. team":"","year":"","loc":""},"ratings":[{"hgt":36,"stre":46,"spd":63,"jmp":64,"endu":45,"ins":53,"dnk":51,"ft":67,"fg":56,"tp":54,"blk":36,"stl":43,"drb":54,"pss":45,"reb":47,"pot":56}],"skills":[]},{"tid":-2,"name":"Willie Burton","pos":"SF","hgt":80,"weight":210,"imgURL":"http://i.imgur.com/ZEFMQYW.jpg","born":{"year":1968,"loc":"Detroit, MI"},"contract":{"amount":"","exp":""},"draft":{"round":"","pick":"","team":"","orig. team":"","year":"","loc":""},"ratings":[{"hgt":64,"stre":60,"spd":63,"jmp":74,"endu":64,"ins":56,"dnk":54,"ft":74,"fg":65,"tp":43,"blk":32,"stl":45,"drb":56,"pss":56,"reb":56,"pot":59}],"skills":[]},{"tid":-2,"name":"Rumeal Robinson","pos":"PG","hgt":74,"weight":195,"imgURL":"http://www.thedraftreview.com/history/drafted1990/images/rumeal-robinson.jpg","born":{"year":1966,"loc":"Mandeville, Jamaica"},"contract":{"amount":"","exp":""},"draft":{"round":"","pick":"","team":"","orig. team":"","year":"","loc":""},"ratings":[{"hgt":21,"stre":34,"spd":66,"jmp":54,"endu":57,"ins":54,"dnk":56,"ft":62,"fg":56,"tp":56,"blk":37,"stl":45,"drb":66,"pss":64,"reb":46,"pot":55}],"skills":[]},{"tid":-2,"name":"Tyrone Hill","pos":"FC","hgt":81,"weight":240,"imgURL":"http://i.cdn.turner.com/nba/nba/teamsites/images/legacy/heat/eightythree0304_hill2_headshot.jpg","born":{"year":1968,"loc":"Cincinnati, OH"},"contract":{"amount":"","exp":""},"draft":{"round":"","pick":"","team":"","orig. team":"","year":"","loc":""},"ratings":[{"hgt":78,"stre":73,"spd":45,"jmp":57,"endu":43,"ins":75,"dnk":72,"ft":63,"fg":54,"tp":0,"blk":45,"stl":54,"drb":43,"pss":46,"reb":88,"pot":66}],"skills":[]},{"tid":-2,"name":"Alec Kessler","pos":"FC","hgt":83,"weight":230,"imgURL":"http://www.thedraftreview.com/history/drafted1990/images/alec-kessler.jpg","born":{"year":1967,"loc":"Minneapolis, MN"},"contract":{"amount":"","exp":""},"draft":{"round":"","pick":"","team":"","orig. team":"","year":"","loc":""},"ratings":[{"hgt":74,"stre":67,"spd":54,"jmp":45,"endu":56,"ins":74,"dnk":77,"ft":67,"fg":54,"tp":12,"blk":43,"stl":23,"drb":43,"pss":34,"reb":64,"pot":54}],"skills":[]},{"tid":-2,"name":"Loy Vaught","pos":"PF","hgt":81,"weight":230,"imgURL":"http://a.espncdn.com/i/headshots/nba/players/65/875.jpg","born":{"year":1968,"loc":"Grand Rapids, MI"},"contract":{"amount":"","exp":""},"draft":{"round":"","pick":"","team":"","orig. team":"","year":"","loc":""},"ratings":[{"hgt":72,"stre":66,"spd":56,"jmp":45,"endu":69,"ins":65,"dnk":63,"ft":68,"fg":54,"tp":28,"blk":56,"stl":47,"drb":43,"pss":47,"reb":87,"pot":67}],"skills":[]},{"tid":-2,"name":"Travis Mays","pos":"PG","hgt":74,"weight":190,"imgURL":"http://www.tradingcarddb.com/Images/Cards/Basketball/2125/2125-379Fr.jpg","born":{"year":1968,"loc":"Ocala, FL"},"contract":{"amount":"","exp":""},"draft":{"round":"","pick":"","team":"","orig. team":"","year":"","loc":""},"ratings":[{"hgt":21,"stre":45,"spd":63,"jmp":64,"endu":62,"ins":47,"dnk":54,"ft":74,"fg":54,"tp":54,"blk":23,"stl":45,"drb":63,"pss":65,"reb":47,"pot":57}],"skills":[]},{"tid":-2,"name":"Dave Jamerson","pos":"SG","hgt":77,"weight":190,"imgURL":"http://www.thedraftreview.com/history/drafted1990/images/dave-jamerson.jpg","born":{"year":1967,"loc":"Clarksburg, WV"},"contract":{"amount":"","exp":""},"draft":{"round":"","pick":"","team":"","orig. team":"","year":"","loc":""},"ratings":[{"hgt":45,"stre":43,"spd":54,"jmp":63,"endu":53,"ins":43,"dnk":46,"ft":67,"fg":56,"tp":45,"blk":32,"stl":43,"drb":64,"pss":45,"reb":54,"pot":56}],"skills":[]},{"tid":-2,"name":"Terry Mills","pos":"PF","hgt":82,"weight":230,"imgURL":"http://www.hispanosnba.com/imagenes/jugadores_img/terry-mills.jpg","born":{"year":1967,"loc":"Romulus, MI"},"contract":{"amount":"","exp":""},"draft":{"round":"","pick":"","team":"","orig. team":"","year":"","loc":""},"ratings":[{"hgt":74,"stre":65,"spd":56,"jmp":53,"endu":63,"ins":65,"dnk":68,"ft":64,"fg":64,"tp":64,"blk":65,"stl":54,"drb":48,"pss":46,"reb":83,"pot":63}],"skills":[]},{"tid":-2,"name":"Jerrod Mustaf","pos":"PF","hgt":82,"weight":238,"imgURL":"http://www.bdbasket.com/i/j/1469.jpg","born":{"year":1969,"loc":"Whiteville, NC"},"contract":{"amount":"","exp":""},"draft":{"round":"","pick":"","team":"","orig. team":"","year":"","loc":""},"ratings":[{"hgt":79,"stre":64,"spd":57,"jmp":45,"endu":57,"ins":65,"dnk":64,"ft":64,"fg":57,"tp":0,"blk":74,"stl":45,"drb":40,"pss":43,"reb":64,"pot":57}],"skills":[]},{"tid":-2,"name":"Duane Causwell","pos":"C","hgt":84,"weight":240,"imgURL":"http://www.legendsofbasketball.com/wp-content/uploads/2012/02/Duane_causwell.jpg","born":{"year":1968,"loc":"Queens Village, NY"},"contract":{"amount":"","exp":""},"draft":{"round":"","pick":"","team":"","orig. team":"","year":"","loc":""},"ratings":[{"hgt":92,"stre":74,"spd":34,"jmp":54,"endu":57,"ins":68,"dnk":57,"ft":63,"fg":50,"tp":0,"blk":75,"stl":43,"drb":33,"pss":37,"reb":74,"pot":58}],"skills":[]},{"tid":-2,"name":"Dee Brown","pos":"G","hgt":73,"weight":160,"imgURL":"http://d2cwpp38twqe55.cloudfront.net/images-009/players/brownde01.jpg","born":{"year":1968,"loc":"Jacksonville, FL"},"contract":{"amount":"","exp":""},"draft":{"round":"","pick":"","team":"","orig. team":"","year":"","loc":""},"ratings":[{"hgt":47,"stre":43,"spd":64,"jmp":87,"endu":54,"ins":43,"dnk":90,"ft":76,"fg":54,"tp":45,"blk":23,"stl":54,"drb":58,"pss":74,"reb":63,"pot":62}],"skills":[]},{"tid":-2,"name":"Gerald Glass","pos":"SF","hgt":77,"weight":221,"imgURL":"http://www.thedraftreview.com/history/drafted1990/images/gerald-glass.jpg","born":{"year":1967,"loc":"Greenwood, MS"},"contract":{"amount":"","exp":""},"draft":{"round":"","pick":"","team":"","orig. team":"","year":"","loc":""},"ratings":[{"hgt":43,"stre":54,"spd":65,"jmp":65,"endu":54,"ins":43,"dnk":37,"ft":57,"fg":54,"tp":34,"blk":32,"stl":56,"drb":63,"pss":54,"reb":43,"pot":57}],"skills":[]},{"tid":-2,"name":"Jayson Williams","pos":"FC","hgt":81,"weight":240,"imgURL":"http://assets.nydailynews.com/polopoly_fs/1.1065873!/img/httpImage/image.jpg_gen/derivatives/article_970/nets23s-1-web.jpg","born":{"year":1968,"loc":"Ritter, SC"},"contract":{"amount":"","exp":""},"draft":{"round":"","pick":"","team":"","orig. team":"","year":"","loc":""},"ratings":[{"hgt":78,"stre":75,"spd":43,"jmp":72,"endu":56,"ins":74,"dnk":56,"ft":54,"fg":42,"tp":12,"blk":43,"stl":43,"drb":45,"pss":42,"reb":83,"pot":60}],"skills":[]},{"tid":-2,"name":"Tate George","pos":"G","hgt":77,"weight":190,"imgURL":"http://therealdeal.com/wp-content/uploads/2011/10/074TRD1111_george.jpg","born":{"year":1968,"loc":"Newark, NJ"},"contract":{"amount":"","exp":""},"draft":{"round":"","pick":"","team":"","orig. team":"","year":"","loc":""},"ratings":[{"hgt":45,"stre":47,"spd":64,"jmp":64,"endu":47,"ins":43,"dnk":45,"ft":64,"fg":58,"tp":54,"blk":36,"stl":64,"drb":64,"pss":63,"reb":43,"pot":56}],"skills":[]},{"tid":-2,"name":"Anthony Bonner","pos":"PF","hgt":80,"weight":215,"imgURL":"http://www.tradingcarddb.com/Images/Cards/Basketball/2192/2192-676537Fr.jpg","born":{"year":1968,"loc":"St. Louis, MO"},"contract":{"amount":"","exp":""},"draft":{"round":"","pick":"","team":"","orig. team":"","year":"","loc":""},"ratings":[{"hgt":75,"stre":74,"spd":46,"jmp":45,"endu":56,"ins":65,"dnk":63,"ft":57,"fg":43,"tp":36,"blk":64,"stl":43,"drb":45,"pss":37,"reb":65,"pot":55}],"skills":[]},{"tid":-2,"name":"Dwayne Schintzius","pos":"C","hgt":85,"weight":260,"imgURL":"https://usatthebiglead.files.wordpress.com/2011/01/schintzius1.jpg","born":{"year":1968,"loc":"Brandon, FL"},"contract":{"amount":"","exp":""},"draft":{"round":"","pick":"","team":"","orig. team":"","year":"","loc":""},"ratings":[{"hgt":84,"stre":76,"spd":43,"jmp":58,"endu":54,"ins":85,"dnk":83,"ft":56,"fg":46,"tp":13,"blk":45,"stl":46,"drb":23,"pss":34,"reb":65,"pot":57}],"skills":[]},{"tid":-2,"name":"Alaa Abdelnaby","pos":"PF","hgt":82,"weight":240,"imgURL":"http://thedraftreview.com/history/drafted1990/images/alaa-abdelnaby.jpg","born":{"year":1968,"loc":"Cairo, Egypt"},"contract":{"amount":"","exp":""},"draft":{"round":"","pick":"","team":"","orig. team":"","year":"","loc":""},"ratings":[{"hgt":83,"stre":61,"spd":37,"jmp":23,"endu":45,"ins":67,"dnk":43,"ft":56,"fg":52,"tp":21,"blk":42,"stl":16,"drb":24,"pss":34,"reb":62,"pot":45}],"skills":[]},{"tid":-2,"name":"Lance Blanks","pos":"SG","hgt":76,"weight":190,"imgURL":"http://d2cwpp38twqe55.cloudfront.net/images/images-003/players/blankla01.jpg","born":{"year":1966,"loc":"Del Rio, TX"},"contract":{"amount":"","exp":""},"draft":{"round":"","pick":"","team":"","orig. team":"","year":"","loc":""},"ratings":[{"hgt":46,"stre":37,"spd":64,"jmp":63,"endu":57,"ins":46,"dnk":37,"ft":74,"fg":54,"tp":34,"blk":13,"stl":32,"drb":56,"pss":43,"reb":34,"pot":46}],"skills":[]},{"tid":-2,"name":"Elden Campbell","pos":"FC","hgt":83,"weight":215,"imgURL":"http://a.espncdn.com/i/headshots/nba/players/65/127.jpg","born":{"year":1968,"loc":"Los Angeles, CA"},"contract":{"amount":"","exp":""},"draft":{"round":"","pick":"","team":"","orig. team":"","year":"","loc":""},"ratings":[{"hgt":84,"stre":75,"spd":43,"jmp":54,"endu":43,"ins":65,"dnk":74,"ft":64,"fg":45,"tp":12,"blk":64,"stl":32,"drb":43,"pss":43,"reb":87,"pot":63}],"skills":[]},{"tid":-2,"name":"Les Jepsen","pos":"C","hgt":84,"weight":237,"imgURL":"http://i.imgur.com/w65eITw.jpg","born":{"year":1967,"loc":"Bowbells, ND"},"contract":{"amount":"","exp":""},"draft":{"round":"","pick":"","team":"","orig. team":"","year":"","loc":""},"ratings":[{"hgt":90,"stre":65,"spd":43,"jmp":45,"endu":45,"ins":53,"dnk":65,"ft":54,"fg":54,"tp":16,"blk":67,"stl":54,"drb":32,"pss":43,"reb":65,"pot":55}],"skills":[]},{"tid":-2,"name":"Toni Kukoc","pos":"SF","hgt":82,"weight":192,"imgURL":"http://vignette4.wikia.nocookie.net/nba/images/f/fc/Toni_Kuko%C4%8D.jpg/revision/latest?cb=20101128170957","born":{"year":1968,"loc":"Split, Croatia"},"contract":{"amount":"","exp":""},"draft":{"round":"","pick":"","team":"","orig. team":"","year":"","loc":""},"ratings":[{"hgt":78,"stre":56,"spd":73,"jmp":65,"endu":64,"ins":56,"dnk":46,"ft":74,"fg":64,"tp":72,"blk":43,"stl":54,"drb":54,"pss":78,"reb":75,"pot":69}],"skills":[]},{"tid":-2,"name":"Carl Herrera","pos":"PF","hgt":81,"weight":215,"imgURL":"http://www.clutchfans.net/images/profiles/Carl_Herrera.jpg","born":{"year":1966,"loc":"Trinidad, Trinidad and Tobago"},"contract":{"amount":"","exp":""},"draft":{"round":"","pick":"","team":"","orig. team":"","year":"","loc":""},"ratings":[{"hgt":72,"stre":64,"spd":53,"jmp":43,"endu":54,"ins":64,"dnk":63,"ft":52,"fg":56,"tp":32,"blk":67,"stl":45,"drb":43,"pss":43,"reb":67,"pot":56}],"skills":[]},{"tid":-2,"name":"Negele Knight","pos":"PG","hgt":73,"weight":175,"imgURL":"http://thedraftreview.com/history/drafted1990/images/negele-knight.jpg","born":{"year":1967,"loc":"Detroit, MI"},"contract":{"amount":"","exp":""},"draft":{"round":"","pick":"","team":"","orig. team":"","year":"","loc":""},"ratings":[{"hgt":14,"stre":43,"spd":65,"jmp":54,"endu":43,"ins":46,"dnk":43,"ft":65,"fg":56,"tp":53,"blk":34,"stl":54,"drb":69,"pss":78,"reb":37,"pot":51}],"skills":[]},{"tid":-2,"name":"Brian Oliver","pos":"SG","hgt":76,"weight":210,"imgURL":"http://www.thedraftreview.com/history/drafted1990/images/brian-oliver.jpg","born":{"year":1968,"loc":"Chicago, IL"},"contract":{"amount":"","exp":""},"draft":{"round":"","pick":"","team":"","orig. team":"","year":"","loc":""},"ratings":[{"hgt":36,"stre":46,"spd":65,"jmp":63,"endu":54,"ins":47,"dnk":43,"ft":67,"fg":64,"tp":64,"blk":37,"stl":54,"drb":64,"pss":56,"reb":63,"pot":56}],"skills":[]},{"tid":-2,"name":"Walter Palmer","pos":"C","hgt":85,"weight":215,"imgURL":"http://i.imgur.com/rmJQdnk.png?1","born":{"year":1968,"loc":"Ithaca, NY"},"contract":{"amount":"","exp":""},"draft":{"round":"","pick":"","team":"","orig. team":"","year":"","loc":""},"ratings":[{"hgt":92,"stre":65,"spd":43,"jmp":44,"endu":54,"ins":64,"dnk":62,"ft":56,"fg":43,"tp":23,"blk":64,"stl":43,"drb":46,"pss":48,"reb":65,"pot":56}],"skills":[]},{"tid":-2,"name":"Kevin Pritchard","pos":"PG","hgt":75,"weight":180,"imgURL":"http://www.thedraftreview.com/history/drafted1990/images/kevin-pritchard.jpg","born":{"year":1967,"loc":"Bloomington, IN"},"contract":{"amount":"","exp":""},"draft":{"round":"","pick":"","team":"","orig. team":"","year":"","loc":""},"ratings":[{"hgt":29,"stre":36,"spd":54,"jmp":65,"endu":45,"ins":32,"dnk":43,"ft":54,"fg":56,"tp":54,"blk":65,"stl":34,"drb":54,"pss":66,"reb":43,"pot":48}],"skills":[]},{"tid":-2,"name":"Greg Foster","pos":"FC","hgt":83,"weight":240,"imgURL":"http://d2cwpp38twqe55.cloudfront.net/images-008/players/fostegr01.jpg","born":{"year":1968,"loc":"Oakland, CA"},"contract":{"amount":"","exp":""},"draft":{"round":"","pick":"","team":"","orig. team":"","year":"","loc":""},"ratings":[{"hgt":85,"stre":67,"spd":45,"jmp":54,"endu":32,"ins":43,"dnk":54,"ft":65,"fg":34,"tp":10,"blk":43,"stl":40,"drb":32,"pss":43,"reb":54,"pot":53}],"skills":[]},{"tid":-2,"name":"Trevor Wilson","pos":"PF","hgt":79,"weight":210,"imgURL":"http://www.tradingcarddb.com/Images/Cards/Basketball/2192/2192-676457Fr.jpg","born":{"year":1968,"loc":"Los Angeles, CA"},"contract":{"amount":"","exp":""},"draft":{"round":"","pick":"","team":"","orig. team":"","year":"","loc":""},"ratings":[{"hgt":65,"stre":65,"spd":49,"jmp":45,"endu":51,"ins":65,"dnk":67,"ft":34,"fg":65,"tp":0,"blk":31,"stl":49,"drb":38,"pss":54,"reb":67,"pot":55}],"skills":[]},{"tid":-2,"name":"A.J. English","pos":"SG","hgt":75,"weight":175,"imgURL":"http://www.laststicker.com/i/cards/1431/191.jpg","born":{"year":1967,"loc":"Wilmington, DE"},"contract":{"amount":"","exp":""},"draft":{"round":"","pick":"","team":"","orig. team":"","year":"","loc":""},"ratings":[{"hgt":29,"stre":55,"spd":59,"jmp":54,"endu":34,"ins":54,"dnk":23,"ft":54,"fg":43,"tp":65,"blk":46,"stl":34,"drb":54,"pss":32,"reb":43,"pot":48}],"skills":[]},{"tid":-2,"name":"Jud Buechler","pos":"SF","hgt":78,"weight":220,"imgURL":"http://a.espncdn.com/i/headshots/nba/players/65/112.jpg","born":{"year":1968,"loc":"San Diego, CA"},"contract":{"amount":"","exp":""},"draft":{"round":"","pick":"","team":"","orig. team":"","year":"","loc":""},"ratings":[{"hgt":52,"stre":65,"spd":34,"jmp":56,"endu":76,"ins":34,"dnk":65,"ft":43,"fg":43,"tp":32,"blk":23,"stl":43,"drb":54,"pss":65,"reb":34,"pot":48}],"skills":[]},{"tid":-2,"name":"Steve Scheffler","pos":"C","hgt":81,"weight":250,"imgURL":"http://seattletimes.com/ABPub/2008/07/08/2008039278.jpg","born":{"year":1967,"loc":"Grand Rapids, MI"},"contract":{"amount":"","exp":""},"draft":{"round":"","pick":"","team":"","orig. team":"","year":"","loc":""},"ratings":[{"hgt":71,"stre":68,"spd":54,"jmp":32,"endu":43,"ins":54,"dnk":34,"ft":54,"fg":23,"tp":54,"blk":34,"stl":54,"drb":25,"pss":34,"reb":43,"pot":48}],"skills":[]},{"tid":-2,"name":"Bimbo Coles","pos":"PG","hgt":73,"weight":180,"imgURL":"http://i.cdn.turner.com/nba/nba/teamsites/images/legacy/heat/eightythree0304_coles_headshot.jpg","born":{"year":1968,"loc":"Covington, VA"},"contract":{"amount":"","exp":""},"draft":{"round":"","pick":"","team":"","orig. team":"","year":"","loc":""},"ratings":[{"hgt":14,"stre":34,"spd":65,"jmp":65,"endu":54,"ins":65,"dnk":34,"ft":87,"fg":34,"tp":65,"blk":23,"stl":54,"drb":70,"pss":68,"reb":23,"pot":49}],"skills":[]},{"tid":-2,"name":"Steve Bardo","pos":"SG","hgt":77,"weight":190,"imgURL":"http://www.thedraftreview.com/history/drafted1990/images/steve-bardo.jpg","born":{"year":1968,"loc":"Henderson, KY"},"contract":{"amount":"","exp":""},"draft":{"round":"","pick":"","team":"","orig. team":"","year":"","loc":""},"ratings":[{"hgt":43,"stre":54,"spd":65,"jmp":34,"endu":54,"ins":34,"dnk":54,"ft":65,"fg":34,"tp":54,"blk":65,"stl":34,"drb":44,"pss":43,"reb":56,"pot":48}],"skills":[]},{"tid":-2,"name":"Marcus Liberty","pos":"SF","hgt":80,"weight":205,"imgURL":"http://www.marcusliberty.com/images/free-throw.jpg","born":{"year":1968,"loc":"Chicago, IL"},"contract":{"amount":"","exp":""},"draft":{"round":"","pick":"","team":"","orig. team":"","year":"","loc":""},"ratings":[{"hgt":64,"stre":69,"spd":65,"jmp":34,"endu":54,"ins":34,"dnk":54,"ft":65,"fg":59,"tp":34,"blk":21,"stl":43,"drb":54,"pss":65,"reb":34,"pot":51}],"skills":[]},{"tid":-2,"name":"Tony Massenburg","pos":"FC","hgt":81,"weight":220,"imgURL":"http://www.tradingcarddb.com/Images/Cards/Basketball/2311/2311-199Fr.jpg","born":{"year":1967,"loc":"Sussex, VA"},"contract":{"amount":"","exp":""},"draft":{"round":"","pick":"","team":"","orig. team":"","year":"","loc":""},"ratings":[{"hgt":73,"stre":77,"spd":40,"jmp":48,"endu":34,"ins":56,"dnk":43,"ft":45,"fg":65,"tp":0,"blk":54,"stl":56,"drb":43,"pss":56,"reb":73,"pot":54}],"skills":[]},{"tid":-2,"name":"Steve Henson","pos":"PG","hgt":71,"weight":177,"imgURL":"http://www.thedraftreview.com/history/drafted1990/images/steve-henson.jpg","born":{"year":1968,"loc":"Junction City, KS"},"contract":{"amount":"","exp":""},"draft":{"round":"","pick":"","team":"","orig. team":"","year":"","loc":""},"ratings":[{"hgt":2,"stre":34,"spd":64,"jmp":65,"endu":23,"ins":45,"dnk":54,"ft":23,"fg":54,"tp":76,"blk":34,"stl":54,"drb":65,"pss":70,"reb":34,"pot":54}],"skills":[]},{"tid":-2,"name":"Antonio Davis","pos":"FC","hgt":81,"weight":215,"imgURL":"http://a.espncdn.com/i/headshots/nba/players/65/189.jpg","born":{"year":1968,"loc":"Oakland, CA"},"contract":{"amount":"","exp":""},"draft":{"round":"","pick":"","team":"","orig. team":"","year":"","loc":""},"ratings":[{"hgt":72,"stre":77,"spd":53,"jmp":67,"endu":60,"ins":67,"dnk":62,"ft":54,"fg":44,"tp":22,"blk":65,"stl":32,"drb":44,"pss":34,"reb":84,"pot":63}],"skills":[]},{"tid":-2,"name":"Kenny Williams","pos":"SF","hgt":81,"weight":205,"imgURL":"http://rolandmartinreports.com/wp-content/uploads/2013/08/kennywilliamsarrested.jpg","born":{"year":1969,"loc":"Elizabeth City, NC"},"contract":{"amount":"","exp":""},"draft":{"round":"","pick":"","team":"","orig. team":"","year":"","loc":""},"ratings":[{"hgt":71,"stre":54,"spd":65,"jmp":34,"endu":54,"ins":23,"dnk":54,"ft":76,"fg":45,"tp":76,"blk":45,"stl":43,"drb":65,"pss":34,"reb":65,"pot":56}],"skills":[]},{"tid":-2,"name":"Derek Strong","pos":"PF","hgt":80,"weight":220,"imgURL":"http://www.nba.com/media/playerfile/derek_strong.jpg","born":{"year":1968,"loc":"Los Angeles, CA"},"contract":{"amount":"","exp":""},"draft":{"round":"","pick":"","team":"","orig. team":"","year":"","loc":""},"ratings":[{"hgt":69,"stre":82,"spd":54,"jmp":32,"endu":45,"ins":54,"dnk":65,"ft":34,"fg":65,"tp":34,"blk":54,"stl":45,"drb":35,"pss":45,"reb":54,"pot":53}],"skills":[]},{"tid":-2,"name":"Cedric Ceballos","pos":"SF","hgt":78,"weight":190,"imgURL":"http://cedceballos.com/wp/wp-content/uploads/2011/10/ceballos1.jpg","born":{"year":1969,"loc":"Maui, HI"},"contract":{"amount":"","exp":""},"draft":{"round":"","pick":"","team":"","orig. team":"","year":"","loc":""},"ratings":[{"hgt":51,"stre":54,"spd":65,"jmp":74,"endu":54,"ins":50,"dnk":82,"ft":65,"fg":75,"tp":75,"blk":43,"stl":23,"drb":43,"pss":54,"reb":34,"pot":53}],"skills":[]},{"tid":-2,"name":"Milos Babic","pos":"FC","hgt":84,"weight":240,"imgURL":"http://www.cavshistory.com/images/players/Milos_Babic.jpg","born":{"year":1968,"loc":"Kraljevo, Serbia"},"contract":{"amount":"","exp":""},"draft":{"round":"","pick":"","team":"","orig. team":"","year":"","loc":""},"ratings":[{"hgt":87,"stre":74,"spd":35,"jmp":34,"endu":65,"ins":34,"dnk":56,"ft":34,"fg":54,"tp":0,"blk":64,"stl":23,"drb":43,"pss":34,"reb":54,"pot":48}],"skills":[]},{"tid":-2,"name":"Tony Smith","pos":"G","hgt":75,"weight":185,"imgURL":"http://d2cwpp38twqe55.cloudfront.net/images/images-003/players/smithto02.jpg","born":{"year":1968,"loc":"Wauwatosa, WI"},"contract":{"amount":"","exp":""},"draft":{"round":"","pick":"","team":"","orig. team":"","year":"","loc":""},"ratings":[{"hgt":29,"stre":40,"spd":64,"jmp":67,"endu":57,"ins":34,"dnk":65,"ft":75,"fg":65,"tp":36,"blk":34,"stl":57,"drb":54,"pss":65,"reb":55,"pot":58}],"skills":[]},{"tid":-2,"name":"Stefano Rusconi","pos":"PF","hgt":81,"weight":240,"imgURL":"http://www.nba.com/media/suns/rusconi_globe_250.jpg","born":{"year":1968,"loc":"Bassanod'Grappa, Italy"},"contract":{"amount":"","exp":""},"draft":{"round":"","pick":"","team":"","orig. team":"","year":"","loc":""},"ratings":[{"hgt":72,"stre":65,"spd":43,"jmp":54,"endu":55,"ins":34,"dnk":54,"ft":34,"fg":54,"tp":34,"blk":54,"stl":34,"drb":48,"pss":65,"reb":45,"pot":55}],"skills":[]},{"tid":-2,"name":"Abdul Shamsid-Deen","pos":"FC","hgt":82,"weight":225,"imgURL":"http://www.thedraftreview.com/history/drafted1990/images/abdul-shamsiddeen.jpg","born":{"year":1968,"loc":"Staten Island, NY"},"contract":{"amount":"","exp":""},"draft":{"round":"","pick":"","team":"","orig. team":"","year":"","loc":""},"ratings":[{"hgt":88,"stre":76,"spd":12,"jmp":47,"endu":46,"ins":58,"dnk":52,"ft":61,"fg":34,"tp":0,"blk":75,"stl":12,"drb":45,"pss":48,"reb":78,"pot":54}],"skills":[]},{"tid":-2,"name":"Sean Higgins","pos":"SF","hgt":81,"weight":205,"imgURL":"http://www.thedraftreview.com/history/drafted1990/images/sean-higgins.jpg","born":{"year":1968,"loc":"Los Angeles, CA"},"contract":{"amount":"","exp":""},"draft":{"round":"","pick":"","team":"","orig. team":"","year":"","loc":""},"ratings":[{"hgt":54,"stre":65,"spd":43,"jmp":54,"endu":65,"ins":45,"dnk":34,"ft":54,"fg":65,"tp":45,"blk":34,"stl":54,"drb":54,"pss":65,"reb":45,"pot":53}],"skills":[]},{"tid":-2,"name":"Scott Williams","pos":"FC","hgt":82,"weight":230,"imgURL":"http://basketball.realgm.com/images/nba/4.2/profiles/photos/2006/Williams_Scott_nba.jpg","born":{"year":1968,"loc":"Hacienda Heights, CA"},"contract":{"amount":"","exp":""},"draft":{"round":"","pick":"","team":"","orig. team":"","year":"","loc":""},"ratings":[{"hgt":76,"stre":67,"spd":23,"jmp":78,"endu":54,"ins":76,"dnk":74,"ft":65,"fg":54,"tp":0,"blk":78,"stl":34,"drb":45,"pss":42,"reb":88,"pot":58}],"skills":[]},{"tid":-2,"name":"Matt Bullard","pos":"PF","hgt":82,"weight":215,"imgURL":"http://basketball.realgm.com/images/nba/4.2/profiles/photos/2006/Bullard_Matt_nba.jpg","born":{"year":1967,"loc":"Des Moines, IA"},"contract":{"amount":"","exp":""},"draft":{"round":"","pick":"","team":"","orig. team":"","year":"","loc":""},"ratings":[{"hgt":75,"stre":59,"spd":42,"jmp":55,"endu":57,"ins":56,"dnk":61,"ft":71,"fg":66,"tp":62,"blk":46,"stl":42,"drb":37,"pss":42,"reb":55,"pot":56}],"skills":[]},{"tid":-2,"name":"Michael Curry","pos":"GF","hgt":77,"weight":210,"imgURL":"http://basketball.realgm.com/images/nba/4.2/profiles/photos/2006/Curry_Michael_det.jpg","born":{"year":1968,"loc":"Anniston, AL"},"contract":{"amount":"","exp":""},"draft":{"round":"","pick":"","team":"","orig. team":"","year":"","loc":""},"ratings":[{"hgt":43,"stre":46,"spd":65,"jmp":49,"endu":60,"ins":31,"dnk":20,"ft":62,"fg":43,"tp":49,"blk":12,"stl":62,"drb":53,"pss":62,"reb":43,"pot":54}],"skills":[]},{"tid":-2,"name":"Marty Conlon","pos":"FC","hgt":82,"weight":224,"imgURL":"http://i.cdn.turner.com/nba/nba/teamsites/images/legacy/clippers/marty_conlon.jpg","born":{"year":1968,"loc":"Bronx, NY"},"contract":{"amount":"","exp":""},"draft":{"round":"","pick":"","team":"","orig. team":"","year":"","loc":""},"ratings":[{"hgt":75,"stre":63,"spd":32,"jmp":65,"endu":57,"ins":62,"dnk":61,"ft":61,"fg":31,"tp":21,"blk":56,"stl":42,"drb":41,"pss":47,"reb":61,"pot":56}],"skills":[]},{"tid":-2,"name":"Keith Askins","pos":"SF","hgt":79,"weight":197,"imgURL":"http://i.imgur.com/XflMxsE.png","born":{"year":1967,"loc":"Athens, AL"},"contract":{"amount":"","exp":""},"draft":{"round":"","pick":"","team":"","orig. team":"","year":"","loc":""},"ratings":[{"hgt":58,"stre":57,"spd":52,"jmp":65,"endu":57,"ins":32,"dnk":61,"ft":61,"fg":31,"tp":29,"blk":56,"stl":42,"drb":41,"pss":47,"reb":61,"pot":56}],"skills":[]},{"tid":-2,"name":"David Benoit","pos":"SF","hgt":80,"weight":220,"imgURL":"http://basketball.realgm.com/images/nba/4.2/profiles/photos/2006/Benoit_David_japan.jpg","born":{"year":1968,"loc":"Lafayette, LA"},"contract":{"amount":"","exp":""},"draft":{"round":"","pick":"","team":"","orig. team":"","year":"","loc":""},"ratings":[{"hgt":64,"stre":52,"spd":62,"jmp":65,"endu":57,"ins":32,"dnk":61,"ft":61,"fg":31,"tp":21,"blk":56,"stl":42,"drb":41,"pss":47,"reb":61,"pot":56}],"skills":[]},{"tid":-2,"name":"Eldridge Recasner","pos":"PG","hgt":75,"weight":190,"imgURL":"http://basketball.realgm.com/images/nba/4.2/profiles/photos/2006/Recasner_Eldridge_nba.jpg","born":{"year":1967,"loc":"New Orleans, LA"},"contract":{"amount":"","exp":""},"draft":{"round":"","pick":"","team":"","orig. team":"","year":"","loc":""},"ratings":[{"hgt":29,"stre":37,"spd":65,"jmp":50,"endu":55,"ins":31,"dnk":56,"ft":72,"fg":63,"tp":53,"blk":12,"stl":62,"drb":75,"pss":70,"reb":43,"pot":54}],"skills":[]},{"tid":-2,"name":"Alan Ogg","pos":"C","hgt":86,"weight":240,"imgURL":"http://lifeinlegacy.com/2009/1107/OggAlan.jpg","born":{"year":1967,"loc":"Lancaster, OH"},"contract":{"amount":"","exp":""},"draft":{"round":"","pick":"","team":"","orig. team":"","year":"","loc":""},"ratings":[{"hgt":92,"stre":63,"spd":32,"jmp":35,"endu":57,"ins":62,"dnk":61,"ft":61,"fg":31,"tp":21,"blk":56,"stl":42,"drb":41,"pss":47,"reb":61,"pot":56}],"skills":[]},{"tid":-2,"name":"Larry Robinson","pos":"SG","hgt":75,"weight":180,"imgURL":"http://basketball.realgm.com/images/nba/4.2/profiles/photos/2006/Robinson_Larry_nba.jpg","born":{"year":1968,"loc":"Bossier City, LA"},"contract":{"amount":"","exp":""},"draft":{"round":"","pick":"","team":"","orig. team":"","year":"","loc":""},"ratings":[{"hgt":43,"stre":37,"spd":65,"jmp":45,"endu":75,"ins":31,"dnk":20,"ft":62,"fg":63,"tp":59,"blk":12,"stl":62,"drb":53,"pss":62,"reb":43,"pot":54}],"skills":[]},{"tid":-2,"name":"Dan O'Sullivan","pos":"C","hgt":82,"weight":250,"imgURL":"http://www.aek.com/basketball/Gallery/dan_osullivan.jpg","born":{"year":1968,"loc":"Bronx, NY"},"contract":{"amount":"","exp":""},"draft":{"round":"","pick":"","team":"","orig. team":"","year":"","loc":""},"ratings":[{"hgt":79,"stre":70,"spd":32,"jmp":45,"endu":50,"ins":62,"dnk":61,"ft":77,"fg":31,"tp":0,"blk":56,"stl":42,"drb":41,"pss":47,"reb":61,"pot":56}],"skills":[]},{"tid":-2,"name":"Melvin Newbern","pos":"G","hgt":76,"weight":200,"imgURL":"http://images.delcampe.com/img_large/auction/000/074/325/314_001.jpg","born":{"year":1967,"loc":"Toledo, OH"},"contract":{"amount":"","exp":""},"draft":{"round":"","pick":"","team":"","orig. team":"","year":"","loc":""},"ratings":[{"hgt":43,"stre":37,"spd":65,"jmp":45,"endu":75,"ins":31,"dnk":20,"ft":62,"fg":63,"tp":59,"blk":12,"stl":62,"drb":53,"pss":62,"reb":43,"pot":54}],"skills":[]},{"tid":-2,"name":"Stephen Thompson","pos":"G","hgt":76,"weight":185,"imgURL":"http://www.orangehoops.org/Photos/Stephen%20Thompson.jpg","born":{"year":1968,"loc":"Los Angeles, CA"},"contract":{"amount":"","exp":""},"draft":{"round":"","pick":"","team":"","orig. team":"","year":"","loc":""},"ratings":[{"hgt":36,"stre":46,"spd":65,"jmp":45,"endu":75,"ins":31,"dnk":20,"ft":62,"fg":63,"tp":59,"blk":12,"stl":62,"drb":53,"pss":62,"reb":43,"pot":53}],"skills":[]},{"tid":-2,"name":"Andy Toolson","pos":"GF","hgt":78,"weight":210,"imgURL":"http://cdn.solecollector.com/media/u/images/Andy%20Toolson%20Reebok%20Omni%20Zone.jpg","born":{"year":1966,"loc":"Chicago, IL"},"contract":{"amount":"","exp":""},"draft":{"round":"","pick":"","team":"","orig. team":"","year":"","loc":""},"ratings":[{"hgt":49,"stre":37,"spd":65,"jmp":45,"endu":55,"ins":31,"dnk":20,"ft":62,"fg":63,"tp":59,"blk":12,"stl":62,"drb":53,"pss":62,"reb":43,"pot":54}],"skills":[]},{"tid":-2,"name":"Tony Harris","pos":"G","hgt":75,"weight":190,"imgURL":"http://3.bp.blogspot.com/-LSD1EzK-_U0/U2BCfOY5VrI/AAAAAAAADbE/8nh5gSpr3ls/s1600/Tony+Harris+Celtics.JPG","born":{"year":1967,"loc":"Monroe, LA"},"contract":{"amount":"","exp":""},"draft":{"round":"","pick":"","team":"","orig. team":"","year":"","loc":""},"ratings":[{"hgt":43,"stre":37,"spd":65,"jmp":52,"endu":55,"ins":31,"dnk":20,"ft":62,"fg":63,"tp":59,"blk":12,"stl":62,"drb":53,"pss":62,"reb":43,"pot":54}],"skills":[]},{"tid":-2,"name":"Brian Howard","pos":"F","hgt":78,"weight":204,"imgURL":"http://i.imgur.com/zdKAKT5.jpg","born":{"year":1967,"loc":"Winston-Salem, NC"},"contract":{"amount":"","exp":""},"draft":{"round":"","pick":"","team":"","orig. team":"","year":"","loc":""},"ratings":[{"hgt":75,"stre":63,"spd":32,"jmp":65,"endu":57,"ins":62,"dnk":61,"ft":61,"fg":31,"tp":21,"blk":56,"stl":42,"drb":41,"pss":47,"reb":61,"pot":56}],"skills":[]},{"tid":-2,"name":"Irving Thomas","pos":"F","hgt":80,"weight":225,"imgURL":"http://www.legendsofbasketball.com/wp-content/uploads/2012/02/thomas.jpg","born":{"year":1966,"loc":"Brooklyn, NY"},"contract":{"amount":"","exp":""},"draft":{"round":"","pick":"","team":"","orig. team":"","year":"","loc":""},"ratings":[{"hgt":64,"stre":63,"spd":32,"jmp":65,"endu":57,"ins":62,"dnk":61,"ft":61,"fg":31,"tp":21,"blk":56,"stl":42,"drb":41,"pss":47,"reb":61,"pot":56}],"skills":[]},{"tid":-2,"name":"Chris Munk","pos":"F","hgt":81,"weight":225,"imgURL":"http://img.comc.com/i/Basketball/1990-91/ProCards-CBA/126/Chris-Munk.jpg?id=42a0d6de-e298-4f96-9da9-4cb1b5489db1&size=zoom","born":{"year":1967,"loc":"San Francisco, CA"},"contract":{"amount":"","exp":""},"draft":{"round":"","pick":"","team":"","orig. team":"","year":"","loc":""},"ratings":[{"hgt":71,"stre":63,"spd":32,"jmp":65,"endu":57,"ins":62,"dnk":61,"ft":61,"fg":31,"tp":21,"blk":56,"stl":42,"drb":41,"pss":47,"reb":61,"pot":56}],"skills":[]}]}