{"startingSeason":2005,
"players":[{"tid":-2,"name":"Andrew Bogut","pos":"FC","hgt":84,"weight":260,"imgURL":"http://a.espncdn.com/i/headshots/nba/players/full/2747.png","born":{"year":1984,"loc":"Melbourne, Australia"},"contract":{"amount":"","exp":""},"draft":{"round":"","pick":"","tid":"","originalTid":"","year":"","loc":""},"ratings":[{"hgt":84,"stre":74,"spd":37,"jmp":84,"endu":86,"ins":86,"dnk":77,"ft":64,"fg":55,"tp":0,"blk":54,"stl":56,"drb":42,"pss":56,"reb":100,"pot":68}],"skills":[]},{"tid":-2,"name":"Marvin Williams","pos":"SF","hgt":81,"weight":230,"imgURL":"http://a.espncdn.com/i/headshots/nba/players/full/2797.png","born":{"year":1986,"loc":"Bremerton, WA"},"contract":{"amount":"","exp":""},"draft":{"round":"","pick":"","tid":"","originalTid":"","year":"","loc":""},"ratings":[{"hgt":71,"stre":43,"spd":63,"jmp":54,"endu":64,"ins":54,"dnk":47,"ft":67,"fg":54,"tp":45,"blk":47,"stl":64,"drb":46,"pss":64,"reb":43,"pot":62}],"skills":[]},{"tid":-2,"name":"Deron Williams","pos":"PG","hgt":75,"weight":209,"imgURL":"http://a.espncdn.com/i/headshots/nba/players/full/2798.png","born":{"year":1984,"loc":"Parkersburg, WV"},"contract":{"amount":"","exp":""},"draft":{"round":"","pick":"","tid":"","originalTid":"","year":"","loc":""},"ratings":[{"hgt":43,"stre":51,"spd":75,"jmp":74,"endu":74,"ins":43,"dnk":47,"ft":74,"fg":64,"tp":67,"blk":43,"stl":62,"drb":72,"pss":88,"reb":64,"pot":70}],"skills":[]},{"tid":-2,"name":"Chris Paul","pos":"PG","hgt":72,"weight":175,"imgURL":"http://a.espncdn.com/i/headshots/nba/players/full/2779.png","born":{"year":1985,"loc":"Winston-Salem, NC"},"contract":{"amount":"","exp":""},"draft":{"round":"","pick":"","tid":"","originalTid":"","year":"","loc":""},"ratings":[{"hgt":35,"stre":41,"spd":86,"jmp":75,"endu":86,"ins":43,"dnk":58,"ft":85,"fg":74,"tp":64,"blk":34,"stl":63,"drb":84,"pss":100,"reb":42,"pot":85}],"skills":[]},{"tid":-2,"name":"Raymond Felton","pos":"G","hgt":73,"weight":205,"imgURL":"http://a.espncdn.com/i/headshots/nba/players/full/2753.png","born":{"year":1984,"loc":"Marion, SC"},"contract":{"amount":"","exp":""},"draft":{"round":"","pick":"","tid":"","originalTid":"","year":"","loc":""},"ratings":[{"hgt":43,"stre":46,"spd":67,"jmp":63,"endu":67,"ins":37,"dnk":62,"ft":84,"fg":74,"tp":66,"blk":43,"stl":64,"drb":74,"pss":74,"reb":47,"pot":63}],"skills":[]},{"tid":-2,"name":"Martell Webster","pos":"SF","hgt":79,"weight":230,"imgURL":"http://a.espncdn.com/combiner/i?img=/i/headshots/nba/players/full/2795.png&w=350&h=254","born":{"year":1986,"loc":"Edmonds, WA"},"contract":{"amount":"","exp":""},"draft":{"round":"","pick":"","tid":"","originalTid":"","year":"","loc":""},"ratings":[{"hgt":58,"stre":41,"spd":73,"jmp":74,"endu":52,"ins":37,"dnk":61,"ft":76,"fg":56,"tp":54,"blk":46,"stl":68,"drb":58,"pss":57,"reb":53,"pot":63}],"skills":[]},{"tid":-2,"name":"Charlie Villanueva","pos":"PF","hgt":83,"weight":232,"imgURL":"http://a.espncdn.com/i/headshots/nba/players/full/2792.png","born":{"year":1984,"loc":"Queens, NY"},"contract":{"amount":"","exp":""},"draft":{"round":"","pick":"","tid":"","originalTid":"","year":"","loc":""},"ratings":[{"hgt":73,"stre":74,"spd":54,"jmp":64,"endu":64,"ins":67,"dnk":73,"ft":75,"fg":67,"tp":22,"blk":74,"stl":53,"drb":56,"pss":45,"reb":65,"pot":62}],"skills":[]},{"tid":-2,"name":"Channing Frye","pos":"FC","hgt":83,"weight":245,"imgURL":"http://a.espncdn.com/i/headshots/nba/players/full/2754.png","born":{"year":1983,"loc":"White Plains, NY"},"contract":{"amount":"","exp":""},"draft":{"round":"","pick":"","tid":"","originalTid":"","year":"","loc":""},"ratings":[{"hgt":86,"stre":56,"spd":52,"jmp":63,"endu":58,"ins":72,"dnk":73,"ft":72,"fg":68,"tp":40,"blk":66,"stl":56,"drb":32,"pss":53,"reb":72,"pot":63}],"skills":[]},{"tid":-2,"name":"Ike Diogu","pos":"PF","hgt":80,"weight":250,"imgURL":"http://a.espncdn.com/i/headshots/nba/players/full/2750.png","born":{"year":1983,"loc":"Buffalo, NY"},"contract":{"amount":"","exp":""},"draft":{"round":"","pick":"","tid":"","originalTid":"","year":"","loc":""},"ratings":[{"hgt":64,"stre":83,"spd":45,"jmp":64,"endu":60,"ins":64,"dnk":64,"ft":67,"fg":20,"tp":0,"blk":63,"stl":43,"drb":22,"pss":57,"reb":74,"pot":57}],"skills":[]},{"tid":-2,"name":"Andrew Bynum","pos":"C","hgt":84,"weight":285,"imgURL":"http://a.espncdn.com/combiner/i?img=/i/headshots/nba/players/full/2748.png&w=350&h=254","born":{"year":1987,"loc":"Plainsboro, NJ"},"contract":{"amount":"","exp":""},"draft":{"round":"","pick":"","tid":"","originalTid":"","year":"","loc":""},"ratings":[{"hgt":93,"stre":66,"spd":56,"jmp":66,"endu":34,"ins":64,"dnk":62,"ft":67,"fg":33,"tp":0,"blk":83,"stl":63,"drb":32,"pss":43,"reb":84,"pot":71}],"skills":[]},{"tid":-2,"name":"Fran Vazquez","pos":"PF","hgt":82,"weight":230,"imgURL":"http://basketball.realgm.com/images/nba/4.2/profiles/photos/2006/Vazquez_Fran_euro.jpg","born":{"year":1983,"loc":"Chantada, Spain"},"contract":{"amount":"","exp":""},"draft":{"round":"","pick":"","tid":"","originalTid":"","year":"","loc":""},"ratings":[{"hgt":74,"stre":76,"spd":35,"jmp":56,"endu":65,"ins":54,"dnk":63,"ft":56,"fg":52,"tp":23,"blk":62,"stl":54,"drb":46,"pss":43,"reb":74,"pot":55}],"skills":[]},{"tid":-2,"name":"Yaroslav Korolev","pos":"SF","hgt":81,"weight":203,"imgURL":"http://a.espncdn.com/i/headshots/nba/players/65/2771.jpg","born":{"year":1987,"loc":"Moscow, Russia"},"contract":{"amount":"","exp":""},"draft":{"round":"","pick":"","tid":"","originalTid":"","year":"","loc":""},"ratings":[{"hgt":70,"stre":26,"spd":43,"jmp":59,"endu":24,"ins":35,"dnk":68,"ft":63,"fg":54,"tp":12,"blk":63,"stl":43,"drb":53,"pss":45,"reb":64,"pot":66}],"skills":[]},{"tid":-2,"name":"Sean May","pos":"FC","hgt":81,"weight":266,"imgURL":"http://a.espncdn.com/i/headshots/nba/players/65/2776.jpg","born":{"year":1984,"loc":"Chicago, IL"},"contract":{"amount":"","exp":""},"draft":{"round":"","pick":"","tid":"","originalTid":"","year":"","loc":""},"ratings":[{"hgt":84,"stre":76,"spd":42,"jmp":58,"endu":57,"ins":75,"dnk":73,"ft":64,"fg":36,"tp":3,"blk":74,"stl":56,"drb":33,"pss":43,"reb":76,"pot":60}],"skills":[]},{"tid":-2,"name":"Rashad McCants","pos":"SG","hgt":76,"weight":207,"imgURL":"http://a.espncdn.com/i/headshots/nba/players/65/2777.jpg","born":{"year":1984,"loc":"Asheville, NC"},"contract":{"amount":"","exp":""},"draft":{"round":"","pick":"","tid":"","originalTid":"","year":"","loc":""},"ratings":[{"hgt":46,"stre":47,"spd":63,"jmp":64,"endu":76,"ins":43,"dnk":64,"ft":65,"fg":64,"tp":63,"blk":43,"stl":54,"drb":64,"pss":64,"reb":43,"pot":57}],"skills":[]},{"tid":-2,"name":"Antoine Wright","pos":"GF","hgt":79,"weight":210,"imgURL":"http://a.espncdn.com/i/headshots/nba/players/full/2801.png","born":{"year":1984,"loc":"West Covina, CA"},"contract":{"amount":"","exp":""},"draft":{"round":"","pick":"","tid":"","originalTid":"","year":"","loc":""},"ratings":[{"hgt":47,"stre":43,"spd":56,"jmp":65,"endu":64,"ins":43,"dnk":56,"ft":65,"fg":64,"tp":56,"blk":43,"stl":64,"drb":64,"pss":56,"reb":43,"pot":57}],"skills":[]},{"tid":-2,"name":"Joey Graham","pos":"SF","hgt":79,"weight":225,"imgURL":"http://a.espncdn.com/i/headshots/nba/players/full/2759.png","born":{"year":1982,"loc":"Wilmington, DE"},"contract":{"amount":"","exp":""},"draft":{"round":"","pick":"","tid":"","originalTid":"","year":"","loc":""},"ratings":[{"hgt":54,"stre":56,"spd":54,"jmp":63,"endu":67,"ins":54,"dnk":64,"ft":67,"fg":54,"tp":46,"blk":45,"stl":57,"drb":67,"pss":64,"reb":43,"pot":57}],"skills":[]},{"tid":-2,"name":"Danny Granger","pos":"SF","hgt":80,"weight":225,"imgURL":"http://a.espncdn.com/i/headshots/nba/players/full/2760.png","born":{"year":1983,"loc":"New Orleans, LA"},"contract":{"amount":"","exp":""},"draft":{"round":"","pick":"","tid":"","originalTid":"","year":"","loc":""},"ratings":[{"hgt":65,"stre":63,"spd":67,"jmp":54,"endu":76,"ins":54,"dnk":78,"ft":74,"fg":64,"tp":45,"blk":47,"stl":56,"drb":68,"pss":63,"reb":67,"pot":73}],"skills":[]},{"tid":-2,"name":"Gerald Green","pos":"GF","hgt":80,"weight":200,"imgURL":"http://a.espncdn.com/combiner/i?img=/i/headshots/nba/players/full/2761.png&w=350&h=254","born":{"year":1986,"loc":"Houston, TX"},"contract":{"amount":"","exp":""},"draft":{"round":"","pick":"","tid":"","originalTid":"","year":"","loc":""},"ratings":[{"hgt":64,"stre":44,"spd":77,"jmp":93,"endu":64,"ins":51,"dnk":82,"ft":81,"fg":78,"tp":66,"blk":36,"stl":57,"drb":41,"pss":53,"reb":46,"pot":62}],"skills":[]},{"tid":-2,"name":"Hakim Warrick","pos":"PF","hgt":81,"weight":219,"imgURL":"http://a.espncdn.com/i/headshots/nba/players/full/2794.png","born":{"year":1982,"loc":"Philadelphia, PA"},"contract":{"amount":"","exp":""},"draft":{"round":"","pick":"","tid":"","originalTid":"","year":"","loc":""},"ratings":[{"hgt":73,"stre":64,"spd":44,"jmp":68,"endu":62,"ins":64,"dnk":67,"ft":65,"fg":48,"tp":12,"blk":63,"stl":43,"drb":45,"pss":53,"reb":72,"pot":60}],"skills":[]},{"tid":-2,"name":"Julius Hodge","pos":"SG","hgt":79,"weight":210,"imgURL":"http://a.espncdn.com/i/headshots/nba/players/65/2765.jpg","born":{"year":1983,"loc":"New York, NY"},"contract":{"amount":"","exp":""},"draft":{"round":"","pick":"","tid":"","originalTid":"","year":"","loc":""},"ratings":[{"hgt":46,"stre":43,"spd":63,"jmp":46,"endu":64,"ins":43,"dnk":56,"ft":63,"fg":56,"tp":53,"blk":27,"stl":56,"drb":54,"pss":63,"reb":43,"pot":56}],"skills":[]},{"tid":-2,"name":"Nate Robinson","pos":"PG","hgt":69,"weight":180,"imgURL":"http://a.espncdn.com/i/headshots/nba/players/full/2782.png","born":{"year":1984,"loc":"Seattle, WA"},"contract":{"amount":"","exp":""},"draft":{"round":"","pick":"","tid":"","originalTid":"","year":"","loc":""},"ratings":[{"hgt":1,"stre":61,"spd":92,"jmp":84,"endu":69,"ins":59,"dnk":61,"ft":75,"fg":63,"tp":64,"blk":35,"stl":54,"drb":72,"pss":63,"reb":43,"pot":58}],"skills":[]},{"tid":-2,"name":"Jarrett Jack","pos":"G","hgt":75,"weight":202,"imgURL":"http://a.espncdn.com/i/headshots/nba/players/full/2768.png","born":{"year":1983,"loc":"Fort Washington, MD"},"contract":{"amount":"","exp":""},"draft":{"round":"","pick":"","tid":"","originalTid":"","year":"","loc":""},"ratings":[{"hgt":42,"stre":58,"spd":53,"jmp":36,"endu":75,"ins":45,"dnk":57,"ft":63,"fg":64,"tp":52,"blk":27,"stl":65,"drb":63,"pss":67,"reb":37,"pot":67}],"skills":[]},{"tid":-2,"name":"Francisco Garcia","pos":"GF","hgt":79,"weight":195,"imgURL":"http://a.espncdn.com/i/headshots/nba/players/full/2755.png","born":{"year":1981,"loc":"Santo Domingo, Dominican Republic"},"contract":{"amount":"","exp":""},"draft":{"round":"","pick":"","tid":"","originalTid":"","year":"","loc":""},"ratings":[{"hgt":47,"stre":46,"spd":64,"jmp":47,"endu":67,"ins":46,"dnk":52,"ft":65,"fg":57,"tp":62,"blk":37,"stl":45,"drb":47,"pss":56,"reb":32,"pot":57}],"skills":[]},{"tid":-2,"name":"Luther Head","pos":"G","hgt":75,"weight":185,"imgURL":"http://a.espncdn.com/i/headshots/nba/players/full/2763.png","born":{"year":1982,"loc":"Chicago, IL"},"contract":{"amount":"","exp":""},"draft":{"round":"","pick":"","tid":"","originalTid":"","year":"","loc":""},"ratings":[{"hgt":35,"stre":43,"spd":88,"jmp":67,"endu":63,"ins":43,"dnk":51,"ft":65,"fg":56,"tp":63,"blk":34,"stl":65,"drb":56,"pss":67,"reb":33,"pot":58}],"skills":[]},{"tid":-2,"name":"Johan Petro","pos":"C","hgt":84,"weight":247,"imgURL":"http://a.espncdn.com/combiner/i?img=/i/headshots/nba/players/full/2780.png","born":{"year":1986,"loc":"Paris, France"},"contract":{"amount":"","exp":""},"draft":{"round":"","pick":"","tid":"","originalTid":"","year":"","loc":""},"ratings":[{"hgt":85,"stre":76,"spd":37,"jmp":44,"endu":56,"ins":78,"dnk":73,"ft":65,"fg":45,"tp":0,"blk":78,"stl":43,"drb":45,"pss":46,"reb":84,"pot":58}],"skills":[]},{"tid":-2,"name":"Jason Maxiell","pos":"FC","hgt":79,"weight":260,"imgURL":"http://a.espncdn.com/i/headshots/nba/players/full/2775.png","born":{"year":1983,"loc":"Chicago, IL"},"contract":{"amount":"","exp":""},"draft":{"round":"","pick":"","tid":"","originalTid":"","year":"","loc":""},"ratings":[{"hgt":74,"stre":76,"spd":44,"jmp":65,"endu":74,"ins":74,"dnk":75,"ft":64,"fg":46,"tp":0,"blk":68,"stl":45,"drb":47,"pss":46,"reb":76,"pot":64}],"skills":[]},{"tid":-2,"name":"Linas Kleiza","pos":"SF","hgt":80,"weight":245,"imgURL":"http://a.espncdn.com/i/headshots/nba/players/full/2770.png","born":{"year":1985,"loc":"Kaunas, Lithuania"},"contract":{"amount":"","exp":""},"draft":{"round":"","pick":"","tid":"","originalTid":"","year":"","loc":""},"ratings":[{"hgt":64,"stre":70,"spd":58,"jmp":54,"endu":54,"ins":54,"dnk":62,"ft":63,"fg":64,"tp":54,"blk":43,"stl":56,"drb":53,"pss":63,"reb":43,"pot":58}],"skills":[]},{"tid":-2,"name":"Ian Mahinmi","pos":"C","hgt":83,"weight":230,"imgURL":"http://a.espncdn.com/combiner/i?img=/i/headshots/nba/players/full/2774.png&w=350&h=254","born":{"year":1986,"loc":"Rouen, France"},"contract":{"amount":"","exp":""},"draft":{"round":"","pick":"","tid":"","originalTid":"","year":"","loc":""},"ratings":[{"hgt":86,"stre":74,"spd":43,"jmp":64,"endu":56,"ins":63,"dnk":66,"ft":63,"fg":42,"tp":0,"blk":76,"stl":45,"drb":34,"pss":16,"reb":80,"pot":60}],"skills":[]},{"tid":-2,"name":"Wayne Simien","pos":"PF","hgt":81,"weight":225,"imgURL":"http://a.espncdn.com/i/headshots/nba/players/65/2784.jpg","born":{"year":1983,"loc":"Leavenworth, KS"},"contract":{"amount":"","exp":""},"draft":{"round":"","pick":"","tid":"","originalTid":"","year":"","loc":""},"ratings":[{"hgt":71,"stre":54,"spd":43,"jmp":67,"endu":54,"ins":65,"dnk":63,"ft":45,"fg":46,"tp":12,"blk":67,"stl":45,"drb":54,"pss":43,"reb":65,"pot":56}],"skills":[]},{"tid":-2,"name":"David Lee","pos":"FC","hgt":81,"weight":249,"imgURL":"http://a.espncdn.com/i/headshots/nba/players/full/2772.png","born":{"year":1983,"loc":"St. Louis, MO"},"contract":{"amount":"","exp":""},"draft":{"round":"","pick":"","tid":"","originalTid":"","year":"","loc":""},"ratings":[{"hgt":74,"stre":74,"spd":47,"jmp":64,"endu":54,"ins":65,"dnk":67,"ft":54,"fg":32,"tp":32,"blk":67,"stl":54,"drb":56,"pss":43,"reb":85,"pot":63}],"skills":[]},{"tid":-2,"name":"Salim Stoudamire","pos":"G","hgt":73,"weight":179,"imgURL":"http://a.espncdn.com/i/headshots/nba/players/65/2786.jpg","born":{"year":1982,"loc":"Portland, OR"},"contract":{"amount":"","exp":""},"draft":{"round":"","pick":"","tid":"","originalTid":"","year":"","loc":""},"ratings":[{"hgt":16,"stre":39,"spd":70,"jmp":56,"endu":58,"ins":34,"dnk":52,"ft":82,"fg":75,"tp":83,"blk":32,"stl":45,"drb":66,"pss":54,"reb":32,"pot":56}],"skills":[]},{"tid":-2,"name":"Daniel Ewing","pos":"G","hgt":75,"weight":185,"imgURL":"http://a.espncdn.com/i/headshots/nba/players/65/2752.jpg","born":{"year":1983,"loc":"Milton, FL"},"contract":{"amount":"","exp":""},"draft":{"round":"","pick":"","tid":"","originalTid":"","year":"","loc":""},"ratings":[{"hgt":43,"stre":47,"spd":65,"jmp":43,"endu":64,"ins":54,"dnk":56,"ft":64,"fg":65,"tp":67,"blk":32,"stl":54,"drb":46,"pss":54,"reb":32,"pot":55}],"skills":[]},{"tid":-2,"name":"Brandon Bass","pos":"FC","hgt":80,"weight":240,"imgURL":"http://a.espncdn.com/i/headshots/nba/players/full/2745.png","born":{"year":1985,"loc":"Baton Rouge, LA"},"contract":{"amount":"","exp":""},"draft":{"round":"","pick":"","tid":"","originalTid":"","year":"","loc":""},
"college":"LSU","ratings":[{"hgt":74,"stre":54,"spd":34,"jmp":65,"endu":64,"ins":67,"dnk":63,"ft":54,"fg":32,"tp":12,"blk":65,"stl":45,"drb":37,"pss":54,"reb":74,"pot":58}],"skills":[]},{"tid":-2,"name":"C.J. Miles","pos":"GF","hgt":78,"weight":210,"imgURL":"http://a.espncdn.com/combiner/i?img=/i/headshots/nba/players/full/2778.png&w=350&h=254","born":{"year":1987,"loc":"Dallas, TX"},"contract":{"amount":"","exp":""},"draft":{"round":"","pick":"","tid":"","originalTid":"","year":"","loc":""},"ratings":[{"hgt":45,"stre":43,"spd":67,"jmp":43,"endu":56,"ins":32,"dnk":33,"ft":56,"fg":53,"tp":55,"blk":23,"stl":54,"drb":56,"pss":56,"reb":32,"pot":54}],"skills":[]},{"tid":-2,"name":"Ricky Sanchez","pos":"F","hgt":84,"weight":220,"imgURL":"http://basketball.realgm.com/images/nba/4.2/profiles/photos/2006/Sanchez_Ricky_den.jpg","born":{"year":1987,"loc":"Guayama, Puerto Rico"},"contract":{"amount":"","exp":""},"draft":{"round":"","pick":"","tid":"","originalTid":"","year":"","loc":""},"ratings":[{"hgt":74,"stre":76,"spd":35,"jmp":56,"endu":65,"ins":54,"dnk":63,"ft":56,"fg":52,"tp":23,"blk":62,"stl":54,"drb":46,"pss":43,"reb":74,"pot":55}],"skills":[]},{"tid":-2,"name":"Ersan Ilyasova","pos":"PF","hgt":81,"weight":235,"imgURL":"http://a.espncdn.com/combiner/i?img=/i/headshots/nba/players/full/2767.png&w=350&h=254","born":{"year":1987,"loc":"Eskisehir, Turkey"},"contract":{"amount":"","exp":""},"draft":{"round":"","pick":"","tid":"","originalTid":"","year":"","loc":""},"ratings":[{"hgt":71,"stre":57,"spd":44,"jmp":54,"endu":67,"ins":54,"dnk":56,"ft":64,"fg":46,"tp":12,"blk":74,"stl":54,"drb":56,"pss":55,"reb":65,"pot":63}],"skills":[]},{"tid":-2,"name":"Ronny Turiaf","pos":"FC","hgt":82,"weight":249,"imgURL":"http://a.espncdn.com/i/headshots/nba/players/full/2789.png","born":{"year":1983,"loc":"Le Robert, France"},"contract":{"amount":"","exp":""},"draft":{"round":"","pick":"","tid":"","originalTid":"","year":"","loc":""},"ratings":[{"hgt":81,"stre":84,"spd":55,"jmp":70,"endu":50,"ins":69,"dnk":57,"ft":60,"fg":22,"tp":10,"blk":78,"stl":63,"drb":45,"pss":33,"reb":78,"pot":60}],"skills":[]},{"tid":-2,"name":"Travis Diener","pos":"PG","hgt":73,"weight":175,"imgURL":"http://a.espncdn.com/i/headshots/nba/players/65/2749.jpg","born":{"year":1982,"loc":"Fond du Lac, WI"},"contract":{"amount":"","exp":""},"draft":{"round":"","pick":"","tid":"","originalTid":"","year":"","loc":""},"ratings":[{"hgt":14,"stre":26,"spd":65,"jmp":45,"endu":55,"ins":24,"dnk":43,"ft":65,"fg":67,"tp":54,"blk":34,"stl":54,"drb":77,"pss":78,"reb":39,"pot":52}],"skills":[]},{"tid":-2,"name":"Von Wafer","pos":"GF","hgt":77,"weight":210,"imgURL":"http://a.espncdn.com/i/headshots/nba/players/full/2793.png","born":{"year":1985,"loc":"Homer, LA"},"contract":{"amount":"","exp":""},"draft":{"round":"","pick":"","tid":"","originalTid":"","year":"","loc":""},"ratings":[{"hgt":46,"stre":43,"spd":63,"jmp":54,"endu":55,"ins":54,"dnk":56,"ft":65,"fg":56,"tp":52,"blk":43,"stl":46,"drb":48,"pss":54,"reb":43,"pot":55}],"skills":[]},{"tid":-2,"name":"Monta Ellis","pos":"G","hgt":75,"weight":185,"imgURL":"http://a.espncdn.com/combiner/i?img=/i/headshots/nba/players/full/2751.png&w=350&h=254","born":{"year":1985,"loc":"Jackson, MS"},"contract":{"amount":"","exp":""},"draft":{"round":"","pick":"","tid":"","originalTid":"","year":"","loc":""},"ratings":[{"hgt":46,"stre":45,"spd":84,"jmp":54,"endu":82,"ins":52,"dnk":89,"ft":82,"fg":83,"tp":82,"blk":32,"stl":56,"drb":72,"pss":83,"reb":45,"pot":75}],"skills":[]},{"tid":-2,"name":"Roko Ukic","pos":"PG","hgt":77,"weight":183,"imgURL":"http://a.espncdn.com/i/headshots/nba/players/65/2790.jpg","born":{"year":1984,"loc":"Split, Croatia"},"contract":{"amount":"","exp":""},"draft":{"round":"","pick":"","tid":"","originalTid":"","year":"","loc":""},"ratings":[{"hgt":37,"stre":36,"spd":65,"jmp":63,"endu":67,"ins":45,"dnk":43,"ft":65,"fg":63,"tp":64,"blk":32,"stl":54,"drb":56,"pss":65,"reb":43,"pot":56}],"skills":[]},{"tid":-2,"name":"Chris Taft","pos":"C","hgt":82,"weight":260,"imgURL":"http://a.espncdn.com/i/headshots/nba/players/65/2787.jpg","born":{"year":1985,"loc":"Brooklyn, NY"},"contract":{"amount":"","exp":""},"draft":{"round":"","pick":"","tid":"","originalTid":"","year":"","loc":""},"ratings":[{"hgt":83,"stre":84,"spd":12,"jmp":65,"endu":43,"ins":78,"dnk":73,"ft":56,"fg":32,"tp":0,"blk":83,"stl":34,"drb":35,"pss":34,"reb":80,"pot":54}],"skills":[]},{"tid":-2,"name":"Mile Ilic","pos":"C","hgt":85,"weight":230,"imgURL":"http://a.espncdn.com/i/headshots/nba/players/65/2766.jpg","born":{"year":1984,"loc":"Tuzla, Bosnia"},"contract":{"amount":"","exp":""},"draft":{"round":"","pick":"","tid":"","originalTid":"","year":"","loc":""},"ratings":[{"hgt":86,"stre":67,"spd":34,"jmp":54,"endu":32,"ins":67,"dnk":66,"ft":54,"fg":43,"tp":0,"blk":74,"stl":33,"drb":43,"pss":34,"reb":78,"pot":56}],"skills":[]},{"tid":-2,"name":"Martynas Andriuskevicius","pos":"C","hgt":86,"weight":240,"imgURL":"http://a.espncdn.com/i/headshots/nba/players/65/2744.jpg","born":{"year":1986,"loc":"Kaunas, Lithuania"},"contract":{"amount":"","exp":""},"draft":{"round":"","pick":"","tid":"","originalTid":"","year":"","loc":""},"ratings":[{"hgt":84,"stre":85,"spd":34,"jmp":54,"endu":54,"ins":65,"dnk":67,"ft":45,"fg":36,"tp":12,"blk":67,"stl":54,"drb":56,"pss":53,"reb":65,"pot":56}],"skills":[]},{"tid":-2,"name":"Louis Williams","pos":"G","hgt":74,"weight":175,"imgURL":"http://a.espncdn.com/combiner/i?img=/i/headshots/nba/players/full/2799.png&w=350&h=254","born":{"year":1986,"loc":"Memphis, TN"},"contract":{"amount":"","exp":""},"draft":{"round":"","pick":"","tid":"","originalTid":"","year":"","loc":""},"ratings":[{"hgt":21,"stre":35,"spd":74,"jmp":73,"endu":64,"ins":33,"dnk":58,"ft":65,"fg":63,"tp":51,"blk":34,"stl":54,"drb":56,"pss":54,"reb":35,"pot":58}],"skills":[]},{"tid":-2,"name":"Erazem Lorbek","pos":"FC","hgt":83,"weight":245,"imgURL":"http://basketball.realgm.com/images/nba/4.2/profiles/photos/2006/Lorbek_Erazem_euro.jpg","born":{"year":1984,"loc":"Ljubljana, Slovenia"},"contract":{"amount":"","exp":""},"draft":{"round":"","pick":"","tid":"","originalTid":"","year":"","loc":""},"ratings":[{"hgt":74,"stre":76,"spd":35,"jmp":56,"endu":65,"ins":54,"dnk":63,"ft":56,"fg":52,"tp":23,"blk":62,"stl":54,"drb":46,"pss":43,"reb":74,"pot":55}],"skills":[]},{"tid":-2,"name":"Bracey Wright","pos":"SG","hgt":75,"weight":210,"imgURL":"http://a.espncdn.com/i/headshots/nba/players/65/2800.jpg","born":{"year":1984,"loc":"The Colony, TX"},"contract":{"amount":"","exp":""},"draft":{"round":"","pick":"","tid":"","originalTid":"","year":"","loc":""},"ratings":[{"hgt":29,"stre":47,"spd":64,"jmp":54,"endu":64,"ins":34,"dnk":37,"ft":71,"fg":65,"tp":56,"blk":12,"stl":45,"drb":54,"pss":56,"reb":43,"pot":55}],"skills":[]},{"tid":-2,"name":"Mickael Gelabale","pos":"GF","hgt":79,"weight":215,"imgURL":"http://static.sport-buzz.fr/wp-content/uploads/2012/07/Mickael-Gelabale.jpg","born":{"year":1983,"loc":"Pointe Noire, Guadeloupe"},"contract":{"amount":"","exp":""},"draft":{"round":"","pick":"","tid":"","originalTid":"","year":"","loc":""},"ratings":[{"hgt":58,"stre":52,"spd":62,"jmp":56,"endu":54,"ins":24,"dnk":60,"ft":74,"fg":66,"tp":62,"blk":21,"stl":58,"drb":56,"pss":54,"reb":55,"pot":57}],"skills":[]},{"tid":-2,"name":"Andray Blatche","pos":"FC","hgt":83,"weight":235,"imgURL":"http://a.espncdn.com/combiner/i?img=/i/headshots/nba/players/full/2746.png&w=350&h=254","born":{"year":1986,"loc":"Syracuse, NY"},"contract":{"amount":"","exp":""},"draft":{"round":"","pick":"","tid":"","originalTid":"","year":"","loc":""},"ratings":[{"hgt":87,"stre":63,"spd":54,"jmp":62,"endu":33,"ins":67,"dnk":62,"ft":64,"fg":54,"tp":27,"blk":63,"stl":46,"drb":45,"pss":45,"reb":65,"pot":60}],"skills":[]},{"tid":-2,"name":"Ryan Gomes","pos":"SF","hgt":79,"weight":250,"imgURL":"http://a.espncdn.com/i/headshots/nba/players/full/2757.png","born":{"year":1982,"loc":"Waterbury, CT"},"contract":{"amount":"","exp":""},"draft":{"round":"","pick":"","tid":"","originalTid":"","year":"","loc":""},"ratings":[{"hgt":56,"stre":63,"spd":55,"jmp":67,"endu":54,"ins":43,"dnk":46,"ft":64,"fg":56,"tp":43,"blk":34,"stl":65,"drb":62,"pss":56,"reb":43,"pot":56}],"skills":[]},{"tid":-2,"name":"Robert Whaley","pos":"C","hgt":82,"weight":260,"imgURL":"http://a.espncdn.com/i/headshots/nba/players/65/2796.jpg","born":{"year":1982,"loc":"Benton Harbor, MI"},"contract":{"amount":"","exp":""},"draft":{"round":"","pick":"","tid":"","originalTid":"","year":"","loc":""},"ratings":[{"hgt":79,"stre":77,"spd":25,"jmp":54,"endu":52,"ins":64,"dnk":64,"ft":56,"fg":36,"tp":0,"blk":64,"stl":43,"drb":32,"pss":54,"reb":74,"pot":52}],"skills":[]},{"tid":-2,"name":"Axel Hervelle","pos":"F","hgt":80,"weight":240,"imgURL":"http://basketball.realgm.com/images/nba/4.2/profiles/photos/2006/Hervelle_Axel_ACB.jpg","born":{"year":1983,"loc":"Liege, Belgium"},"contract":{"amount":"","exp":""},"draft":{"round":"","pick":"","tid":"","originalTid":"","year":"","loc":""},"ratings":[{"hgt":74,"stre":56,"spd":55,"jmp":56,"endu":50,"ins":54,"dnk":63,"ft":56,"fg":52,"tp":23,"blk":62,"stl":54,"drb":46,"pss":43,"reb":64,"pot":55}],"skills":[]},{"tid":-2,"name":"Orien Greene","pos":"G","hgt":76,"weight":208,"imgURL":"http://cdn.sportsoverdose.com/thumbs/orien-greene-0-nba.jpg","born":{"year":1982,"loc":"Gainesville, FL"},"contract":{"amount":"","exp":""},"draft":{"round":"","pick":"","tid":"","originalTid":"","year":"","loc":""},"ratings":[{"hgt":36,"stre":34,"spd":84,"jmp":54,"endu":43,"ins":33,"dnk":54,"ft":64,"fg":54,"tp":56,"blk":32,"stl":54,"drb":55,"pss":52,"reb":34,"pot":51}],"skills":[]},{"tid":-2,"name":"Dijon Thompson","pos":"GF","hgt":79,"weight":195,"imgURL":"http://a.espncdn.com/i/headshots/nba/players/65/2788.jpg","born":{"year":1983,"loc":"Los Angeles, CA"},"contract":{"amount":"","exp":""},"draft":{"round":"","pick":"","tid":"","originalTid":"","year":"","loc":""},"ratings":[{"hgt":54,"stre":46,"spd":64,"jmp":41,"endu":43,"ins":45,"dnk":42,"ft":54,"fg":34,"tp":32,"blk":34,"stl":45,"drb":43,"pss":64,"reb":43,"pot":51}],"skills":[]},{"tid":-2,"name":"Lawrence Roberts","pos":"FC","hgt":81,"weight":240,"imgURL":"http://a.espncdn.com/i/headshots/nba/players/65/2781.jpg","born":{"year":1982,"loc":"Houston, TX"},"contract":{"amount":"","exp":""},"draft":{"round":"","pick":"","tid":"","originalTid":"","year":"","loc":""},"ratings":[{"hgt":72,"stre":76,"spd":12,"jmp":54,"endu":31,"ins":65,"dnk":57,"ft":43,"fg":43,"tp":0,"blk":65,"stl":43,"drb":45,"pss":47,"reb":74,"pot":49}],"skills":[]},{"tid":-2,"name":"Amir Johnson","pos":"PF","hgt":81,"weight":210,"imgURL":"http://a.espncdn.com/combiner/i?img=/i/headshots/nba/players/full/2769.png&w=350&h=254","born":{"year":1987,"loc":"Los Angeles, CA"},"contract":{"amount":"","exp":""},"draft":{"round":"","pick":"","tid":"","originalTid":"","year":"","loc":""},"ratings":[{"hgt":74,"stre":76,"spd":35,"jmp":56,"endu":65,"ins":54,"dnk":63,"ft":56,"fg":52,"tp":23,"blk":62,"stl":54,"drb":46,"pss":43,"reb":74,"pot":57}],"skills":[]},{"tid":-2,"name":"Marcin Gortat","pos":"FC","hgt":83,"weight":240,"imgURL":"http://a.espncdn.com/combiner/i?img=/i/headshots/nba/players/full/2758.png&w=350&h=254","born":{"year":1984,"loc":"Lodz, Poland"},"contract":{"amount":"","exp":""},"draft":{"round":"","pick":"","tid":"","originalTid":"","year":"","loc":""},"ratings":[{"hgt":87,"stre":83,"spd":17,"jmp":84,"endu":74,"ins":78,"dnk":76,"ft":75,"fg":64,"tp":0,"blk":83,"stl":43,"drb":45,"pss":56,"reb":85,"pot":65}],"skills":[]},{"tid":-2,"name":"Uros Slokar","pos":"C","hgt":82,"weight":238,"imgURL":"http://a.espncdn.com/i/headshots/nba/players/65/2785.jpg","born":{"year":1983,"loc":"Ljubljana, Slovenia"},"contract":{"amount":"","exp":""},"draft":{"round":"","pick":"","tid":"","originalTid":"","year":"","loc":""},"ratings":[{"hgt":73,"stre":63,"spd":15,"jmp":54,"endu":32,"ins":65,"dnk":67,"ft":54,"fg":43,"tp":0,"blk":65,"stl":43,"drb":43,"pss":43,"reb":65,"pot":48}],"skills":[]},{"tid":-2,"name":"Cenk Akyol","pos":"G","hgt":76,"weight":200,"imgURL":"http://basketball.realgm.com/images/nba/4.2/profiles/photos/2006/Akyol_Cenk_atl.jpg","born":{"year":1987,"loc":"Istanbul, Turkey"},"contract":{"amount":"","exp":""},"draft":{"round":"","pick":"","tid":"","originalTid":"","year":"","loc":""},"ratings":[{"hgt":36,"stre":34,"spd":84,"jmp":54,"endu":43,"ins":33,"dnk":54,"ft":64,"fg":54,"tp":56,"blk":32,"stl":54,"drb":55,"pss":52,"reb":34,"pot":50}],"skills":[]},{"tid":-2,"name":"Alex Acker","pos":"SG","hgt":77,"weight":185,"imgURL":"http://a.espncdn.com/i/headshots/nba/players/65/2802.jpg","born":{"year":1983,"loc":"Compton, CA"},"contract":{"amount":"","exp":""},"draft":{"round":"","pick":"","tid":"","originalTid":"","year":"","loc":""},"ratings":[{"hgt":43,"stre":45,"spd":63,"jmp":45,"endu":76,"ins":43,"dnk":64,"ft":54,"fg":56,"tp":65,"blk":23,"stl":43,"drb":45,"pss":54,"reb":32,"pot":50}],"skills":[]},{"tid":-2,"name":"Chuck Hayes","pos":"PF","hgt":78,"weight":240,"imgURL":"http://basketball.realgm.com/images/nba/4.2/profiles/photos/2006/Hayes_Chuck_tor14.jpg","born":{"year":1983,"loc":"San Leandro, CA"},"contract":{"amount":"","exp":""},"draft":{"round":"","pick":"","tid":"","originalTid":"","year":"","loc":""},"ratings":[{"hgt":55,"stre":76,"spd":35,"jmp":56,"endu":65,"ins":54,"dnk":63,"ft":56,"fg":52,"tp":23,"blk":62,"stl":54,"drb":46,"pss":43,"reb":74,"pot":55}],"skills":[]},{"tid":-2,"name":"Ronnie Price","pos":"G","hgt":74,"weight":190,"imgURL":"http://basketball.realgm.com/images/nba/4.2/profiles/photos/2006/Price_Ronnie_lal14.jpg","born":{"year":1983,"loc":"Friendswood, TX"},"contract":{"amount":"","exp":""},"draft":{"round":"","pick":"","tid":"","originalTid":"","year":"","loc":""},"ratings":[{"hgt":21,"stre":34,"spd":84,"jmp":54,"endu":43,"ins":33,"dnk":54,"ft":64,"fg":54,"tp":56,"blk":32,"stl":54,"drb":55,"pss":52,"reb":34,"pot":56}],"skills":[]},{"tid":-2,"name":"Will Bynum","pos":"G","hgt":72,"weight":185,"imgURL":"http://basketball.realgm.com/images/nba/4.2/profiles/photos/2006/Bynum_Will_DET.jpg","born":{"year":1983,"loc":"Chicago, IL"},"contract":{"amount":"","exp":""},"draft":{"round":"","pick":"","tid":"","originalTid":"","year":"","loc":""},"ratings":[{"hgt":7,"stre":28,"spd":84,"jmp":54,"endu":43,"ins":63,"dnk":65,"ft":75,"fg":67,"tp":21,"blk":75,"stl":54,"drb":55,"pss":52,"reb":78,"pot":55}],"skills":[]},{"tid":-2,"name":"John Lucas","pos":"PG","hgt":71,"weight":166,"imgURL":"http://basketball.realgm.com/images/nba/4.2/profiles/photos/2006/Lucasiii_John_uta_1314.jpg","born":{"year":1982,"loc":"Washington, DC"},"contract":{"amount":"","exp":""},"draft":{"round":"","pick":"","tid":"","originalTid":"","year":"","loc":""},"ratings":[{"hgt":5,"stre":34,"spd":74,"jmp":54,"endu":43,"ins":33,"dnk":54,"ft":74,"fg":54,"tp":56,"blk":22,"stl":54,"drb":65,"pss":66,"reb":34,"pot":52}],"skills":[]},{"tid":-2,"name":"Shavlik Randolph","pos":"F","hgt":82,"weight":236,"imgURL":"http://basketball.realgm.com/images/nba/4.2/profiles/photos/2006/Randolph_Shavlik_pho14.jpg","born":{"year":1983,"loc":"Raleigh, NC"},"contract":{"amount":"","exp":""},"draft":{"round":"","pick":"","tid":"","originalTid":"","year":"","loc":""},"ratings":[{"hgt":78,"stre":63,"spd":35,"jmp":50,"endu":45,"ins":54,"dnk":53,"ft":56,"fg":52,"tp":0,"blk":62,"stl":54,"drb":26,"pss":36,"reb":74,"pot":53}],"skills":[]},{"tid":-2,"name":"Kelenna Azubuike","pos":"GF","hgt":77,"weight":220,"imgURL":"http://basketball.realgm.com/images/nba/4.2/profiles/photos/2006/Azubuike_Kelenna_gsw.jpg","born":{"year":1983,"loc":"London, England"},"contract":{"amount":"","exp":""},"draft":{"round":"","pick":"","tid":"","originalTid":"","year":"","loc":""},"ratings":[{"hgt":45,"stre":34,"spd":84,"jmp":54,"endu":43,"ins":33,"dnk":54,"ft":64,"fg":54,"tp":56,"blk":32,"stl":54,"drb":55,"pss":52,"reb":34,"pot":55}],"skills":[]},{"tid":-2,"name":"Stephen Graham","pos":"GF","hgt":78,"weight":215,"imgURL":"http://basketball.realgm.com/images/nba/4.2/profiles/photos/2006/Graham_Stephen_mil_1314.jpg","born":{"year":1982,"loc":"Wilmington, DE"},"contract":{"amount":"","exp":""},"draft":{"round":"","pick":"","tid":"","originalTid":"","year":"","loc":""},"ratings":[{"hgt":45,"stre":34,"spd":84,"jmp":54,"endu":43,"ins":33,"dnk":54,"ft":64,"fg":54,"tp":56,"blk":32,"stl":54,"drb":55,"pss":52,"reb":34,"pot":50}],"skills":[]},{"tid":-2,"name":"Dwayne Jones","pos":"C","hgt":83,"weight":248,"imgURL":"http://basketball.realgm.com/images/nba/4.2/profiles/photos/2006/Jones_Dwayne_min.jpg","born":{"year":1983,"loc":"Morgantown, WV"},"contract":{"amount":"","exp":""},"draft":{"round":"","pick":"","tid":"","originalTid":"","year":"","loc":""},"ratings":[{"hgt":83,"stre":76,"spd":35,"jmp":56,"endu":65,"ins":54,"dnk":63,"ft":56,"fg":52,"tp":23,"blk":62,"stl":54,"drb":46,"pss":43,"reb":74,"pot":55}],"skills":[]},{"tid":-2,"name":"Alan Anderson","pos":"GF","hgt":78,"weight":220,"imgURL":"http://basketball.realgm.com/images/nba/4.2/profiles/photos/2006/Anderson_Alan_bkn14.jpg","born":{"year":1982,"loc":"Minneapolis, MN"},"contract":{"amount":"","exp":""},"draft":{"round":"","pick":"","tid":"","originalTid":"","year":"","loc":""},"ratings":[{"hgt":45,"stre":34,"spd":84,"jmp":54,"endu":43,"ins":33,"dnk":54,"ft":64,"fg":54,"tp":56,"blk":32,"stl":54,"drb":55,"pss":52,"reb":34,"pot":50}],"skills":[]},{"tid":-2,"name":"Mike Harris","pos":"F","hgt":78,"weight":248,"imgURL":"http://basketball.realgm.com/images/nba/4.2/profiles/photos/2006/Harris_Mike_uta_1314.jpg","born":{"year":1983,"loc":"Hillsboro, TX"},"contract":{"amount":"","exp":""},"draft":{"round":"","pick":"","tid":"","originalTid":"","year":"","loc":""},"ratings":[{"hgt":50,"stre":76,"spd":35,"jmp":56,"endu":65,"ins":54,"dnk":63,"ft":56,"fg":52,"tp":23,"blk":62,"stl":54,"drb":46,"pss":43,"reb":74,"pot":52}],"skills":[]}]
}