{"startingSeason":2013,
"players":[
{"tid":-2,"name":"Anthony Bennett","pos":"SF","hgt":80,"weight":245,"imgURL":"http://a.espncdn.com/combiner/i?img=/i/headshots/nba/players/full/2991473.png&w=350&h=254","born":{"year":1993,"loc":"Toronto, Canada"},"contract":{"amount":"","exp":""},"draft":{"round":"","pick":"","team":"","orig. team":"","year":"","loc":""},"ratings":[{"hgt":63,"stre":56,"spd":54,"jmp":58,"endu":53,"ins":45,"dnk":41,"ft":54,"fg":57,"tp":38,"blk":35,"stl":48,"drb":35,"pss":46,"reb":56,"pot":65}],"skills":[]},{"tid":-2,"name":"Victor Oladipo","pos":"G","hgt":77,"weight":215,"imgURL":"http://a.espncdn.com/combiner/i?img=/i/headshots/nba/players/full/2527963.png&w=350&h=254","born":{"year":1992,"loc":"Silver Spring, MD"},"contract":{"amount":"","exp":""},"draft":{"round":"","pick":"","team":"","orig. team":"","year":"","loc":""},"ratings":[{"hgt":47,"stre":56,"spd":72,"jmp":85,"endu":74,"ins":43,"dnk":87,"ft":75,"fg":73,"tp":52,"blk":47,"stl":58,"drb":63,"pss":68,"reb":62,"pot":74}],"skills":[]},{"tid":-2,"name":"Otto Porter Jr.","pos":"SF","hgt":81,"weight":198,"imgURL":"http://a.espncdn.com/combiner/i?img=/i/headshots/nba/players/full/2594922.png&w=350&h=254","born":{"year":1993,"loc":"St. Louis, MO"},"contract":{"amount":"","exp":""},"draft":{"round":"","pick":"","team":"","orig. team":"","year":"","loc":""},"ratings":[{"hgt":56,"stre":54,"spd":59,"jmp":62,"endu":54,"ins":48,"dnk":54,"ft":68,"fg":59,"tp":54,"blk":34,"stl":43,"drb":57,"pss":55,"reb":54,"pot":68}],"skills":[]},{"tid":-2,"name":"Cody Zeller","pos":"C","hgt":84,"weight":240,"imgURL":"http://a.espncdn.com/combiner/i?img=/i/headshots/nba/players/full/2579258.png&w=350&h=254","born":{"year":1992,"loc":"Washington, IN"},"contract":{"amount":"","exp":""},"draft":{"round":"","pick":"","team":"","orig. team":"","year":"","loc":""},"ratings":[{"hgt":84,"stre":76,"spd":53,"jmp":64,"endu":68,"ins":72,"dnk":71,"ft":71,"fg":54,"tp":43,"blk":61,"stl":46,"drb":26,"pss":56,"reb":64,"pot":60}],"skills":[]},{"tid":-2,"name":"Alex Len","pos":"C","hgt":85,"weight":255,"imgURL":"http://a.espncdn.com/combiner/i?img=/i/headshots/nba/players/full/2596107.png&w=350&h=254","born":{"year":1993,"loc":"Antratsit, Ukraine"},"contract":{"amount":"","exp":""},"draft":{"round":"","pick":"","team":"","orig. team":"","year":"","loc":""},"ratings":[{"hgt":95,"stre":63,"spd":48,"jmp":59,"endu":46,"ins":58,"dnk":57,"ft":33,"fg":45,"tp":12,"blk":74,"stl":46,"drb":23,"pss":24,"reb":67,"pot":58}],"skills":[]},{"tid":-2,"name":"Nerlens Noel","pos":"PF","hgt":83,"weight":228,"imgURL":"http://a.espncdn.com/combiner/i?img=/i/headshots/nba/players/full/2991280.png&w=350&h=254","born":{"year":1994,"loc":"Malden, MA"},"contract":{"amount":"","exp":""},"draft":{"round":"","pick":"","team":"","orig. team":"","year":"","loc":""},"ratings":[{"hgt":85,"stre":75,"spd":58,"jmp":75,"endu":74,"ins":79,"dnk":83,"ft":58,"fg":56,"tp":0,"blk":63,"stl":56,"drb":46,"pss":63,"reb":86,"pot":82}],"skills":[]},{"tid":-2,"name":"Ben McLemore","pos":"SG","hgt":77,"weight":195,"imgURL":"http://a.espncdn.com/i/headshots/nba/players/full/2578213.png","born":{"year":1993,"loc":"St. Louis, MO"},"contract":{"amount":"","exp":""},"draft":{"round":"","pick":"","team":"","orig. team":"","year":"","loc":""},"ratings":[{"hgt":63,"stre":54,"spd":71,"jmp":73,"endu":67,"ins":41,"dnk":45,"ft":68,"fg":64,"tp":67,"blk":34,"stl":66,"drb":65,"pss":67,"reb":59,"pot":64}],"skills":[]},{"tid":-2,"name":"Kentavious Caldwell-Pope","pos":"SG","hgt":77,"weight":205,"imgURL":"http://a.espncdn.com/i/headshots/nba/players/full/2581018.png","born":{"year":1993,"loc":"Thomaston, GA"},"contract":{"amount":"","exp":""},"draft":{"round":"","pick":"","team":"","orig. team":"","year":"","loc":""},"ratings":[{"hgt":44,"stre":34,"spd":71,"jmp":73,"endu":67,"ins":21,"dnk":65,"ft":68,"fg":64,"tp":67,"blk":34,"stl":66,"drb":65,"pss":67,"reb":59,"pot":62}],"skills":[]},{"tid":-2,"name":"Trey Burke","pos":"PG","hgt":72,"weight":190,"imgURL":"http://a.espncdn.com/i/headshots/nba/players/full/2579260.png","born":{"year":1992,"loc":"Columbus, OH"},"contract":{"amount":"","exp":""},"draft":{"round":"","pick":"","team":"","orig. team":"","year":"","loc":""},"ratings":[{"hgt":7,"stre":44,"spd":71,"jmp":73,"endu":67,"ins":41,"dnk":55,"ft":88,"fg":64,"tp":67,"blk":34,"stl":66,"drb":65,"pss":67,"reb":59,"pot":65}],"skills":[]},{"tid":-2,"name":"C.J. McCollum","pos":"SG","hgt":76,"weight":200,"imgURL":"http://a.espncdn.com/i/headshots/nba/players/full/2490149.png","born":{"year":1991,"loc":"Canton, OH"},"contract":{"amount":"","exp":""},"draft":{"round":"","pick":"","team":"","orig. team":"","year":"","loc":""},"ratings":[{"hgt":36,"stre":54,"spd":71,"jmp":73,"endu":67,"ins":41,"dnk":66,"ft":68,"fg":54,"tp":57,"blk":34,"stl":66,"drb":69,"pss":67,"reb":59,"pot":60}],"skills":[]},{"tid":-2,"name":"Michael Carter-Williams","pos":"PG","hgt":78,"weight":185,"imgURL":"http://a.espncdn.com/i/headshots/nba/players/full/2596108.png","born":{"year":1991,"loc":"Hamilton, MA"},"contract":{"amount":"","exp":""},"draft":{"round":"","pick":"","team":"","orig. team":"","year":"","loc":""},"ratings":[{"hgt":63,"stre":54,"spd":75,"jmp":78,"endu":73,"ins":41,"dnk":55,"ft":68,"fg":57,"tp":63,"blk":34,"stl":66,"drb":69,"pss":69,"reb":59,"pot":76}],"skills":[]},{"tid":-2,"name":"Steven Adams","pos":"C","hgt":84,"weight":250,"imgURL":"http://a.espncdn.com/i/headshots/nba/players/full/2991235.png","born":{"year":1993,"loc":"Rotorua, New Zealand"},"contract":{"amount":"","exp":""},"draft":{"round":"","pick":"","team":"","orig. team":"","year":"","loc":""},"ratings":[{"hgt":92,"stre":78,"spd":43,"jmp":68,"endu":61,"ins":75,"dnk":65,"ft":84,"fg":32,"tp":0,"blk":84,"stl":45,"drb":21,"pss":36,"reb":84,"pot":58}],"skills":[]},{"tid":-2,"name":"Kelly Olynyk","pos":"C","hgt":84,"weight":238,"imgURL":"http://a.espncdn.com/i/headshots/nba/players/full/2489663.png","born":{"year":1991,"loc":"Toronto, Canada"},"contract":{"amount":"","exp":""},"draft":{"round":"","pick":"","team":"","orig. team":"","year":"","loc":""},"ratings":[{"hgt":84,"stre":56,"spd":53,"jmp":64,"endu":68,"ins":72,"dnk":71,"ft":71,"fg":54,"tp":43,"blk":61,"stl":46,"drb":28,"pss":56,"reb":64,"pot":57}],"skills":[]},{"tid":-2,"name":"Shabazz Muhammad","pos":"SG","hgt":78,"weight":225,"imgURL":"http://a.espncdn.com/i/headshots/nba/players/full/2993875.png","born":{"year":1992,"loc":"Los Angeles, CA"},"contract":{"amount":"","exp":""},"draft":{"round":"","pick":"","team":"","orig. team":"","year":"","loc":""},"ratings":[{"hgt":63,"stre":54,"spd":71,"jmp":73,"endu":67,"ins":41,"dnk":45,"ft":68,"fg":64,"tp":67,"blk":34,"stl":66,"drb":65,"pss":67,"reb":59,"pot":58}],"skills":[]},{"tid":-2,"name":"Giannis Antetokounmpo","pos":"SF","hgt":81,"weight":210,"imgURL":"http://d2cwpp38twqe55.cloudfront.net/images-011/players/antetgi01.png","born":{"year":1994,"loc":"Athens, Greece"},"contract":{"amount":"","exp":""},"draft":{"round":"","pick":"","team":"","orig. team":"","year":"","loc":""},"ratings":[{"hgt":84,"stre":66,"spd":68,"jmp":84,"endu":62,"ins":52,"dnk":51,"ft":71,"fg":44,"tp":33,"blk":59,"stl":58,"drb":56,"pss":51,"reb":64,"pot":67}],"skills":[]},{"tid":-2,"name":"Lucas Nogueira","pos":"C","hgt":84,"weight":225,"imgURL":"http://a.espncdn.com/i/nba/draft2013/headshots/19598.jpg","born":{"year":1992,"loc":"Sao Goncalo, Brazil"},"contract":{"amount":"","exp":""},"draft":{"round":"","pick":"","team":"","orig. team":"","year":"","loc":""},"ratings":[{"hgt":92,"stre":40,"spd":53,"jmp":64,"endu":38,"ins":52,"dnk":61,"ft":71,"fg":44,"tp":43,"blk":61,"stl":46,"drb":26,"pss":52,"reb":64,"pot":68}],"skills":[]},{"tid":-2,"name":"Dennis Schroeder","pos":"PG","hgt":73,"weight":168,"imgURL":"http://a.espncdn.com/combiner/i?img=/i/headshots/nba/players/full/3032979.png&w=350&h=254","born":{"year":1993,"loc":"Braunschweig, Germany"},"contract":{"amount":"","exp":""},"draft":{"round":"","pick":"","team":"","orig. team":"","year":"","loc":""},"ratings":[{"hgt":14,"stre":34,"spd":71,"jmp":73,"endu":67,"ins":41,"dnk":45,"ft":68,"fg":64,"tp":67,"blk":34,"stl":66,"drb":65,"pss":67,"reb":59,"pot":60}],"skills":[]},{"tid":-2,"name":"Shane Larkin","pos":"PG","hgt":71,"weight":176,"imgURL":"http://a.espncdn.com/i/headshots/nba/players/full/2596158.png","born":{"year":1992,"loc":"Cincinnati, OH"},"contract":{"amount":"","exp":""},"draft":{"round":"","pick":"","team":"","orig. team":"","year":"","loc":""},"ratings":[{"hgt":2,"stre":24,"spd":71,"jmp":73,"endu":67,"ins":41,"dnk":45,"ft":68,"fg":64,"tp":67,"blk":34,"stl":66,"drb":65,"pss":67,"reb":59,"pot":54}],"skills":[]},{"tid":-2,"name":"Sergey Karasev","pos":"SF","hgt":79,"weight":203,"imgURL":"http://a.espncdn.com/i/nba/draft2013/headshots/19785.jpg","born":{"year":1993,"loc":"St. Petersburg, Russia"},"contract":{"amount":"","exp":""},"draft":{"round":"","pick":"","team":"","orig. team":"","year":"","loc":""},"ratings":[{"hgt":57,"stre":56,"spd":53,"jmp":64,"endu":52,"ins":32,"dnk":61,"ft":71,"fg":56,"tp":37,"blk":31,"stl":69,"drb":46,"pss":50,"reb":64,"pot":57}],"skills":[]},{"tid":-2,"name":"Tony Snell","pos":"SG","hgt":79,"weight":200,"imgURL":"http://a.espncdn.com/i/headshots/nba/players/full/2528353.png","born":{"year":1991,"loc":"Riverside, CA"},"contract":{"amount":"","exp":""},"draft":{"round":"","pick":"","team":"","orig. team":"","year":"","loc":""},"ratings":[{"hgt":60,"stre":34,"spd":71,"jmp":73,"endu":67,"ins":41,"dnk":45,"ft":68,"fg":64,"tp":67,"blk":34,"stl":66,"drb":65,"pss":67,"reb":59,"pot":55}],"skills":[]},{"tid":-2,"name":"Gorgui Dieng","pos":"C","hgt":83,"weight":245,"imgURL":"http://a.espncdn.com/i/headshots/nba/players/full/2534781.png","born":{"year":1990,"loc":"Kebemer, Senegal"},"contract":{"amount":"","exp":""},"draft":{"round":"","pick":"","team":"","orig. team":"","year":"","loc":""},"ratings":[{"hgt":84,"stre":76,"spd":53,"jmp":64,"endu":68,"ins":72,"dnk":71,"ft":71,"fg":54,"tp":43,"blk":61,"stl":46,"drb":26,"pss":56,"reb":64,"pot":60}],"skills":[]},{"tid":-2,"name":"Mason Plumlee","pos":"PF","hgt":82,"weight":235,"imgURL":"http://a.espncdn.com/i/headshots/nba/players/full/2488653.png","born":{"year":1990,"loc":"Fort Wayne, IN"},"contract":{"amount":"","exp":""},"draft":{"round":"","pick":"","team":"","orig. team":"","year":"","loc":""},"ratings":[{"hgt":80,"stre":76,"spd":53,"jmp":64,"endu":58,"ins":62,"dnk":61,"ft":71,"fg":34,"tp":0,"blk":61,"stl":46,"drb":26,"pss":56,"reb":64,"pot":58}],"skills":[]},{"tid":-2,"name":"Solomon Hill","pos":"SF","hgt":79,"weight":220,"imgURL":"http://a.espncdn.com/i/headshots/nba/players/full/2488958.png","born":{"year":1991,"loc":"Los Angeles, CA"},"contract":{"amount":"","exp":""},"draft":{"round":"","pick":"","team":"","orig. team":"","year":"","loc":""},"ratings":[{"hgt":57,"stre":61,"spd":58,"jmp":64,"endu":48,"ins":42,"dnk":58,"ft":71,"fg":54,"tp":43,"blk":61,"stl":46,"drb":42,"pss":50,"reb":62,"pot":55}],"skills":[]},{"tid":-2,"name":"Tim Hardaway Jr.","pos":"SG","hgt":78,"weight":205,"imgURL":"http://a.espncdn.com/i/headshots/nba/players/full/2528210.png","born":{"year":1992,"loc":"Miami, FL"},"contract":{"amount":"","exp":""},"draft":{"round":"","pick":"","team":"","orig. team":"","year":"","loc":""},"ratings":[{"hgt":50,"stre":54,"spd":71,"jmp":73,"endu":57,"ins":41,"dnk":45,"ft":68,"fg":64,"tp":57,"blk":34,"stl":66,"drb":65,"pss":67,"reb":59,"pot":57}],"skills":[]},{"tid":-2,"name":"Reggie Bullock","pos":"SF","hgt":79,"weight":205,"imgURL":"http://a.espncdn.com/i/headshots/nba/players/full/2528779.png","born":{"year":1991,"loc":"Baltimore, MD"},"contract":{"amount":"","exp":""},"draft":{"round":"","pick":"","team":"","orig. team":"","year":"","loc":""},"ratings":[{"hgt":57,"stre":66,"spd":59,"jmp":64,"endu":58,"ins":52,"dnk":71,"ft":71,"fg":54,"tp":36,"blk":61,"stl":46,"drb":39,"pss":46,"reb":64,"pot":56}],"skills":[]},{"tid":-2,"name":"Andre Roberson","pos":"PF","hgt":79,"weight":210,"imgURL":"http://a.espncdn.com/i/headshots/nba/players/full/2530596.png","born":{"year":1991,"loc":"Las Cruces, NM"},"contract":{"amount":"","exp":""},"draft":{"round":"","pick":"","team":"","orig. team":"","year":"","loc":""},"ratings":[{"hgt":57,"stre":58,"spd":56,"jmp":64,"endu":48,"ins":52,"dnk":61,"ft":71,"fg":34,"tp":33,"blk":61,"stl":46,"drb":20,"pss":40,"reb":72,"pot":55}],"skills":[]},{"tid":-2,"name":"Rudy Gobert","pos":"C","hgt":85,"weight":220,"imgURL":"http://a.espncdn.com/i/nba/draft2013/headshots/19730.jpg","born":{"year":1992,"loc":"Saint-Quentin, France"},"contract":{"amount":"","exp":""},"draft":{"round":"","pick":"","team":"","orig. team":"","year":"","loc":""},"ratings":[{"hgt":94,"stre":72,"spd":61,"jmp":85,"endu":56,"ins":62,"dnk":61,"ft":71,"fg":54,"tp":0,"blk":89,"stl":48,"drb":26,"pss":44,"reb":79,"pot":67}],"skills":[]},{"tid":-2,"name":"Livio Jean-Charles","pos":"SF","hgt":81,"weight":217,"imgURL":"http://www.wiki-basket.com/wp-content/uploads/2014/11/17208.jpg","born":{"year":1991,"loc":"Cayenne, French Guiana"},"contract":{"amount":"","exp":""},"draft":{"round":"","pick":"","team":"","orig. team":"","year":"","loc":""},"ratings":[{"hgt":73,"stre":46,"spd":68,"jmp":74,"endu":52,"ins":52,"dnk":71,"ft":71,"fg":54,"tp":43,"blk":61,"stl":46,"drb":47,"pss":56,"reb":64,"pot":58}],"skills":[]},{"tid":-2,"name":"Archie Goodwin","pos":"SG","hgt":77,"weight":198,"imgURL":"http://a.espncdn.com/i/headshots/nba/players/full/2991281.png","born":{"year":1994,"loc":"Little Rock, AR"},"contract":{"amount":"","exp":""},"draft":{"round":"","pick":"","team":"","orig. team":"","year":"","loc":""},"ratings":[{"hgt":43,"stre":34,"spd":71,"jmp":73,"endu":57,"ins":21,"dnk":55,"ft":68,"fg":64,"tp":37,"blk":34,"stl":66,"drb":55,"pss":57,"reb":49,"pot":54}],"skills":[]},{"tid":-2,"name":"Nemanja Nedovic","pos":"SG","hgt":75,"weight":192,"imgURL":"http://a.espncdn.com/i/nba/draft2013/headshots/19691.jpg","born":{"year":1991,"loc":"Nova Varos, Serbia"},"contract":{"amount":"","exp":""},"draft":{"round":"","pick":"","team":"","orig. team":"","year":"","loc":""},"ratings":[{"hgt":28,"stre":24,"spd":71,"jmp":73,"endu":67,"ins":41,"dnk":45,"ft":68,"fg":64,"tp":67,"blk":34,"stl":66,"drb":65,"pss":67,"reb":59,"pot":55}],"skills":[]},{"tid":-2,"name":"Allen Crabbe","pos":"SG","hgt":78,"weight":210,"imgURL":"http://a.espncdn.com/i/headshots/nba/players/full/2531210.png","born":{"year":1992,"loc":"Los Angeles, CA"},"contract":{"amount":"","exp":""},"draft":{"round":"","pick":"","team":"","orig. team":"","year":"","loc":""},"ratings":[{"hgt":51,"stre":54,"spd":71,"jmp":73,"endu":67,"ins":41,"dnk":45,"ft":68,"fg":64,"tp":67,"blk":34,"stl":66,"drb":65,"pss":67,"reb":59,"pot":52}],"skills":[]},{"tid":-2,"name":"Carrick Felix","pos":"SG","hgt":78,"weight":201,"imgURL":"http://a.espncdn.com/i/headshots/nba/players/full/2531185.png","born":{"year":1990,"loc":"Las Vegas, AZ"},"contract":{"amount":"","exp":""},"draft":{"round":"","pick":"","team":"","orig. team":"","year":"","loc":""},"ratings":[{"hgt":50,"stre":54,"spd":71,"jmp":73,"endu":67,"ins":41,"dnk":45,"ft":68,"fg":64,"tp":67,"blk":34,"stl":66,"drb":55,"pss":67,"reb":59,"pot":53}],"skills":[]},{"tid":-2,"name":"Isaiah Canaan","pos":"PG","hgt":72,"weight":188,"imgURL":"http://a.espncdn.com/i/headshots/nba/players/full/2490589.png","born":{"year":1991,"loc":"Biloxi, MS"},"contract":{"amount":"","exp":""},"draft":{"round":"","pick":"","team":"","orig. team":"","year":"","loc":""},"ratings":[{"hgt":9,"stre":34,"spd":81,"jmp":73,"endu":67,"ins":41,"dnk":45,"ft":68,"fg":64,"tp":67,"blk":34,"stl":66,"drb":65,"pss":67,"reb":59,"pot":56}],"skills":[]},{"tid":-2,"name":"Glen Rice Jr.","pos":"SG","hgt":78,"weight":206,"imgURL":"http://a.espncdn.com/i/headshots/nba/players/full/2488660.png","born":{"year":1991,"loc":"Miami, FL"},"contract":{"amount":"","exp":""},"draft":{"round":"","pick":"","team":"","orig. team":"","year":"","loc":""},"ratings":[{"hgt":52,"stre":44,"spd":71,"jmp":73,"endu":67,"ins":41,"dnk":45,"ft":68,"fg":64,"tp":67,"blk":34,"stl":66,"drb":65,"pss":67,"reb":59,"pot":55}],"skills":[]},{"tid":-2,"name":"Ray McCallum","pos":"PG","hgt":75,"weight":190,"imgURL":"http://a.espncdn.com/i/headshots/nba/players/full/2528447.png","born":{"year":1991,"loc":"Madison, WI"},"contract":{"amount":"","exp":""},"draft":{"round":"","pick":"","team":"","orig. team":"","year":"","loc":""},"ratings":[{"hgt":29,"stre":34,"spd":71,"jmp":73,"endu":67,"ins":41,"dnk":45,"ft":68,"fg":64,"tp":67,"blk":34,"stl":66,"drb":75,"pss":67,"reb":59,"pot":56}],"skills":[]},{"tid":-2,"name":"Tony Mitchell","pos":"PF","hgt":80,"weight":235,"imgURL":"http://a.espncdn.com/i/headshots/nba/players/full/2583664.png","born":{"year":1992,"loc":"Milwaukee, WI"},"contract":{"amount":"","exp":""},"draft":{"round":"","pick":"","team":"","orig. team":"","year":"","loc":""},"ratings":[{"hgt":64,"stre":66,"spd":53,"jmp":64,"endu":48,"ins":62,"dnk":61,"ft":71,"fg":54,"tp":43,"blk":61,"stl":46,"drb":26,"pss":46,"reb":74,"pot":57}],"skills":[]},{"tid":-2,"name":"Nate Wolters","pos":"PG","hgt":76,"weight":190,"imgURL":"http://a.espncdn.com/i/headshots/nba/players/full/2491079.png","born":{"year":1991,"loc":"St. Cloud, MN"},"contract":{"amount":"","exp":""},"draft":{"round":"","pick":"","team":"","orig. team":"","year":"","loc":""},"ratings":[{"hgt":36,"stre":24,"spd":71,"jmp":73,"endu":67,"ins":41,"dnk":45,"ft":68,"fg":64,"tp":67,"blk":34,"stl":66,"drb":65,"pss":67,"reb":59,"pot":55}],"skills":[]},{"tid":-2,"name":"Jeff Withey","pos":"C","hgt":84,"weight":235,"imgURL":"http://a.espncdn.com/i/headshots/nba/players/full/2333797.png","born":{"year":1990,"loc":"San Diego, CA"},"contract":{"amount":"","exp":""},"draft":{"round":"","pick":"","team":"","orig. team":"","year":"","loc":""},"ratings":[{"hgt":92,"stre":66,"spd":53,"jmp":64,"endu":48,"ins":62,"dnk":61,"ft":71,"fg":44,"tp":0,"blk":61,"stl":46,"drb":20,"pss":26,"reb":72,"pot":53}],"skills":[]},{"tid":-2,"name":"Jamaal Franklin","pos":"SG","hgt":77,"weight":191,"imgURL":"http://a.espncdn.com/i/headshots/nba/players/full/2528356.png","born":{"year":1991,"loc":"Moreno Valley, CA"},"contract":{"amount":"","exp":""},"draft":{"round":"","pick":"","team":"","orig. team":"","year":"","loc":""},"ratings":[{"hgt":43,"stre":54,"spd":71,"jmp":73,"endu":67,"ins":41,"dnk":45,"ft":68,"fg":64,"tp":67,"blk":34,"stl":66,"drb":65,"pss":67,"reb":59,"pot":54}],"skills":[]},{"tid":-2,"name":"Ricky Ledo","pos":"SG","hgt":79,"weight":195,"imgURL":"http://a.espncdn.com/i/nba/draft2013/headshots/19846.jpg","born":{"year":1992,"loc":"Providence, RI"},"contract":{"amount":"","exp":""},"draft":{"round":"","pick":"","team":"","orig. team":"","year":"","loc":""},"ratings":[{"hgt":50,"stre":34,"spd":71,"jmp":73,"endu":67,"ins":41,"dnk":45,"ft":68,"fg":64,"tp":67,"blk":34,"stl":66,"drb":65,"pss":67,"reb":59,"pot":55}],"skills":[]},{"tid":-2,"name":"Mike Muscala","pos":"C","hgt":83,"weight":239,"imgURL":"http://a.espncdn.com/i/nba/draft2013/headshots/19889.jpg","born":{"year":1991,"loc":"St. Louis Park, MN"},"contract":{"amount":"","exp":""},"draft":{"round":"","pick":"","team":"","orig. team":"","year":"","loc":""},"ratings":[{"hgt":84,"stre":80,"spd":53,"jmp":64,"endu":48,"ins":52,"dnk":61,"ft":71,"fg":54,"tp":43,"blk":80,"stl":60,"drb":26,"pss":56,"reb":82,"pot":54}],"skills":[]},{"tid":-2,"name":"Ryan Kelly","pos":"PF","hgt":83,"weight":230,"imgURL":"http://a.espncdn.com/i/headshots/nba/players/full/2488651.png","born":{"year":1991,"loc":"Carmel, NY"},"contract":{"amount":"","exp":""},"draft":{"round":"","pick":"","team":"","orig. team":"","year":"","loc":""},"ratings":[{"hgt":84,"stre":46,"spd":53,"jmp":64,"endu":53,"ins":42,"dnk":55,"ft":71,"fg":54,"tp":63,"blk":56,"stl":59,"drb":26,"pss":59,"reb":25,"pot":53}],"skills":[]},{"tid":-2,"name":"Erik Murphy","pos":"C","hgt":82,"weight":230,"imgURL":"http://a.espncdn.com/i/headshots/nba/players/full/2489021.png","born":{"year":1990,"loc":"Lyon, France"},"contract":{"amount":"","exp":""},"draft":{"round":"","pick":"","team":"","orig. team":"","year":"","loc":""},"ratings":[{"hgt":78,"stre":56,"spd":53,"jmp":64,"endu":48,"ins":52,"dnk":61,"ft":71,"fg":54,"tp":43,"blk":61,"stl":46,"drb":26,"pss":46,"reb":64,"pot":54}],"skills":[]},{"tid":-2,"name":"Lorenzo Brown","pos":"SG","hgt":77,"weight":189,"imgURL":"http://a.espncdn.com/i/headshots/nba/players/full/2528787.png","born":{"year":1990,"loc":"Roswell, GA"},"contract":{"amount":"","exp":""},"draft":{"round":"","pick":"","team":"","orig. team":"","year":"","loc":""},"ratings":[{"hgt":43,"stre":54,"spd":71,"jmp":73,"endu":67,"ins":41,"dnk":45,"ft":68,"fg":64,"tp":67,"blk":34,"stl":66,"drb":65,"pss":67,"reb":59,"pot":53}],"skills":[]},{"tid":-2,"name":"Peyton Siva","pos":"SG","hgt":72,"weight":185,"imgURL":"http://a.espncdn.com/i/headshots/nba/players/full/2488706.png","born":{"year":1990,"loc":"Seattle, WA"},"contract":{"amount":"","exp":""},"draft":{"round":"","pick":"","team":"","orig. team":"","year":"","loc":""},"ratings":[{"hgt":10,"stre":54,"spd":71,"jmp":73,"endu":67,"ins":41,"dnk":45,"ft":68,"fg":64,"tp":67,"blk":34,"stl":66,"drb":65,"pss":67,"reb":59,"pot":54}],"skills":[]},{"tid":-2,"name":"Alex Oriakhi","pos":"PF","hgt":81,"weight":255,"imgURL":"http://basketball.realgm.com/images/nba/4.2/profiles/photos/2006/Oriakhi_Alex_ncaa.jpg","born":{"year":1990,"loc":"Lowell, MA"},"contract":{"amount":"","exp":""},"draft":{"round":"","pick":"","team":"","orig. team":"","year":"","loc":""},"ratings":[{"hgt":71,"stre":76,"spd":53,"jmp":64,"endu":38,"ins":62,"dnk":61,"ft":71,"fg":24,"tp":0,"blk":61,"stl":46,"drb":16,"pss":36,"reb":64,"pot":50}],"skills":[]},{"tid":-2,"name":"Deshaun Thomas","pos":"F","hgt":79,"weight":215,"imgURL":"http://basketball.realgm.com/images/nba/4.2/profiles/photos/2006/Thomas_Deshaun_ncaa.jpg","born":{"year":1991,"loc":"Fort Wayne, IN"},"contract":{"amount":"","exp":""},"draft":{"round":"","pick":"","team":"","orig. team":"","year":"","loc":""},"ratings":[{"hgt":57,"stre":66,"spd":53,"jmp":64,"endu":38,"ins":42,"dnk":51,"ft":71,"fg":34,"tp":33,"blk":51,"stl":46,"drb":26,"pss":36,"reb":64,"pot":53}],"skills":[]},{"tid":-2,"name":"Bojan Dubljevic","pos":"PF","hgt":79,"weight":242,"imgURL":"http://i.imgur.com/PavvYTM.gif","born":{"year":1991,"loc":"Niksic, Montenegro"},"contract":{"amount":"","exp":""},"draft":{"round":"","pick":"","team":"","orig. team":"","year":"","loc":""},"ratings":[{"hgt":57,"stre":66,"spd":57,"jmp":64,"endu":52,"ins":62,"dnk":61,"ft":71,"fg":54,"tp":43,"blk":61,"stl":46,"drb":26,"pss":46,"reb":64,"pot":52}],"skills":[]},{"tid":-2,"name":"Janis Timma","pos":"SF","hgt":79,"weight":226,"imgURL":"http://basketball.realgm.com/images/nba/4.2/profiles/photos/2006/Timma_Janis_euro.jpg","born":{"year":1992,"loc":"Kraslava, Latvia"},"contract":{"amount":"","exp":""},"draft":{"round":"","pick":"","team":"","orig. team":"","year":"","loc":""},"ratings":[{"hgt":57,"stre":36,"spd":62,"jmp":64,"endu":58,"ins":22,"dnk":71,"ft":71,"fg":54,"tp":43,"blk":61,"stl":46,"drb":46,"pss":56,"reb":64,"pot":50}],"skills":[]},{"tid":-2,"name":"Ian Clark","pos":"G","hgt":75,"weight":173,"imgURL":"http://basketball.realgm.com/images/nba/4.2/profiles/photos/2006/Clark_Ian_uta14.jpg","born":{"year":1991,"loc":"Memphis, TN"},"contract":{"amount":"","exp":""},"draft":{"round":"","pick":"","team":"","orig. team":"","year":"","loc":""},"ratings":[{"hgt":29,"stre":54,"spd":71,"jmp":73,"endu":67,"ins":41,"dnk":45,"ft":68,"fg":64,"tp":67,"blk":34,"stl":66,"drb":65,"pss":67,"reb":59,"pot":54}],"skills":[]},{"tid":-2,"name":"Robert Covington","pos":"SF","hgt":81,"weight":209,"imgURL":"http://basketball.realgm.com/images/nba/4.2/profiles/photos/2006/Covington_Robert_hou14.jpg","born":{"year":1990,"loc":"Bellwood, IL"},"contract":{"amount":"","exp":""},"draft":{"round":"","pick":"","team":"","orig. team":"","year":"","loc":""},"ratings":[{"hgt":71,"stre":66,"spd":62,"jmp":64,"endu":58,"ins":52,"dnk":67,"ft":71,"fg":44,"tp":53,"blk":61,"stl":66,"drb":46,"pss":56,"reb":64,"pot":57}],"skills":[]},{"tid":-2,"name":"Seth Curry","pos":"G","hgt":74,"weight":185,"imgURL":"http://basketball.realgm.com/images/nba/4.2/profiles/photos/2006/Curry_Seth_orl14.jpg","born":{"year":1990,"loc":"Charlotte, NC"},"contract":{"amount":"","exp":""},"draft":{"round":"","pick":"","team":"","orig. team":"","year":"","loc":""},"ratings":[{"hgt":32,"stre":24,"spd":71,"jmp":73,"endu":47,"ins":41,"dnk":45,"ft":68,"fg":54,"tp":57,"blk":34,"stl":66,"drb":61,"pss":63,"reb":49,"pot":53}],"skills":[]},{"tid":-2,"name":"Troy Daniels","pos":"SG","hgt":76,"weight":204,"imgURL":"http://basketball.realgm.com/images/nba/4.2/profiles/photos/2006/Daniels_Troy_hou_1314.jpg","born":{"year":1991,"loc":"Roanoke, VA"},"contract":{"amount":"","exp":""},"draft":{"round":"","pick":"","team":"","orig. team":"","year":"","loc":""},"ratings":[{"hgt":36,"stre":44,"spd":66,"jmp":73,"endu":47,"ins":31,"dnk":45,"ft":68,"fg":54,"tp":67,"blk":34,"stl":66,"drb":60,"pss":60,"reb":59,"pot":55}],"skills":[]},{"tid":-2,"name":"Brandon Davies","pos":"PF","hgt":82,"weight":240,"imgURL":"http://basketball.realgm.com/images/nba/4.2/profiles/photos/2006/Davies_Brandon_phi14.jpg","born":{"year":1991,"loc":"Philadelphia, PA"},"contract":{"amount":"","exp":""},"draft":{"round":"","pick":"","team":"","orig. team":"","year":"","loc":""},"ratings":[{"hgt":79,"stre":76,"spd":53,"jmp":64,"endu":54,"ins":62,"dnk":61,"ft":71,"fg":54,"tp":27,"blk":61,"stl":46,"drb":26,"pss":36,"reb":60,"pot":54}],"skills":[]},{"tid":-2,"name":"Matthew Dellavedova","pos":"G","hgt":76,"weight":200,"imgURL":"http://basketball.realgm.com/images/nba/4.2/profiles/photos/2006/Dellavedova_Matthew_cle14.jpg","born":{"year":1990,"loc":"Maryborough, Australia"},"contract":{"amount":"","exp":""},"draft":{"round":"","pick":"","team":"","orig. team":"","year":"","loc":""},"ratings":[{"hgt":33,"stre":54,"spd":71,"jmp":63,"endu":57,"ins":41,"dnk":45,"ft":68,"fg":64,"tp":67,"blk":34,"stl":66,"drb":65,"pss":67,"reb":59,"pot":55}],"skills":[]},{"tid":-2,"name":"Elias Harris","pos":"SF","hgt":80,"weight":239,"imgURL":"http://basketball.realgm.com/images/nba/4.2/profiles/photos/2006/Harris_Elias_lal_1314.jpg","born":{"year":1989,"loc":"Speyer, Germany"},"contract":{"amount":"","exp":""},"draft":{"round":"","pick":"","team":"","orig. team":"","year":"","loc":""},"ratings":[{"hgt":64,"stre":56,"spd":63,"jmp":64,"endu":48,"ins":42,"dnk":61,"ft":71,"fg":44,"tp":43,"blk":61,"stl":46,"drb":36,"pss":46,"reb":60,"pot":46}],"skills":[]},{"tid":-2,"name":"James Southerland","pos":"SF","hgt":80,"weight":225,"imgURL":"http://basketball.realgm.com/images/nba/4.2/profiles/photos/2006/Southerland_James_por14.jpg","born":{"year":1990,"loc":"Queens, NY"},"contract":{"amount":"","exp":""},"draft":{"round":"","pick":"","team":"","orig. team":"","year":"","loc":""},"ratings":[{"hgt":64,"stre":56,"spd":53,"jmp":64,"endu":48,"ins":32,"dnk":61,"ft":71,"fg":44,"tp":43,"blk":51,"stl":46,"drb":36,"pss":46,"reb":54,"pot":48}],"skills":[]},{"tid":-2,"name":"D.J. Stephens","pos":"GF","hgt":77,"weight":188,"imgURL":"http://basketball.realgm.com/images/nba/4.2/profiles/photos/2006/Stephens_D.J._ncaa_mem.jpg","born":{"year":1990,"loc":"Killeen, TX"},"contract":{"amount":"","exp":""},"draft":{"round":"","pick":"","team":"","orig. team":"","year":"","loc":""},"ratings":[{"hgt":43,"stre":54,"spd":71,"jmp":73,"endu":67,"ins":41,"dnk":45,"ft":68,"fg":64,"tp":67,"blk":34,"stl":66,"drb":65,"pss":67,"reb":59,"pot":50}],"skills":[]},{"tid":-2,"name":"Chris Babb","pos":"G","hgt":77,"weight":225,"imgURL":"http://basketball.realgm.com/images/nba/4.2/profiles/photos/2006/Babb_Chris_bos_1314.jpg","born":{"year":1990,"loc":"Arlington, TX"},"contract":{"amount":"","exp":""},"draft":{"round":"","pick":"","team":"","orig. team":"","year":"","loc":""},"ratings":[{"hgt":43,"stre":54,"spd":71,"jmp":73,"endu":67,"ins":41,"dnk":45,"ft":68,"fg":64,"tp":67,"blk":34,"stl":66,"drb":65,"pss":67,"reb":59,"pot":52}],"skills":[]},{"tid":-2,"name":"Vander Blue","pos":"SG","hgt":76,"weight":200,"imgURL":"http://basketball.realgm.com/images/nba/4.2/profiles/photos/2006/Blue_Vander_phi_1314.jpg","born":{"year":1992,"loc":"Milwaukee, WI"},"contract":{"amount":"","exp":""},"draft":{"round":"","pick":"","team":"","orig. team":"","year":"","loc":""},"ratings":[{"hgt":36,"stre":24,"spd":66,"jmp":63,"endu":47,"ins":21,"dnk":55,"ft":68,"fg":54,"tp":52,"blk":34,"stl":66,"drb":50,"pss":47,"reb":49,"pot":52}],"skills":[]},{"tid":-2,"name":"Dewayne Dedmon","pos":"PF","hgt":84,"weight":255,"imgURL":"http://basketball.realgm.com/images/nba/4.2/profiles/photos/2006/Dedmon_Dewayne_orl14.jpg","born":{"year":1989,"loc":"Lancaster, CA"},"contract":{"amount":"","exp":""},"draft":{"round":"","pick":"","team":"","orig. team":"","year":"","loc":""},"ratings":[{"hgt":84,"stre":76,"spd":33,"jmp":64,"endu":38,"ins":62,"dnk":51,"ft":71,"fg":34,"tp":0,"blk":61,"stl":36,"drb":13,"pss":30,"reb":64,"pot":50}],"skills":[]},{"tid":-2,"name":"Phil Pressey","pos":"PG","hgt":71,"weight":175,"imgURL":"http://basketball.realgm.com/images/nba/4.2/profiles/photos/2006/Pressey_Phil_bos14.jpg","born":{"year":1991,"loc":"Dallas, TX"},"contract":{"amount":"","exp":""},"draft":{"round":"","pick":"","team":"","orig. team":"","year":"","loc":""},"ratings":[{"hgt":4,"stre":24,"spd":71,"jmp":66,"endu":57,"ins":21,"dnk":65,"ft":68,"fg":64,"tp":67,"blk":34,"stl":66,"drb":75,"pss":74,"reb":29,"pot":52}],"skills":[]},{"tid":-2,"name":"Adonis Thomas","pos":"SF","hgt":79,"weight":240,"imgURL":"http://basketball.realgm.com/images/nba/4.2/profiles/photos/2006/Thomas_Adonis_ind14.jpg","born":{"year":1993,"loc":"Memphis, TN"},"contract":{"amount":"","exp":""},"draft":{"round":"","pick":"","team":"","orig. team":"","year":"","loc":""},"ratings":[{"hgt":57,"stre":72,"spd":53,"jmp":64,"endu":38,"ins":52,"dnk":61,"ft":71,"fg":44,"tp":43,"blk":11,"stl":46,"drb":46,"pss":36,"reb":54,"pot":52}],"skills":[]},{"tid":-2,"name":"Reginald Becton","pos":"PF","hgt":82,"weight":255,"imgURL":"http://basketball.realgm.com/images/nba/4.2/profiles/photos/2006/Buckner_Reginald_ncaa_miss.jpg","born":{"year":1991,"loc":"Memphis, TN"},"contract":{"amount":"","exp":""},"draft":{"round":"","pick":"","team":"","orig. team":"","year":"","loc":""},"ratings":[{"hgt":78,"stre":76,"spd":53,"jmp":64,"endu":48,"ins":62,"dnk":61,"ft":71,"fg":54,"tp":43,"blk":61,"stl":46,"drb":26,"pss":26,"reb":64,"pot":46}],"skills":[]},{"tid":-2,"name":"Damen Bell-Holter","pos":"FC","hgt":81,"weight":245,"imgURL":"http://basketball.realgm.com/images/nba/4.2/profiles/photos/2006/Bell_Holter_Damen_bos_1314.jpg","born":{"year":1990,"loc":"Hydaburg, AK"},"contract":{"amount":"","exp":""},"draft":{"round":"","pick":"","team":"","orig. team":"","year":"","loc":""},"ratings":[{"hgt":71,"stre":76,"spd":53,"jmp":64,"endu":38,"ins":52,"dnk":51,"ft":71,"fg":34,"tp":0,"blk":61,"stl":46,"drb":16,"pss":26,"reb":64,"pot":45}],"skills":[]},{"tid":-2,"name":"Will Cherry","pos":"G","hgt":72,"weight":185,"imgURL":"http://basketball.realgm.com/images/nba/4.2/profiles/photos/2006/Cherry_Will_tor14.jpg","born":{"year":1991,"loc":"Oakland, CA"},"contract":{"amount":"","exp":""},"draft":{"round":"","pick":"","team":"","orig. team":"","year":"","loc":""},"ratings":[{"hgt":63,"stre":24,"spd":71,"jmp":73,"endu":47,"ins":21,"dnk":45,"ft":68,"fg":64,"tp":67,"blk":34,"stl":66,"drb":65,"pss":67,"reb":59,"pot":52}],"skills":[]},{"tid":-2,"name":"Jack Cooley","pos":"PF","hgt":81,"weight":244,"imgURL":"http://basketball.realgm.com/images/nba/4.2/profiles/photos/2006/Cooley_Jack_uta14.jpg","born":{"year":1991,"loc":"Evanston, IL"},"contract":{"amount":"","exp":""},"draft":{"round":"","pick":"","team":"","orig. team":"","year":"","loc":""},"ratings":[{"hgt":71,"stre":66,"spd":53,"jmp":54,"endu":48,"ins":62,"dnk":51,"ft":71,"fg":44,"tp":0,"blk":61,"stl":46,"drb":28,"pss":26,"reb":76,"pot":55}],"skills":[]},{"tid":-2,"name":"Abdul Gaddy","pos":"PG","hgt":75,"weight":185,"imgURL":"http://basketball.realgm.com/images/nba/4.2/profiles/photos/2006/Gaddy_Abdul_ncaa_uw.jpg","born":{"year":1992,"loc":"Tacoma, WA"},"contract":{"amount":"","exp":""},"draft":{"round":"","pick":"","team":"","orig. team":"","year":"","loc":""},"ratings":[{"hgt":29,"stre":24,"spd":71,"jmp":73,"endu":37,"ins":11,"dnk":55,"ft":68,"fg":54,"tp":47,"blk":24,"stl":66,"drb":65,"pss":67,"reb":59,"pot":45}],"skills":[]},{"tid":-2,"name":"Jordan Henriquez","pos":"PF","hgt":83,"weight":250,"imgURL":"http://basketball.realgm.com/images/nba/4.2/profiles/photos/2006/Henriquez_Jordan_hou_1314.jpg","born":{"year":1989,"loc":"Baldwin, NY"},"contract":{"amount":"","exp":""},"draft":{"round":"","pick":"","team":"","orig. team":"","year":"","loc":""},"ratings":[{"hgt":92,"stre":66,"spd":53,"jmp":64,"endu":48,"ins":62,"dnk":61,"ft":71,"fg":44,"tp":23,"blk":61,"stl":46,"drb":26,"pss":56,"reb":64,"pot":47}],"skills":[]},{"tid":-2,"name":"Richard Howell","pos":"PF","hgt":80,"weight":257,"imgURL":"http://basketball.realgm.com/images/nba/4.2/profiles/photos/2006/Howell_Richard_por_1314.jpg","born":{"year":1990,"loc":"Marietta, GA"},"contract":{"amount":"","exp":""},"draft":{"round":"","pick":"","team":"","orig. team":"","year":"","loc":""},"ratings":[{"hgt":84,"stre":76,"spd":53,"jmp":64,"endu":55,"ins":72,"dnk":71,"ft":71,"fg":54,"tp":0,"blk":61,"stl":46,"drb":26,"pss":56,"reb":64,"pot":45}],"skills":[]}]
}