{"startingSeason":2008,
"players":[{"tid":-2,"name":"Derrick Rose","pos":"PG","hgt":75,"weight":190,"imgURL":"http://a.espncdn.com/i/headshots/nba/players/full/3456.png","born":{"year":1988,"loc":"Chicago, IL"},"contract":{"amount":"","exp":""},"draft":{"round":"","pick":"","team":"","orig. team":"","year":"","loc":""},"ratings":[{"hgt":43,"stre":58,"spd":92,"jmp":85,"endu":84,"ins":64,"dnk":89,"ft":76,"fg":85,"tp":62,"blk":43,"stl":76,"drb":88,"pss":84,"reb":42,"pot":87}],"skills":[]},{"tid":-2,"name":"Michael Beasley","pos":"PF","hgt":81,"weight":235,"imgURL":"http://a.espncdn.com/i/headshots/nba/players/full/3418.png","born":{"year":1989,"loc":"Frederick, MD"},"contract":{"amount":"","exp":""},"draft":{"round":"","pick":"","team":"","orig. team":"","year":"","loc":""},"ratings":[{"hgt":71,"stre":68,"spd":42,"jmp":56,"endu":51,"ins":67,"dnk":64,"ft":61,"fg":51,"tp":21,"blk":65,"stl":32,"drb":42,"pss":44,"reb":75,"pot":66}],"skills":[]},{"tid":-2,"name":"O.J. Mayo","pos":"SG","hgt":76,"weight":210,"imgURL":"http://a.espncdn.com/i/headshots/nba/players/full/3450.png","born":{"year":1987,"loc":"Huntington, WV"},"contract":{"amount":"","exp":""},"draft":{"round":"","pick":"","team":"","orig. team":"","year":"","loc":""},"ratings":[{"hgt":51,"stre":42,"spd":62,"jmp":42,"endu":62,"ins":43,"dnk":52,"ft":61,"fg":62,"tp":54,"blk":31,"stl":52,"drb":61,"pss":55,"reb":34,"pot":65}],"skills":[]},{"tid":-2,"name":"Russell Westbrook","pos":"PG","hgt":75,"weight":187,"imgURL":"http://a.espncdn.com/i/headshots/nba/players/full/3468.png","born":{"year":1988,"loc":"Long Beach, CA"},"contract":{"amount":"","exp":""},"draft":{"round":"","pick":"","team":"","orig. team":"","year":"","loc":""},"ratings":[{"hgt":32,"stre":65,"spd":93,"jmp":84,"endu":76,"ins":46,"dnk":85,"ft":86,"fg":74,"tp":68,"blk":43,"stl":64,"drb":75,"pss":71,"reb":66,"pot":82}],"skills":[]},{"tid":-2,"name":"Kevin Love","pos":"FC","hgt":82,"weight":260,"imgURL":"http://a.espncdn.com/i/headshots/nba/players/full/3449.png","born":{"year":1988,"loc":"Santa Monica, CA"},"contract":{"amount":"","exp":""},"draft":{"round":"","pick":"","team":"","orig. team":"","year":"","loc":""},"ratings":[{"hgt":86,"stre":42,"spd":67,"jmp":57,"endu":62,"ins":87,"dnk":75,"ft":75,"fg":71,"tp":75,"blk":65,"stl":42,"drb":47,"pss":58,"reb":65,"pot":75}],"skills":[]},{"tid":-2,"name":"Danilo Gallinari","pos":"SF","hgt":82,"weight":225,"imgURL":"http://a.espncdn.com/combiner/i?img=/i/headshots/nba/players/full/3428.png&w=350&h=254","born":{"year":1988,"loc":"Sant'Angelo Lodigiano, Italy"},"contract":{"amount":"","exp":""},"draft":{"round":"","pick":"","team":"","orig. team":"","year":"","loc":""},"ratings":[{"hgt":79,"stre":47,"spd":56,"jmp":52,"endu":57,"ins":75,"dnk":42,"ft":65,"fg":65,"tp":52,"blk":57,"stl":42,"drb":47,"pss":42,"reb":58,"pot":65}],"skills":[]},{"tid":-2,"name":"Eric Gordon","pos":"G","hgt":75,"weight":222,"imgURL":"http://a.espncdn.com/i/headshots/nba/players/full/3431.png","born":{"year":1988,"loc":"Indianapolis, IN"},"contract":{"amount":"","exp":""},"draft":{"round":"","pick":"","team":"","orig. team":"","year":"","loc":""},"ratings":[{"hgt":36,"stre":35,"spd":62,"jmp":42,"endu":64,"ins":43,"dnk":57,"ft":67,"fg":81,"tp":69,"blk":23,"stl":67,"drb":62,"pss":61,"reb":34,"pot":66}],"skills":[]},{"tid":-2,"name":"Joe Alexander","pos":"SF","hgt":80,"weight":230,"imgURL":"http://a.espncdn.com/i/headshots/nba/players/full/3411.png","born":{"year":1986,"loc":"Kaohsiung, Taiwan"},"contract":{"amount":"","exp":""},"draft":{"round":"","pick":"","team":"","orig. team":"","year":"","loc":""},"ratings":[{"hgt":64,"stre":34,"spd":56,"jmp":53,"endu":55,"ins":41,"dnk":43,"ft":54,"fg":51,"tp":61,"blk":31,"stl":43,"drb":52,"pss":61,"reb":43,"pot":58}],"skills":[]},{"tid":-2,"name":"D.J. Augustin","pos":"PG","hgt":72,"weight":180,"imgURL":"http://a.espncdn.com/i/headshots/nba/players/full/3415.png","born":{"year":1987,"loc":"New Orleans, LA"},"contract":{"amount":"","exp":""},"draft":{"round":"","pick":"","team":"","orig. team":"","year":"","loc":""},"ratings":[{"hgt":9,"stre":44,"spd":59,"jmp":61,"endu":62,"ins":41,"dnk":43,"ft":54,"fg":51,"tp":61,"blk":31,"stl":43,"drb":72,"pss":61,"reb":43,"pot":55}],"skills":[]},{"tid":-2,"name":"Brook Lopez","pos":"C","hgt":84,"weight":260,"imgURL":"http://a.espncdn.com/i/headshots/nba/players/full/3448.png","born":{"year":1988,"loc":"North Hollywood, CA"},"contract":{"amount":"","exp":""},"draft":{"round":"","pick":"","team":"","orig. team":"","year":"","loc":""},"ratings":[{"hgt":92,"stre":79,"spd":32,"jmp":61,"endu":62,"ins":86,"dnk":81,"ft":75,"fg":61,"tp":11,"blk":75,"stl":34,"drb":23,"pss":43,"reb":75,"pot":61}],"skills":[]},{"tid":-2,"name":"Jerryd Bayless","pos":"G","hgt":75,"weight":200,"imgURL":"http://a.espncdn.com/i/headshots/nba/players/full/3417.png","born":{"year":1988,"loc":"Phoenix, AZ"},"contract":{"amount":"","exp":""},"draft":{"round":"","pick":"","team":"","orig. team":"","year":"","loc":""},"ratings":[{"hgt":43,"stre":44,"spd":59,"jmp":61,"endu":62,"ins":41,"dnk":43,"ft":54,"fg":51,"tp":61,"blk":31,"stl":43,"drb":52,"pss":61,"reb":43,"pot":54}],"skills":[]},{"tid":-2,"name":"Jason Thompson","pos":"FC","hgt":83,"weight":250,"imgURL":"http://a.espncdn.com/i/headshots/nba/players/full/3462.png","born":{"year":1986,"loc":"Camden, NJ"},"contract":{"amount":"","exp":""},"draft":{"round":"","pick":"","team":"","orig. team":"","year":"","loc":""},"ratings":[{"hgt":85,"stre":76,"spd":32,"jmp":61,"endu":56,"ins":67,"dnk":62,"ft":61,"fg":52,"tp":11,"blk":67,"stl":34,"drb":23,"pss":43,"reb":62,"pot":56}],"skills":[]},{"tid":-2,"name":"Brandon Rush","pos":"GF","hgt":78,"weight":210,"imgURL":"http://a.espncdn.com/i/headshots/nba/players/full/3457.png","born":{"year":1985,"loc":"Kansas City, MO"},"contract":{"amount":"","exp":""},"draft":{"round":"","pick":"","team":"","orig. team":"","year":"","loc":""},"ratings":[{"hgt":43,"stre":45,"spd":62,"jmp":42,"endu":62,"ins":41,"dnk":75,"ft":74,"fg":67,"tp":63,"blk":31,"stl":67,"drb":62,"pss":71,"reb":43,"pot":63}],"skills":[]},{"tid":-2,"name":"Anthony Randolph","pos":"FC","hgt":82,"weight":205,"imgURL":"http://a.espncdn.com/i/headshots/nba/players/full/3455.png","born":{"year":1989,"loc":"Worzbach, Germany"},"contract":{"amount":"","exp":""},"draft":{"round":"","pick":"","team":"","orig. team":"","year":"","loc":""},"ratings":[{"hgt":80,"stre":76,"spd":32,"jmp":61,"endu":53,"ins":67,"dnk":62,"ft":61,"fg":52,"tp":11,"blk":67,"stl":34,"drb":23,"pss":43,"reb":62,"pot":56}],"skills":[]},{"tid":-2,"name":"Robin Lopez","pos":"C","hgt":84,"weight":255,"imgURL":"http://a.espncdn.com/i/headshots/nba/players/full/3447.png","born":{"year":1988,"loc":"North Hollywood, CA"},"contract":{"amount":"","exp":""},"draft":{"round":"","pick":"","team":"","orig. team":"","year":"","loc":""},"ratings":[{"hgt":92,"stre":77,"spd":52,"jmp":66,"endu":56,"ins":66,"dnk":61,"ft":75,"fg":51,"tp":0,"blk":85,"stl":43,"drb":44,"pss":31,"reb":70,"pot":64}],"skills":[]},{"tid":-2,"name":"Marreese Speights","pos":"FC","hgt":82,"weight":245,"imgURL":"http://a.espncdn.com/i/headshots/nba/players/full/3460.png","born":{"year":1987,"loc":"St. Petersburg, FL"},"contract":{"amount":"","exp":""},"draft":{"round":"","pick":"","team":"","orig. team":"","year":"","loc":""},"ratings":[{"hgt":79,"stre":76,"spd":38,"jmp":61,"endu":62,"ins":67,"dnk":62,"ft":61,"fg":52,"tp":16,"blk":67,"stl":50,"drb":23,"pss":43,"reb":72,"pot":56}],"skills":[]},{"tid":-2,"name":"Roy Hibbert","pos":"C","hgt":86,"weight":278,"imgURL":"http://a.espncdn.com/i/headshots/nba/players/full/3436.png","born":{"year":1986,"loc":"Queens, NY"},"contract":{"amount":"","exp":""},"draft":{"round":"","pick":"","team":"","orig. team":"","year":"","loc":""},"ratings":[{"hgt":96,"stre":86,"spd":30,"jmp":54,"endu":64,"ins":85,"dnk":74,"ft":72,"fg":61,"tp":24,"blk":74,"stl":51,"drb":43,"pss":52,"reb":64,"pot":75}],"skills":[]},{"tid":-2,"name":"JaVale McGee","pos":"C","hgt":84,"weight":237,"imgURL":"http://a.espncdn.com/i/headshots/nba/players/full/3452.png","born":{"year":1988,"loc":"Flint, MI"},"contract":{"amount":"","exp":""},"draft":{"round":"","pick":"","team":"","orig. team":"","year":"","loc":""},"ratings":[{"hgt":92,"stre":65,"spd":43,"jmp":62,"endu":65,"ins":87,"dnk":79,"ft":65,"fg":55,"tp":11,"blk":67,"stl":48,"drb":52,"pss":47,"reb":78,"pot":65}],"skills":[]},{"tid":-2,"name":"J.J. Hickson","pos":"FC","hgt":81,"weight":242,"imgURL":"http://a.espncdn.com/combiner/i?img=/i/headshots/nba/players/full/3437.png&w=350&h=254","born":{"year":1988,"loc":"Atlanta, GA"},"contract":{"amount":"","exp":""},"draft":{"round":"","pick":"","team":"","orig. team":"","year":"","loc":""},"ratings":[{"hgt":76,"stre":76,"spd":32,"jmp":61,"endu":62,"ins":67,"dnk":62,"ft":61,"fg":52,"tp":11,"blk":67,"stl":34,"drb":23,"pss":43,"reb":62,"pot":56}],"skills":[]},{"tid":-2,"name":"Alexis Ajinca","pos":"FC","hgt":84,"weight":220,"imgURL":"http://a.espncdn.com/i/nba/draft2008/headshots/18885.jpg","born":{"year":1988,"loc":"Saint-Etienne, France"},"contract":{"amount":"","exp":""},"draft":{"round":"","pick":"","team":"","orig. team":"","year":"","loc":""},"ratings":[{"hgt":76,"stre":76,"spd":32,"jmp":61,"endu":62,"ins":67,"dnk":62,"ft":61,"fg":52,"tp":11,"blk":67,"stl":34,"drb":23,"pss":43,"reb":62,"pot":56}],"skills":[]},{"tid":-2,"name":"Ryan Anderson","pos":"PF","hgt":82,"weight":240,"imgURL":"http://a.espncdn.com/i/headshots/nba/players/full/3412.png","born":{"year":1988,"loc":"Sacramento, CA"},"contract":{"amount":"","exp":""},"draft":{"round":"","pick":"","team":"","orig. team":"","year":"","loc":""},"ratings":[{"hgt":79,"stre":53,"spd":51,"jmp":42,"endu":65,"ins":64,"dnk":63,"ft":75,"fg":62,"tp":75,"blk":51,"stl":48,"drb":47,"pss":59,"reb":64,"pot":62}],"skills":[]},{"tid":-2,"name":"Courtney Lee","pos":"SG","hgt":77,"weight":200,"imgURL":"http://a.espncdn.com/i/headshots/nba/players/full/3445.png","born":{"year":1985,"loc":"Indianapolis, IN"},"contract":{"amount":"","exp":""},"draft":{"round":"","pick":"","team":"","orig. team":"","year":"","loc":""},"ratings":[{"hgt":43,"stre":44,"spd":66,"jmp":61,"endu":62,"ins":41,"dnk":58,"ft":74,"fg":61,"tp":61,"blk":31,"stl":53,"drb":52,"pss":61,"reb":53,"pot":57}],"skills":[]},{"tid":-2,"name":"Kosta Koufos","pos":"C","hgt":84,"weight":265,"imgURL":"http://a.espncdn.com/i/headshots/nba/players/full/3444.png","born":{"year":1989,"loc":"Canton, OH"},"contract":{"amount":"","exp":""},"draft":{"round":"","pick":"","team":"","orig. team":"","year":"","loc":""},"ratings":[{"hgt":92,"stre":76,"spd":32,"jmp":61,"endu":62,"ins":67,"dnk":62,"ft":61,"fg":52,"tp":11,"blk":67,"stl":34,"drb":23,"pss":43,"reb":62,"pot":56}],"skills":[]},{"tid":-2,"name":"Serge Ibaka","pos":"PF","hgt":82,"weight":220,"imgURL":"http://a.espncdn.com/combiner/i?img=/i/headshots/nba/players/full/3439.png&w=350&h=254","born":{"year":1989,"loc":"Brazzaville, Congo"},"contract":{"amount":"","exp":""},"draft":{"round":"","pick":"","team":"","orig. team":"","year":"","loc":""},"ratings":[{"hgt":80,"stre":87,"spd":35,"jmp":74,"endu":75,"ins":87,"dnk":75,"ft":76,"fg":61,"tp":43,"blk":92,"stl":42,"drb":37,"pss":59,"reb":78,"pot":74}],"skills":[]},{"tid":-2,"name":"Nicolas Batum","pos":"SF","hgt":80,"weight":200,"imgURL":"http://a.espncdn.com/combiner/i?img=/i/headshots/nba/players/full/3416.png&w=350&h=254","born":{"year":1988,"loc":"Lisieux, France"},"contract":{"amount":"","exp":""},"draft":{"round":"","pick":"","team":"","orig. team":"","year":"","loc":""},"ratings":[{"hgt":68,"stre":56,"spd":77,"jmp":74,"endu":68,"ins":67,"dnk":75,"ft":76,"fg":71,"tp":53,"blk":72,"stl":72,"drb":48,"pss":59,"reb":70,"pot":67}],"skills":[]},{"tid":-2,"name":"George Hill","pos":"PG","hgt":74,"weight":180,"imgURL":"http://a.espncdn.com/i/headshots/nba/players/full/3438.png","born":{"year":1986,"loc":"Indianapolis, IN"},"contract":{"amount":"","exp":""},"draft":{"round":"","pick":"","team":"","orig. team":"","year":"","loc":""},"ratings":[{"hgt":22,"stre":44,"spd":69,"jmp":71,"endu":62,"ins":31,"dnk":57,"ft":64,"fg":61,"tp":58,"blk":31,"stl":43,"drb":68,"pss":61,"reb":43,"pot":55}],"skills":[]},{"tid":-2,"name":"Darrell Arthur","pos":"PF","hgt":81,"weight":225,"imgURL":"http://a.espncdn.com/i/headshots/nba/players/full/3413.png","born":{"year":1988,"loc":"Dallas, TX"},"contract":{"amount":"","exp":""},"draft":{"round":"","pick":"","team":"","orig. team":"","year":"","loc":""},"ratings":[{"hgt":76,"stre":76,"spd":32,"jmp":61,"endu":62,"ins":67,"dnk":62,"ft":61,"fg":52,"tp":11,"blk":67,"stl":34,"drb":23,"pss":43,"reb":62,"pot":56}],"skills":[]},{"tid":-2,"name":"Donte Greene","pos":"SF","hgt":83,"weight":226,"imgURL":"http://a.espncdn.com/i/headshots/nba/players/full/3432.png","born":{"year":1988,"loc":"Munich, Germany"},"contract":{"amount":"","exp":""},"draft":{"round":"","pick":"","team":"","orig. team":"","year":"","loc":""},"ratings":[{"hgt":86,"stre":44,"spd":59,"jmp":61,"endu":62,"ins":41,"dnk":43,"ft":54,"fg":51,"tp":61,"blk":31,"stl":43,"drb":52,"pss":61,"reb":36,"pot":54}],"skills":[]},{"tid":-2,"name":"D.J. White","pos":"FC","hgt":81,"weight":251,"imgURL":"http://a.espncdn.com/i/headshots/nba/players/full/3469.png","born":{"year":1986,"loc":"Tuscaloosa, AL"},"contract":{"amount":"","exp":""},"draft":{"round":"","pick":"","team":"","orig. team":"","year":"","loc":""},"ratings":[{"hgt":76,"stre":76,"spd":32,"jmp":61,"endu":62,"ins":67,"dnk":62,"ft":61,"fg":52,"tp":11,"blk":67,"stl":34,"drb":23,"pss":43,"reb":62,"pot":56}],"skills":[]},{"tid":-2,"name":"J.R. Giddens","pos":"SF","hgt":77,"weight":215,"imgURL":"http://a.espncdn.com/i/nba/draft2008/headshots/19067.jpg","born":{"year":1985,"loc":"Oklahoma City, OK"},"contract":{"amount":"","exp":""},"draft":{"round":"","pick":"","team":"","orig. team":"","year":"","loc":""},"ratings":[{"hgt":43,"stre":44,"spd":59,"jmp":61,"endu":62,"ins":41,"dnk":43,"ft":54,"fg":51,"tp":61,"blk":31,"stl":43,"drb":52,"pss":61,"reb":43,"pot":54}],"skills":[]},{"tid":-2,"name":"Nikola Pekovic","pos":"C","hgt":83,"weight":285,"imgURL":"http://a.espncdn.com/combiner/i?img=/i/headshots/nba/players/full/3453.png&w=350&h=254","born":{"year":1986,"loc":"Bijelo Polje, Montenegro"},"contract":{"amount":"","exp":""},"draft":{"round":"","pick":"","team":"","orig. team":"","year":"","loc":""},"ratings":[{"hgt":86,"stre":87,"spd":35,"jmp":64,"endu":75,"ins":87,"dnk":75,"ft":76,"fg":61,"tp":0,"blk":72,"stl":42,"drb":37,"pss":59,"reb":78,"pot":67}],"skills":[]},{"tid":-2,"name":"Walter Sharpe","pos":"PF","hgt":81,"weight":245,"imgURL":"https://s.yimg.com/lq/p/sp/r/69/69bb7e3ba30dea350702115d92155aa8/waltersharpe.jpg","born":{"year":1986,"loc":"Huntsville, AL"},"contract":{"amount":"","exp":""},"draft":{"round":"","pick":"","team":"","orig. team":"","year":"","loc":""},"ratings":[{"hgt":76,"stre":76,"spd":32,"jmp":61,"endu":62,"ins":67,"dnk":62,"ft":61,"fg":52,"tp":11,"blk":67,"stl":34,"drb":23,"pss":43,"reb":62,"pot":54}],"skills":[]},{"tid":-2,"name":"Joey Dorsey","pos":"FC","hgt":80,"weight":268,"imgURL":"http://a.espncdn.com/i/headshots/nba/players/full/3421.png","born":{"year":1983,"loc":"Baltimore, MD"},"contract":{"amount":"","exp":""},"draft":{"round":"","pick":"","team":"","orig. team":"","year":"","loc":""},"ratings":[{"hgt":76,"stre":76,"spd":32,"jmp":61,"endu":62,"ins":67,"dnk":62,"ft":61,"fg":52,"tp":11,"blk":67,"stl":34,"drb":23,"pss":43,"reb":62,"pot":56}],"skills":[]},{"tid":-2,"name":"Mario Chalmers","pos":"PG","hgt":73,"weight":190,"imgURL":"http://a.espncdn.com/i/headshots/nba/players/full/3419.png","born":{"year":1986,"loc":"Anchorage, AK"},"contract":{"amount":"","exp":""},"draft":{"round":"","pick":"","team":"","orig. team":"","year":"","loc":""},"ratings":[{"hgt":14,"stre":34,"spd":75,"jmp":61,"endu":63,"ins":45,"dnk":61,"ft":61,"fg":64,"tp":63,"blk":31,"stl":43,"drb":70,"pss":63,"reb":43,"pot":57}],"skills":[]},{"tid":-2,"name":"DeAndre Jordan","pos":"C","hgt":83,"weight":250,"imgURL":"http://a.espncdn.com/i/headshots/nba/players/full/3442.png","born":{"year":1988,"loc":"Houston, TX"},"contract":{"amount":"","exp":""},"draft":{"round":"","pick":"","team":"","orig. team":"","year":"","loc":""},"ratings":[{"hgt":85,"stre":87,"spd":28,"jmp":74,"endu":75,"ins":67,"dnk":76,"ft":76,"fg":31,"tp":4,"blk":92,"stl":42,"drb":37,"pss":59,"reb":78,"pot":74}],"skills":[]},{"tid":-2,"name":"Omer Asik","pos":"C","hgt":84,"weight":255,"imgURL":"http://a.espncdn.com/combiner/i?img=/i/headshots/nba/players/full/3414.png&w=350&h=254","born":{"year":1986,"loc":"Bursa, Turkey"},"contract":{"amount":"","exp":""},"draft":{"round":"","pick":"","team":"","orig. team":"","year":"","loc":""},"ratings":[{"hgt":92,"stre":81,"spd":35,"jmp":64,"endu":75,"ins":87,"dnk":75,"ft":76,"fg":61,"tp":0,"blk":74,"stl":45,"drb":48,"pss":47,"reb":74,"pot":63}],"skills":[]},{"tid":-2,"name":"Luc Mbah a Moute","pos":"PF","hgt":80,"weight":230,"imgURL":"http://a.espncdn.com/i/headshots/nba/players/full/3451.png","born":{"year":1986,"loc":"Yaounde, Cameroon"},"contract":{"amount":"","exp":""},"draft":{"round":"","pick":"","team":"","orig. team":"","year":"","loc":""},"ratings":[{"hgt":76,"stre":76,"spd":32,"jmp":61,"endu":62,"ins":67,"dnk":62,"ft":61,"fg":52,"tp":11,"blk":67,"stl":34,"drb":23,"pss":43,"reb":62,"pot":56}],"skills":[]},{"tid":-2,"name":"Kyle Weaver","pos":"SG","hgt":78,"weight":201,"imgURL":"http://a.espncdn.com/i/headshots/nba/players/full/3466.png","born":{"year":1986,"loc":"Janesville, WI"},"contract":{"amount":"","exp":""},"draft":{"round":"","pick":"","team":"","orig. team":"","year":"","loc":""},"ratings":[{"hgt":50,"stre":44,"spd":59,"jmp":61,"endu":62,"ins":41,"dnk":43,"ft":54,"fg":51,"tp":61,"blk":31,"stl":43,"drb":52,"pss":61,"reb":43,"pot":54}],"skills":[]},{"tid":-2,"name":"Sonny Weems","pos":"SG","hgt":78,"weight":203,"imgURL":"http://a.espncdn.com/i/headshots/nba/players/full/3467.png","born":{"year":1986,"loc":"West Memphis, AR"},"contract":{"amount":"","exp":""},"draft":{"round":"","pick":"","team":"","orig. team":"","year":"","loc":""},"ratings":[{"hgt":49,"stre":44,"spd":59,"jmp":61,"endu":62,"ins":41,"dnk":43,"ft":54,"fg":51,"tp":61,"blk":31,"stl":43,"drb":52,"pss":61,"reb":43,"pot":54}],"skills":[]},{"tid":-2,"name":"Chris Douglas-Roberts","pos":"GF","hgt":79,"weight":200,"imgURL":"http://a.espncdn.com/i/headshots/nba/players/full/3422.png","born":{"year":1987,"loc":"Detroit, MI"},"contract":{"amount":"","exp":""},"draft":{"round":"","pick":"","team":"","orig. team":"","year":"","loc":""},"ratings":[{"hgt":57,"stre":44,"spd":59,"jmp":61,"endu":62,"ins":41,"dnk":43,"ft":54,"fg":51,"tp":61,"blk":31,"stl":43,"drb":52,"pss":61,"reb":43,"pot":54}],"skills":[]},{"tid":-2,"name":"Nathan Jawai","pos":"FC","hgt":82,"weight":280,"imgURL":"http://a.espncdn.com/i/nba/draft2008/headshots/19225.jpg","born":{"year":1986,"loc":"Sydney, Australia"},"contract":{"amount":"","exp":""},"draft":{"round":"","pick":"","team":"","orig. team":"","year":"","loc":""},"ratings":[{"hgt":76,"stre":76,"spd":32,"jmp":61,"endu":52,"ins":67,"dnk":62,"ft":61,"fg":52,"tp":1,"blk":67,"stl":34,"drb":23,"pss":43,"reb":68,"pot":56}],"skills":[]},{"tid":-2,"name":"Sean Singletary","pos":"PG","hgt":72,"weight":185,"imgURL":"http://a.espncdn.com/i/nba/draft2008/headshots/19071.jpg","born":{"year":1985,"loc":"USA"},"contract":{"amount":"","exp":""},"draft":{"round":"","pick":"","team":"","orig. team":"","year":"","loc":""},"ratings":[{"hgt":7,"stre":44,"spd":59,"jmp":61,"endu":62,"ins":41,"dnk":43,"ft":54,"fg":51,"tp":61,"blk":31,"stl":43,"drb":52,"pss":61,"reb":43,"pot":52}],"skills":[]},{"tid":-2,"name":"Patrick Ewing Jr.","pos":"SF","hgt":80,"weight":235,"imgURL":"http://a.espncdn.com/i/nba/draft2008/headshots/19298.jpg","born":{"year":1984,"loc":"USA"},"contract":{"amount":"","exp":""},"draft":{"round":"","pick":"","team":"","orig. team":"","year":"","loc":""},"ratings":[{"hgt":64,"stre":44,"spd":59,"jmp":61,"endu":57,"ins":41,"dnk":43,"ft":54,"fg":51,"tp":61,"blk":31,"stl":43,"drb":52,"pss":61,"reb":43,"pot":52}],"skills":[]},{"tid":-2,"name":"Ante Tomic","pos":"C","hgt":85,"weight":225,"imgURL":"http://basketball.realgm.com/images/nba/4.2/profiles/photos/2006/Tomic_Ante_euro.jpg","born":{"year":1987,"loc":"Dubrovnik, Croatia"},"contract":{"amount":"","exp":""},"draft":{"round":"","pick":"","team":"","orig. team":"","year":"","loc":""},"ratings":[{"hgt":76,"stre":76,"spd":32,"jmp":61,"endu":62,"ins":67,"dnk":62,"ft":61,"fg":52,"tp":11,"blk":67,"stl":34,"drb":23,"pss":43,"reb":62,"pot":56}],"skills":[]},{"tid":-2,"name":"Goran Dragic","pos":"G","hgt":76,"weight":180,"imgURL":"http://a.espncdn.com/combiner/i?img=/i/headshots/nba/players/full/3423.png&w=350&h=254","born":{"year":1986,"loc":"Ljubljana, Slovenia"},"contract":{"amount":"","exp":""},"draft":{"round":"","pick":"","team":"","orig. team":"","year":"","loc":""},"ratings":[{"hgt":45,"stre":44,"spd":75,"jmp":43,"endu":72,"ins":54,"dnk":34,"ft":78,"fg":63,"tp":61,"blk":21,"stl":63,"drb":67,"pss":87,"reb":48,"pot":63}],"skills":[]},{"tid":-2,"name":"Trent Plaisted","pos":"C","hgt":83,"weight":245,"imgURL":"http://basketball.realgm.com/images/nba/4.2/profiles/photos/2006/Plaisted_Trent_LAC.jpg","born":{"year":1986,"loc":"USA"},"contract":{"amount":"","exp":""},"draft":{"round":"","pick":"","team":"","orig. team":"","year":"","loc":""},"ratings":[{"hgt":76,"stre":76,"spd":32,"jmp":41,"endu":62,"ins":67,"dnk":62,"ft":61,"fg":52,"tp":11,"blk":67,"stl":34,"drb":23,"pss":43,"reb":62,"pot":48}],"skills":[]},{"tid":-2,"name":"Bill Walker","pos":"GF","hgt":78,"weight":220,"imgURL":"http://a.espncdn.com/i/headshots/nba/players/full/3464.png","born":{"year":1987,"loc":"Huntington, WV"},"contract":{"amount":"","exp":""},"draft":{"round":"","pick":"","team":"","orig. team":"","year":"","loc":""},"ratings":[{"hgt":50,"stre":44,"spd":59,"jmp":81,"endu":56,"ins":31,"dnk":57,"ft":54,"fg":51,"tp":55,"blk":31,"stl":43,"drb":52,"pss":61,"reb":43,"pot":54}],"skills":[]},{"tid":-2,"name":"Malik Hairston","pos":"SG","hgt":78,"weight":220,"imgURL":"http://a.espncdn.com/i/nba/draft2008/headshots/18842.jpg","born":{"year":1987,"loc":"Detroit, MI"},"contract":{"amount":"","exp":""},"draft":{"round":"","pick":"","team":"","orig. team":"","year":"","loc":""},"ratings":[{"hgt":50,"stre":44,"spd":59,"jmp":61,"endu":62,"ins":41,"dnk":43,"ft":54,"fg":51,"tp":61,"blk":31,"stl":43,"drb":52,"pss":61,"reb":43,"pot":55}],"skills":[]},{"tid":-2,"name":"Richard Hendrix","pos":"FC","hgt":81,"weight":264,"imgURL":"http://basketball.realgm.com/images/nba/4.2/profiles/photos/2006/Hendrix_Richard_gsw.jpg","born":{"year":1986,"loc":"Decatur, AL"},"contract":{"amount":"","exp":""},"draft":{"round":"","pick":"","team":"","orig. team":"","year":"","loc":""},"ratings":[{"hgt":73,"stre":76,"spd":32,"jmp":69,"endu":44,"ins":57,"dnk":62,"ft":61,"fg":32,"tp":11,"blk":67,"stl":34,"drb":23,"pss":23,"reb":62,"pot":50}],"skills":[]},{"tid":-2,"name":"DeVon Hardin","pos":"C","hgt":83,"weight":235,"imgURL":"http://basketball.realgm.com/images/nba/4.2/profiles/photos/2006/Hardin_DeVon_ncaa.jpg","born":{"year":1986,"loc":"Long Beach, CA"},"contract":{"amount":"","exp":""},"draft":{"round":"","pick":"","team":"","orig. team":"","year":"","loc":""},"ratings":[{"hgt":86,"stre":76,"spd":32,"jmp":61,"endu":62,"ins":67,"dnk":62,"ft":61,"fg":52,"tp":11,"blk":67,"stl":34,"drb":23,"pss":43,"reb":62,"pot":50}],"skills":[]},{"tid":-2,"name":"Shan Foster","pos":"GF","hgt":78,"weight":195,"imgURL":"http://basketball.realgm.com/images/nba/4.2/profiles/photos/2006/Foster_Shan_ncaa.jpg","born":{"year":1986,"loc":"Laurel, MS"},"contract":{"amount":"","exp":""},"draft":{"round":"","pick":"","team":"","orig. team":"","year":"","loc":""},"ratings":[{"hgt":49,"stre":44,"spd":59,"jmp":61,"endu":62,"ins":41,"dnk":43,"ft":54,"fg":51,"tp":61,"blk":31,"stl":43,"drb":52,"pss":61,"reb":43,"pot":54}],"skills":[]},{"tid":-2,"name":"Darnell Jackson","pos":"PF","hgt":81,"weight":253,"imgURL":"http://a.espncdn.com/i/headshots/nba/players/full/3440.png","born":{"year":1985,"loc":"Oklahoma City, OK"},"contract":{"amount":"","exp":""},"draft":{"round":"","pick":"","team":"","orig. team":"","year":"","loc":""},"ratings":[{"hgt":73,"stre":76,"spd":32,"jmp":61,"endu":62,"ins":67,"dnk":62,"ft":61,"fg":52,"tp":11,"blk":67,"stl":34,"drb":23,"pss":43,"reb":62,"pot":56}],"skills":[]},{"tid":-2,"name":"Tadija Dragicevic","pos":"PF","hgt":81,"weight":235,"imgURL":"http://basketball.realgm.com/images/nba/4.2/profiles/photos/2006/Dragicevic_Tadija_euro.jpg","born":{"year":1986,"loc":"Cacak, Serbia"},"contract":{"amount":"","exp":""},"draft":{"round":"","pick":"","team":"","orig. team":"","year":"","loc":""},"ratings":[{"hgt":76,"stre":76,"spd":32,"jmp":61,"endu":62,"ins":67,"dnk":62,"ft":61,"fg":52,"tp":11,"blk":67,"stl":34,"drb":23,"pss":43,"reb":62,"pot":56}],"skills":[]},{"tid":-2,"name":"Maarty Leunen","pos":"F","hgt":81,"weight":220,"imgURL":"https://ct.yimg.com/mr/IMAGES/PROSPECT/PHOTO/LEUNEN_MAARTY150.JPG","born":{"year":1985,"loc":"Vancouver, WA"},"contract":{"amount":"","exp":""},"draft":{"round":"","pick":"","team":"","orig. team":"","year":"","loc":""},"ratings":[{"hgt":71,"stre":56,"spd":32,"jmp":61,"endu":62,"ins":67,"dnk":62,"ft":61,"fg":52,"tp":11,"blk":67,"stl":34,"drb":23,"pss":43,"reb":62,"pot":52}],"skills":[]},{"tid":-2,"name":"Mike Taylor","pos":"PG","hgt":74,"weight":165,"imgURL":"http://d.yimg.com/a/p/sp/rivals/full.76432/c2dba2b089fb63f21731d225e8ab105e/mike-taylor.jpg","born":{"year":1986,"loc":"Milwaukee, WI"},"contract":{"amount":"","exp":""},"draft":{"round":"","pick":"","team":"","orig. team":"","year":"","loc":""},"ratings":[{"hgt":21,"stre":44,"spd":59,"jmp":61,"endu":62,"ins":41,"dnk":43,"ft":54,"fg":51,"tp":61,"blk":31,"stl":43,"drb":52,"pss":61,"reb":43,"pot":54}],"skills":[]},{"tid":-2,"name":"Sasha Kaun","pos":"C","hgt":83,"weight":250,"imgURL":"http://basketball.realgm.com/images/nba/4.2/profiles/photos/2006/Kaun_Sasha_ncaa.jpg","born":{"year":1985,"loc":"Tomsk, Russia"},"contract":{"amount":"","exp":""},"draft":{"round":"","pick":"","team":"","orig. team":"","year":"","loc":""},"ratings":[{"hgt":76,"stre":76,"spd":32,"jmp":61,"endu":52,"ins":67,"dnk":62,"ft":61,"fg":52,"tp":11,"blk":67,"stl":34,"drb":23,"pss":43,"reb":62,"pot":56}],"skills":[]},{"tid":-2,"name":"James Gist","pos":"PF","hgt":81,"weight":235,"imgURL":"http://basketball.realgm.com/images/nba/4.2/profiles/photos/2006/Gist_James_euro.jpg","born":{"year":1986,"loc":"Adana, Turkey"},"contract":{"amount":"","exp":""},"draft":{"round":"","pick":"","team":"","orig. team":"","year":"","loc":""},"ratings":[{"hgt":76,"stre":76,"spd":32,"jmp":61,"endu":62,"ins":67,"dnk":62,"ft":61,"fg":52,"tp":11,"blk":67,"stl":34,"drb":23,"pss":43,"reb":62,"pot":50}],"skills":[]},
{"tid":-2,
"name":"Sundiata Gaines",
"pos":"G","hgt":73,"weight":195,
"imgURL":"http://basketball.realgm.com/images/nba/4.2/profiles/photos/2006/GAINES_SUNDIATA_njn_12.jpg",
"born":{"year":1986,"loc":"Queens, NY"},"contract":{"amount":"","exp":""},"draft":{"round":"","pick":"","team":"","orig. team":"","year":"","loc":""},
"ratings":[{"hgt":14,"stre":52,"spd":58,"jmp":61,"endu":52,"ins":27,"dnk":62,"ft":61,"fg":52,"tp":51,"blk":27,"stl":44,"drb":53,"pss":53,"reb":62,"pot":53}],"skills":[]},{"tid":-2,"name":"Joe Crawford","pos":"SF","hgt":77,"weight":210,"imgURL":"http://a.espncdn.com/i/nba/draft2008/headshots/19312.jpg","born":{"year":1986,"loc":"Detroit, MI"},"contract":{"amount":"","exp":""},"draft":{"round":"","pick":"","team":"","orig. team":"","year":"","loc":""},"ratings":[{"hgt":43,"stre":44,"spd":59,"jmp":61,"endu":62,"ins":41,"dnk":43,"ft":54,"fg":51,"tp":61,"blk":31,"stl":43,"drb":52,"pss":61,"reb":43,"pot":54}],"skills":[]},{"tid":-2,"name":"Deron Washington","pos":"GF","hgt":79,"weight":210,"imgURL":"http://basketball.realgm.com/images/nba/4.2/profiles/photos/2006/Washington_Deron_ncaa.jpg","born":{"year":1985,"loc":"New Orleans, LA"},"contract":{"amount":"","exp":""},"draft":{"round":"","pick":"","team":"","orig. team":"","year":"","loc":""},"ratings":[{"hgt":43,"stre":44,"spd":59,"jmp":61,"endu":62,"ins":41,"dnk":43,"ft":54,"fg":51,"tp":61,"blk":31,"stl":43,"drb":52,"pss":61,"reb":43,"pot":50}],"skills":[]},{"tid":-2,"name":"Semih Erden","pos":"C","hgt":84,"weight":240,"imgURL":"http://a.espncdn.com/combiner/i?img=/i/headshots/nba/players/full/3425.png","born":{"year":1986,"loc":"Istanbul, Turkey"},"contract":{"amount":"","exp":""},"draft":{"round":"","pick":"","team":"","orig. team":"","year":"","loc":""},"ratings":[{"hgt":92,"stre":76,"spd":32,"jmp":51,"endu":47,"ins":57,"dnk":62,"ft":61,"fg":52,"tp":0,"blk":57,"stl":34,"drb":23,"pss":43,"reb":62,"pot":55}],"skills":[]},{"tid":-2,"name":"Anthony Morrow","pos":"GF","hgt":77,"weight":210,"imgURL":"http://basketball.realgm.com/images/nba/4.2/profiles/photos/2006/Morrow_Anthony_okc14.jpg","born":{"year":1985,"loc":"Charlotte, NC"},"contract":{"amount":"","exp":""},"draft":{"round":"","pick":"","team":"","orig. team":"","year":"","loc":""},"ratings":[{"hgt":43,"stre":44,"spd":59,"jmp":61,"endu":62,"ins":21,"dnk":53,"ft":54,"fg":71,"tp":71,"blk":31,"stl":43,"drb":52,"pss":61,"reb":43,"pot":55}],"skills":[]},{"tid":-2,"name":"Reggie Williams","pos":"F","hgt":78,"weight":205,"imgURL":"http://basketball.realgm.com/images/nba/4.2/profiles/photos/2006/Williams_Reggie_hou_1314.jpg","born":{"year":1986,"loc":"Prince George, VA"},"contract":{"amount":"","exp":""},"draft":{"round":"","pick":"","team":"","orig. team":"","year":"","loc":""},"ratings":[{"hgt":52,"stre":53,"spd":53,"jmp":61,"endu":62,"ins":67,"dnk":62,"ft":61,"fg":52,"tp":11,"blk":67,"stl":34,"drb":23,"pss":43,"reb":62,"pot":56}],"skills":[]},{"tid":-2,"name":"Timofey Mozgov","pos":"C","hgt":85,"weight":250,"imgURL":"http://basketball.realgm.com/images/nba/4.2/profiles/photos/2006/Mozgov_Timofey_den14.jpg","born":{"year":1986,"loc":"St. Petersburg, Russia"},"contract":{"amount":"","exp":""},"draft":{"round":"","pick":"","team":"","orig. team":"","year":"","loc":""},"ratings":[{"hgt":97,"stre":85,"spd":32,"jmp":61,"endu":50,"ins":75,"dnk":62,"ft":61,"fg":52,"tp":0,"blk":78,"stl":34,"drb":23,"pss":43,"reb":67,"pot":63}],"skills":[]},{"tid":-2,"name":"Greg Stiemsma","pos":"C","hgt":83,"weight":260,"imgURL":"http://basketball.realgm.com/images/nba/4.2/profiles/photos/2006/Stiemsma_Greg_tor14.jpg","born":{"year":1985,"loc":"USA"},"contract":{"amount":"","exp":""},"draft":{"round":"","pick":"","team":"","orig. team":"","year":"","loc":""},"ratings":[{"hgt":86,"stre":76,"spd":32,"jmp":51,"endu":52,"ins":67,"dnk":56,"ft":61,"fg":32,"tp":0,"blk":67,"stl":34,"drb":23,"pss":43,"reb":62,"pot":53}],"skills":[]},{"tid":-2,"name":"Othyus Jeffers","pos":"GF","hgt":77,"weight":200,"imgURL":"http://basketball.realgm.com/images/nba/4.2/profiles/photos/2006/Jeffers_Othyus_min_1314.jpg","born":{"year":1985,"loc":"Chicago, IL"},"contract":{"amount":"","exp":""},"draft":{"round":"","pick":"","team":"","orig. team":"","year":"","loc":""},"ratings":[{"hgt":43,"stre":44,"spd":59,"jmp":61,"endu":62,"ins":41,"dnk":43,"ft":54,"fg":51,"tp":61,"blk":31,"stl":43,"drb":52,"pss":61,"reb":43,"pot":51}],"skills":[]},{"tid":-2,"name":"Gary Forbes","pos":"F","hgt":79,"weight":210,"imgURL":"http://basketball.realgm.com/images/nba/4.2/profiles/photos/2006/Forbes_Gary_HOU.jpg","born":{"year":1985,"loc":"Colon, Panama"},"contract":{"amount":"","exp":""},"draft":{"round":"","pick":"","team":"","orig. team":"","year":"","loc":""},"ratings":[{"hgt":57,"stre":60,"spd":32,"jmp":61,"endu":62,"ins":67,"dnk":62,"ft":61,"fg":52,"tp":11,"blk":67,"stl":34,"drb":23,"pss":43,"reb":62,"pot":48}],"skills":[]},{"tid":-2,"name":"Othello Hunter","pos":"F","hgt":80,"weight":220,"imgURL":"http://basketball.realgm.com/images/nba/4.2/profiles/photos/2006/Hunter_Othello_nba.jpg","born":{"year":1986,"loc":"USA"},"contract":{"amount":"","exp":""},"draft":{"round":"","pick":"","team":"","orig. team":"","year":"","loc":""},"ratings":[{"hgt":64,"stre":66,"spd":32,"jmp":61,"endu":62,"ins":67,"dnk":62,"ft":61,"fg":52,"tp":11,"blk":67,"stl":34,"drb":23,"pss":43,"reb":62,"pot":50}],"skills":[]},{"tid":-2,"name":"Ivan Johnson","pos":"PF","hgt":80,"weight":255,"imgURL":"http://basketball.realgm.com/images/nba/4.2/profiles/photos/2006/Johnson_Ivan_dal14.jpg","born":{"year":1984,"loc":"San Antonio, TX"},"contract":{"amount":"","exp":""},"draft":{"round":"","pick":"","team":"","orig. team":"","year":"","loc":""},"ratings":[{"hgt":66,"stre":88,"spd":32,"jmp":61,"endu":62,"ins":67,"dnk":62,"ft":61,"fg":52,"tp":11,"blk":67,"stl":34,"drb":23,"pss":43,"reb":68,"pot":56}],"skills":[]},{"tid":-2,"name":"Rob Kurz","pos":"F","hgt":81,"weight":232,"imgURL":"http://basketball.realgm.com/images/nba/4.2/profiles/photos/2006/Kurz_Robert_BOS.jpg","born":{"year":1985,"loc":"USA"},"contract":{"amount":"","exp":""},"draft":{"round":"","pick":"","team":"","orig. team":"","year":"","loc":""},"ratings":[{"hgt":72,"stre":56,"spd":42,"jmp":61,"endu":62,"ins":67,"dnk":62,"ft":61,"fg":52,"tp":11,"blk":67,"stl":34,"drb":23,"pss":43,"reb":62,"pot":52}],"skills":[]},{"tid":-2,"name":"Brian Roberts","pos":"PG","hgt":73,"weight":173,"imgURL":"http://basketball.realgm.com/images/nba/4.2/profiles/photos/2006/Roberts_Brian_cha14.jpg","born":{"year":1985,"loc":"USA"},"contract":{"amount":"","exp":""},"draft":{"round":"","pick":"","team":"","orig. team":"","year":"","loc":""},"ratings":[{"hgt":14,"stre":44,"spd":59,"jmp":61,"endu":62,"ins":41,"dnk":43,"ft":54,"fg":51,"tp":61,"blk":31,"stl":43,"drb":52,"pss":61,"reb":43,"pot":54}],"skills":[]}]
}