{"startingSeason":2007,
"players":[{"tid":-2,"name":"Greg Oden","pos":"C","hgt":84,"weight":250,"imgURL":"http://a.espncdn.com/i/headshots/nba/players/full/3225.png","born":{"year":1988,"loc":"Buffalo, NY"},"contract":{"amount":"","exp":""},"draft":{"round":"","pick":"","tid":"","originalTid":"","year":"","loc":""},"ratings":[{"hgt":92,"stre":80,"spd":45,"jmp":62,"endu":55,"ins":78,"dnk":67,"ft":62,"fg":46,"tp":0,"blk":63,"stl":54,"drb":40,"pss":43,"reb":85,"pot":80}],"skills":[]},{"tid":-2,"name":"Kevin Durant","pos":"SF","hgt":81,"weight":215,"imgURL":"http://a.espncdn.com/i/headshots/nba/players/full/3202.png","born":{"year":1988,"loc":"Washington, DC"},"contract":{"amount":"","exp":""},"draft":{"round":"","pick":"","tid":"","originalTid":"","year":"","loc":""},"ratings":[{"hgt":84,"stre":54,"spd":72,"jmp":76,"endu":87,"ins":75,"dnk":83,"ft":88,"fg":83,"tp":82,"blk":53,"stl":61,"drb":67,"pss":74,"reb":65,"pot":95}],"skills":[]},{"tid":-2,"name":"Al Horford","pos":"C","hgt":82,"weight":245,"imgURL":"http://a.espncdn.com/i/headshots/nba/players/full/3213.png","born":{"year":1986,"loc":"Puerto Plata, Dominican Republic"},"contract":{"amount":"","exp":""},"draft":{"round":"","pick":"","tid":"","originalTid":"","year":"","loc":""},"ratings":[{"hgt":85,"stre":86,"spd":43,"jmp":65,"endu":78,"ins":76,"dnk":82,"ft":73,"fg":62,"tp":14,"blk":75,"stl":54,"drb":56,"pss":53,"reb":78,"pot":75}],"skills":[]},{"tid":-2,"name":"Mike Conley","pos":"PG","hgt":73,"weight":180,"imgURL":"http://a.espncdn.com/i/headshots/nba/players/full/3195.png","born":{"year":1987,"loc":"Fayetteville, AR"},"contract":{"amount":"","exp":""},"draft":{"round":"","pick":"","tid":"","originalTid":"","year":"","loc":""},"ratings":[{"hgt":35,"stre":43,"spd":75,"jmp":47,"endu":75,"ins":63,"dnk":62,"ft":78,"fg":74,"tp":65,"blk":34,"stl":76,"drb":76,"pss":73,"reb":43,"pot":67}],"skills":[]},{"tid":-2,"name":"Jeff Green","pos":"PF","hgt":81,"weight":235,"imgURL":"http://a.espncdn.com/i/headshots/nba/players/full/3209.png","born":{"year":1986,"loc":"Cheverly, MD"},"contract":{"amount":"","exp":""},"draft":{"round":"","pick":"","tid":"","originalTid":"","year":"","loc":""},"ratings":[{"hgt":75,"stre":63,"spd":60,"jmp":62,"endu":63,"ins":67,"dnk":73,"ft":65,"fg":54,"tp":62,"blk":73,"stl":56,"drb":52,"pss":63,"reb":78,"pot":66}],"skills":[]},{"tid":-2,"name":"Yi Jianlian","pos":"PF","hgt":84,"weight":238,"imgURL":"http://a.espncdn.com/i/nba/draft2007/headshots/18866.jpg","born":{"year":1987,"loc":"He Shan, China"},"contract":{"amount":"","exp":""},"draft":{"round":"","pick":"","tid":"","originalTid":"","year":"","loc":""},"ratings":[{"hgt":83,"stre":67,"spd":45,"jmp":65,"endu":45,"ins":64,"dnk":66,"ft":63,"fg":63,"tp":10,"blk":65,"stl":34,"drb":38,"pss":54,"reb":76,"pot":58}],"skills":[]},{"tid":-2,"name":"Corey Brewer","pos":"GF","hgt":81,"weight":185,"imgURL":"http://a.espncdn.com/i/headshots/nba/players/full/3191.png","born":{"year":1986,"loc":"Portland, TN"},"contract":{"amount":"","exp":""},"draft":{"round":"","pick":"","tid":"","originalTid":"","year":"","loc":""},"ratings":[{"hgt":71,"stre":45,"spd":75,"jmp":43,"endu":86,"ins":55,"dnk":62,"ft":82,"fg":72,"tp":65,"blk":43,"stl":63,"drb":63,"pss":72,"reb":46,"pot":65}],"skills":[]},{"tid":-2,"name":"Brandan Wright","pos":"FC","hgt":81,"weight":205,"imgURL":"http://a.espncdn.com/i/headshots/nba/players/full/3242.png","born":{"year":1987,"loc":"Nashville, TN"},"contract":{"amount":"","exp":""},"draft":{"round":"","pick":"","tid":"","originalTid":"","year":"","loc":""},"ratings":[{"hgt":74,"stre":55,"spd":67,"jmp":67,"endu":63,"ins":65,"dnk":67,"ft":63,"fg":54,"tp":40,"blk":76,"stl":54,"drb":56,"pss":34,"reb":76,"pot":67}],"skills":[]},{"tid":-2,"name":"Joakim Noah","pos":"C","hgt":83,"weight":232,"imgURL":"http://a.espncdn.com/i/headshots/nba/players/full/3224.png","born":{"year":1985,"loc":"New York, NY"},"contract":{"amount":"","exp":""},"draft":{"round":"","pick":"","tid":"","originalTid":"","year":"","loc":""},"ratings":[{"hgt":83,"stre":86,"spd":63,"jmp":82,"endu":72,"ins":63,"dnk":65,"ft":73,"fg":22,"tp":0,"blk":83,"stl":43,"drb":47,"pss":45,"reb":85,"pot":80}],"skills":[]},{"tid":-2,"name":"Spencer Hawes","pos":"C","hgt":84,"weight":245,"imgURL":"http://a.espncdn.com/i/headshots/nba/players/full/3211.png","born":{"year":1988,"loc":"Seattle, WA"},"contract":{"amount":"","exp":""},"draft":{"round":"","pick":"","tid":"","originalTid":"","year":"","loc":""},"ratings":[{"hgt":92,"stre":66,"spd":50,"jmp":65,"endu":55,"ins":66,"dnk":72,"ft":67,"fg":52,"tp":60,"blk":74,"stl":34,"drb":27,"pss":45,"reb":80,"pot":63}],"skills":[]},{"tid":-2,"name":"Acie Law","pos":"PG","hgt":75,"weight":195,"imgURL":"http://a.espncdn.com/i/headshots/nba/players/full/3219.png","born":{"year":1985,"loc":"Dallas, TX"},"contract":{"amount":"","exp":""},"draft":{"round":"","pick":"","tid":"","originalTid":"","year":"","loc":""},"ratings":[{"hgt":43,"stre":42,"spd":66,"jmp":62,"endu":52,"ins":34,"dnk":42,"ft":61,"fg":52,"tp":43,"blk":34,"stl":51,"drb":62,"pss":63,"reb":42,"pot":57}],"skills":[]},{"tid":-2,"name":"Thaddeus Young","pos":"PF","hgt":80,"weight":220,"imgURL":"http://a.espncdn.com/i/headshots/nba/players/full/3244.png","born":{"year":1988,"loc":"New Orleans, LA"},"contract":{"amount":"","exp":""},"draft":{"round":"","pick":"","tid":"","originalTid":"","year":"","loc":""},"ratings":[{"hgt":66,"stre":65,"spd":59,"jmp":65,"endu":62,"ins":78,"dnk":75,"ft":64,"fg":67,"tp":12,"blk":72,"stl":54,"drb":53,"pss":41,"reb":87,"pot":65}],"skills":[]},{"tid":-2,"name":"Julian Wright","pos":"SF","hgt":80,"weight":225,"imgURL":"http://a.espncdn.com/i/headshots/nba/players/full/3241.png","born":{"year":1987,"loc":"Chicago Heights, IL"},"contract":{"amount":"","exp":""},"draft":{"round":"","pick":"","tid":"","originalTid":"","year":"","loc":""},"ratings":[{"hgt":43,"stre":45,"spd":62,"jmp":30,"endu":51,"ins":32,"dnk":42,"ft":65,"fg":71,"tp":53,"blk":21,"stl":42,"drb":54,"pss":67,"reb":41,"pot":54}],"skills":[]},{"tid":-2,"name":"Al Thornton","pos":"SF","hgt":80,"weight":220,"imgURL":"http://a.espncdn.com/i/headshots/nba/players/full/3237.png","born":{"year":1983,"loc":"Perry, GA"},"contract":{"amount":"","exp":""},"draft":{"round":"","pick":"","tid":"","originalTid":"","year":"","loc":""},"ratings":[{"hgt":64,"stre":45,"spd":62,"jmp":30,"endu":51,"ins":32,"dnk":42,"ft":65,"fg":71,"tp":53,"blk":21,"stl":42,"drb":54,"pss":67,"reb":41,"pot":54}],"skills":[]},{"tid":-2,"name":"Rodney Stuckey","pos":"G","hgt":77,"weight":205,"imgURL":"http://a.espncdn.com/i/headshots/nba/players/full/3235.png","born":{"year":1986,"loc":"Seattle, WA"},"contract":{"amount":"","exp":""},"draft":{"round":"","pick":"","tid":"","originalTid":"","year":"","loc":""},"ratings":[{"hgt":43,"stre":45,"spd":70,"jmp":60,"endu":61,"ins":32,"dnk":62,"ft":75,"fg":71,"tp":63,"blk":21,"stl":52,"drb":60,"pss":67,"reb":41,"pot":61}],"skills":[]},{"tid":-2,"name":"Nick Young","pos":"SG","hgt":78,"weight":200,"imgURL":"http://a.espncdn.com/i/headshots/nba/players/full/3243.png","born":{"year":1985,"loc":"Los Angeles, CA"},"contract":{"amount":"","exp":""},"draft":{"round":"","pick":"","tid":"","originalTid":"","year":"","loc":""},"ratings":[{"hgt":50,"stre":42,"spd":65,"jmp":61,"endu":67,"ins":57,"dnk":62,"ft":75,"fg":75,"tp":81,"blk":21,"stl":57,"drb":62,"pss":75,"reb":43,"pot":65}],"skills":[]},{"tid":-2,"name":"Sean Williams","pos":"FC","hgt":82,"weight":235,"imgURL":"http://a.espncdn.com/i/headshots/nba/players/full/3239.png","born":{"year":1986,"loc":"Houston, TX"},"contract":{"amount":"","exp":""},"draft":{"round":"","pick":"","tid":"","originalTid":"","year":"","loc":""},"ratings":[{"hgt":79,"stre":62,"spd":31,"jmp":41,"endu":47,"ins":64,"dnk":61,"ft":60,"fg":57,"tp":11,"blk":63,"stl":42,"drb":22,"pss":24,"reb":75,"pot":55}],"skills":[]},{"tid":-2,"name":"Marco Belinelli","pos":"GF","hgt":77,"weight":192,"imgURL":"http://a.espncdn.com/combiner/i?img=/i/headshots/nba/players/full/3190.png&w=350&h=254","born":{"year":1986,"loc":"Bologna, Italy"},"contract":{"amount":"","exp":""},"draft":{"round":"","pick":"","tid":"","originalTid":"","year":"","loc":""},"ratings":[{"hgt":43,"stre":23,"spd":60,"jmp":44,"endu":56,"ins":47,"dnk":41,"ft":80,"fg":65,"tp":76,"blk":47,"stl":44,"drb":57,"pss":67,"reb":52,"pot":63}],"skills":[]},{"tid":-2,"name":"Javaris Crittenton","pos":"G","hgt":77,"weight":200,"imgURL":"http://a.espncdn.com/i/headshots/nba/players/full/3197.png","born":{"year":1987,"loc":"Atlanta, GA"},"contract":{"amount":"","exp":""},"draft":{"round":"","pick":"","tid":"","originalTid":"","year":"","loc":""},"ratings":[{"hgt":43,"stre":45,"spd":62,"jmp":30,"endu":51,"ins":32,"dnk":42,"ft":65,"fg":71,"tp":53,"blk":21,"stl":42,"drb":54,"pss":67,"reb":41,"pot":54}],"skills":[]},{"tid":-2,"name":"Jason Smith","pos":"FC","hgt":84,"weight":240,"imgURL":"http://a.espncdn.com/i/headshots/nba/players/full/3232.png","born":{"year":1986,"loc":"Greeley, CO"},"contract":{"amount":"","exp":""},"draft":{"round":"","pick":"","tid":"","originalTid":"","year":"","loc":""},"ratings":[{"hgt":90,"stre":62,"spd":31,"jmp":41,"endu":47,"ins":64,"dnk":61,"ft":60,"fg":57,"tp":24,"blk":63,"stl":42,"drb":22,"pss":24,"reb":75,"pot":55}],"skills":[]},{"tid":-2,"name":"Daequan Cook","pos":"GF","hgt":77,"weight":205,"imgURL":"http://a.espncdn.com/i/headshots/nba/players/full/3196.png","born":{"year":1987,"loc":"Dayton, OH"},"contract":{"amount":"","exp":""},"draft":{"round":"","pick":"","tid":"","originalTid":"","year":"","loc":""},"ratings":[{"hgt":43,"stre":45,"spd":62,"jmp":30,"endu":51,"ins":32,"dnk":42,"ft":65,"fg":71,"tp":53,"blk":21,"stl":42,"drb":54,"pss":55,"reb":41,"pot":57}],"skills":[]},{"tid":-2,"name":"Jared Dudley","pos":"GF","hgt":79,"weight":225,"imgURL":"http://a.espncdn.com/i/headshots/nba/players/full/3201.png","born":{"year":1985,"loc":"USA"},"contract":{"amount":"","exp":""},"draft":{"round":"","pick":"","tid":"","originalTid":"","year":"","loc":""},"ratings":[{"hgt":57,"stre":45,"spd":62,"jmp":30,"endu":51,"ins":32,"dnk":42,"ft":65,"fg":71,"tp":53,"blk":21,"stl":42,"drb":54,"pss":67,"reb":41,"pot":54}],"skills":[]},{"tid":-2,"name":"Wilson Chandler","pos":"SF","hgt":80,"weight":220,"imgURL":"http://a.espncdn.com/i/headshots/nba/players/full/3194.png","born":{"year":1987,"loc":"USA"},"contract":{"amount":"","exp":""},"draft":{"round":"","pick":"","tid":"","originalTid":"","year":"","loc":""},"ratings":[{"hgt":64,"stre":77,"spd":62,"jmp":75,"endu":64,"ins":77,"dnk":78,"ft":65,"fg":60,"tp":21,"blk":67,"stl":42,"drb":32,"pss":43,"reb":75,"pot":59}],"skills":[]},{"tid":-2,"name":"Rudy Fernandez","pos":"SG","hgt":78,"weight":185,"imgURL":"http://a.espncdn.com/i/nba/draft2007/headshots/18844.jpg","born":{"year":1985,"loc":"Palma de Mallorca, Spain"},"contract":{"amount":"","exp":""},"draft":{"round":"","pick":"","tid":"","originalTid":"","year":"","loc":""},"ratings":[{"hgt":43,"stre":35,"spd":62,"jmp":70,"endu":51,"ins":32,"dnk":42,"ft":65,"fg":71,"tp":53,"blk":21,"stl":42,"drb":54,"pss":67,"reb":41,"pot":54}],"skills":[]},{"tid":-2,"name":"Morris Almond","pos":"SG","hgt":78,"weight":225,"imgURL":"http://a.espncdn.com/i/nba/draft2007/headshots/18999.jpg","born":{"year":1985,"loc":"Dalton, GA"},"contract":{"amount":"","exp":""},"draft":{"round":"","pick":"","tid":"","originalTid":"","year":"","loc":""},"ratings":[{"hgt":50,"stre":45,"spd":68,"jmp":60,"endu":38,"ins":32,"dnk":52,"ft":77,"fg":76,"tp":83,"blk":21,"stl":44,"drb":54,"pss":67,"reb":41,"pot":57}],"skills":[]},{"tid":-2,"name":"Aaron Brooks","pos":"PG","hgt":72,"weight":161,"imgURL":"http://a.espncdn.com/i/headshots/nba/players/full/3192.png","born":{"year":1985,"loc":"USA"},"contract":{"amount":"","exp":""},"draft":{"round":"","pick":"","tid":"","originalTid":"","year":"","loc":""},"ratings":[{"hgt":8,"stre":45,"spd":92,"jmp":66,"endu":51,"ins":32,"dnk":42,"ft":65,"fg":71,"tp":53,"blk":21,"stl":42,"drb":64,"pss":67,"reb":41,"pot":64}],"skills":[]},{"tid":-2,"name":"Arron Afflalo","pos":"GF","hgt":77,"weight":215,"imgURL":"http://a.espncdn.com/i/headshots/nba/players/full/3187.png","born":{"year":1985,"loc":"USA"},"contract":{"amount":"","exp":""},"draft":{"round":"","pick":"","tid":"","originalTid":"","year":"","loc":""},"ratings":[{"hgt":43,"stre":45,"spd":78,"jmp":43,"endu":51,"ins":43,"dnk":47,"ft":75,"fg":71,"tp":65,"blk":43,"stl":57,"drb":67,"pss":71,"reb":41,"pot":62}],"skills":[]},{"tid":-2,"name":"Tiago Splitter","pos":"FC","hgt":83,"weight":232,"imgURL":"http://a.espncdn.com/combiner/i?img=/i/headshots/nba/players/full/3233.png&w=350&h=254","born":{"year":1985,"loc":"Joinville, Brazil"},"contract":{"amount":"","exp":""},"draft":{"round":"","pick":"","tid":"","originalTid":"","year":"","loc":""},"ratings":[{"hgt":75,"stre":76,"spd":43,"jmp":65,"endu":58,"ins":76,"dnk":82,"ft":67,"fg":22,"tp":0,"blk":58,"stl":64,"drb":27,"pss":45,"reb":85,"pot":63}],"skills":[]},{"tid":-2,"name":"Alando Tucker","pos":"GF","hgt":78,"weight":205,"imgURL":"http://a.espncdn.com/i/headshots/nba/players/full/3238.png","born":{"year":1984,"loc":"Lockport, IL"},"contract":{"amount":"","exp":""},"draft":{"round":"","pick":"","tid":"","originalTid":"","year":"","loc":""},"ratings":[{"hgt":43,"stre":45,"spd":62,"jmp":30,"endu":51,"ins":32,"dnk":42,"ft":65,"fg":71,"tp":53,"blk":21,"stl":42,"drb":54,"pss":67,"reb":41,"pot":54}],"skills":[]},{"tid":-2,"name":"Petteri Koponen","pos":"PG","hgt":76,"weight":195,"imgURL":"http://a.espncdn.com/i/nba/draft2007/headshots/19143.jpg","born":{"year":1988,"loc":"Helsinki, Finland"},"contract":{"amount":"","exp":""},"draft":{"round":"","pick":"","tid":"","originalTid":"","year":"","loc":""},"ratings":[{"hgt":19,"stre":42,"spd":62,"jmp":42,"endu":52,"ins":34,"dnk":42,"ft":61,"fg":62,"tp":63,"blk":34,"stl":51,"drb":66,"pss":63,"reb":42,"pot":54}],"skills":[]},{"tid":-2,"name":"Carl Landry","pos":"PF","hgt":81,"weight":248,"imgURL":"http://a.espncdn.com/combiner/i?img=/i/headshots/nba/players/full/3217.png&w=350&h=254","born":{"year":1983,"loc":"Milwaukee, WI"},"contract":{"amount":"","exp":""},"draft":{"round":"","pick":"","tid":"","originalTid":"","year":"","loc":""},"ratings":[{"hgt":72,"stre":75,"spd":42,"jmp":65,"endu":62,"ins":78,"dnk":75,"ft":64,"fg":67,"tp":12,"blk":72,"stl":54,"drb":53,"pss":41,"reb":87,"pot":64}],"skills":[]},{"tid":-2,"name":"Gabe Pruitt","pos":"G","hgt":76,"weight":170,"imgURL":"http://a.espncdn.com/i/nba/draft2007/headshots/18856.jpg","born":{"year":1986,"loc":"Los Angeles, CA"},"contract":{"amount":"","exp":""},"draft":{"round":"","pick":"","tid":"","originalTid":"","year":"","loc":""},"ratings":[{"hgt":35,"stre":45,"spd":62,"jmp":30,"endu":51,"ins":32,"dnk":42,"ft":65,"fg":71,"tp":53,"blk":21,"stl":42,"drb":66,"pss":67,"reb":41,"pot":54}],"skills":[]},{"tid":-2,"name":"Marcus Williams","pos":"PF","hgt":79,"weight":205,"imgURL":"http://a.espncdn.com/i/nba/draft2007/headshots/18941.jpg","born":{"year":1986,"loc":"Seattle, WA"},"contract":{"amount":"","exp":""},"draft":{"round":"","pick":"","tid":"","originalTid":"","year":"","loc":""},"ratings":[{"hgt":74,"stre":62,"spd":31,"jmp":41,"endu":47,"ins":64,"dnk":61,"ft":60,"fg":57,"tp":11,"blk":63,"stl":42,"drb":22,"pss":24,"reb":75,"pot":55}],"skills":[]},{"tid":-2,"name":"Nick Fazekas","pos":"PF","hgt":83,"weight":235,"imgURL":"http://a.espncdn.com/i/nba/draft2007/headshots/18882.jpg","born":{"year":1985,"loc":"Denver, CO"},"contract":{"amount":"","exp":""},"draft":{"round":"","pick":"","tid":"","originalTid":"","year":"","loc":""},"ratings":[{"hgt":85,"stre":62,"spd":31,"jmp":41,"endu":47,"ins":64,"dnk":61,"ft":60,"fg":57,"tp":11,"blk":63,"stl":42,"drb":22,"pss":24,"reb":75,"pot":55}],"skills":[]},{"tid":-2,"name":"Glen Davis","pos":"FC","hgt":81,"weight":289,"imgURL":"http://a.espncdn.com/i/headshots/nba/players/full/3200.png","born":{"year":1986,"loc":"Baton Rouge, LA"},"contract":{"amount":"","exp":""},"draft":{"round":"","pick":"","tid":"","originalTid":"","year":"","loc":""},"ratings":[{"hgt":72,"stre":79,"spd":42,"jmp":65,"endu":32,"ins":48,"dnk":55,"ft":64,"fg":27,"tp":12,"blk":72,"stl":54,"drb":23,"pss":41,"reb":81,"pot":65}],"skills":[]},{"tid":-2,"name":"Jermareo Davidson","pos":"SF","hgt":82,"weight":230,"imgURL":"http://basketball.realgm.com/images/nba/4.2/profiles/photos/2006/Davidson_Jermareo_cha.jpg","born":{"year":1984,"loc":"USA"},"contract":{"amount":"","exp":""},"draft":{"round":"","pick":"","tid":"","originalTid":"","year":"","loc":""},"ratings":[{"hgt":43,"stre":45,"spd":62,"jmp":30,"endu":51,"ins":32,"dnk":42,"ft":65,"fg":71,"tp":53,"blk":21,"stl":42,"drb":54,"pss":67,"reb":41,"pot":54}],"skills":[]},{"tid":-2,"name":"Josh McRoberts","pos":"FC","hgt":82,"weight":240,"imgURL":"http://a.espncdn.com/i/headshots/nba/players/full/3220.png","born":{"year":1987,"loc":"Indianapolis, IN"},"contract":{"amount":"","exp":""},"draft":{"round":"","pick":"","tid":"","originalTid":"","year":"","loc":""},"ratings":[{"hgt":72,"stre":75,"spd":42,"jmp":65,"endu":62,"ins":78,"dnk":75,"ft":64,"fg":67,"tp":12,"blk":72,"stl":54,"drb":53,"pss":41,"reb":87,"pot":62}],"skills":[]},{"tid":-2,"name":"Kyrylo Fesenko","pos":"C","hgt":85,"weight":288,"imgURL":"http://basketball.realgm.com/images/nba/4.2/profiles/photos/2006/FESENKO_KYRYLO_CHI.jpg","born":{"year":1986,"loc":"Dnepropetrovsk, Ukraine"},"contract":{"amount":"","exp":""},"draft":{"round":"","pick":"","tid":"","originalTid":"","year":"","loc":""},"ratings":[{"hgt":85,"stre":62,"spd":31,"jmp":41,"endu":47,"ins":64,"dnk":61,"ft":60,"fg":57,"tp":11,"blk":63,"stl":42,"drb":22,"pss":24,"reb":75,"pot":55}],"skills":[]},{"tid":-2,"name":"Stanko Barac","pos":"C","hgt":85,"weight":245,"imgURL":"http://basketball.realgm.com/images/nba/4.2/profiles/photos/2006/Barac_Stanko_ind.jpg","born":{"year":1986,"loc":"Mostar, Bosnia"},"contract":{"amount":"","exp":""},"draft":{"round":"","pick":"","tid":"","originalTid":"","year":"","loc":""},"ratings":[{"hgt":74,"stre":62,"spd":31,"jmp":41,"endu":47,"ins":64,"dnk":61,"ft":60,"fg":57,"tp":11,"blk":63,"stl":42,"drb":22,"pss":24,"reb":75,"pot":50}],"skills":[]},{"tid":-2,"name":"Sun Yue","pos":"SG","hgt":81,"weight":205,"imgURL":"http://a.espncdn.com/i/headshots/nba/players/65/3245.jpg","born":{"year":1985,"loc":"Hebei, China"},"contract":{"amount":"","exp":""},"draft":{"round":"","pick":"","tid":"","originalTid":"","year":"","loc":""},"ratings":[{"hgt":67,"stre":45,"spd":62,"jmp":30,"endu":51,"ins":32,"dnk":42,"ft":65,"fg":71,"tp":53,"blk":21,"stl":42,"drb":68,"pss":67,"reb":41,"pot":52}],"skills":[]},{"tid":-2,"name":"Chris Richard","pos":"FC","hgt":81,"weight":270,"imgURL":"http://basketball.realgm.com/images/nba/4.2/profiles/photos/2006/Richard_Chris_nba_chi.jpg","born":{"year":1984,"loc":"USA"},"contract":{"amount":"","exp":""},"draft":{"round":"","pick":"","tid":"","originalTid":"","year":"","loc":""},"ratings":[{"hgt":74,"stre":62,"spd":31,"jmp":41,"endu":47,"ins":64,"dnk":61,"ft":60,"fg":57,"tp":11,"blk":63,"stl":42,"drb":22,"pss":24,"reb":75,"pot":55}],"skills":[]},{"tid":-2,"name":"Derrick Byars","pos":"PF","hgt":79,"weight":220,"imgURL":"http://a.espncdn.com/i/headshots/nba/players/full/3193.png","born":{"year":1984,"loc":"USA"},"contract":{"amount":"","exp":""},"draft":{"round":"","pick":"","tid":"","originalTid":"","year":"","loc":""},"ratings":[{"hgt":74,"stre":62,"spd":31,"jmp":41,"endu":47,"ins":64,"dnk":61,"ft":60,"fg":57,"tp":11,"blk":63,"stl":42,"drb":22,"pss":24,"reb":75,"pot":55}],"skills":[]},{"tid":-2,"name":"Adam Haluska","pos":"G","hgt":77,"weight":210,"imgURL":"http://basketball.realgm.com/images/nba/4.2/profiles/photos/2006/Haluska_Adam_ncaa.jpg","born":{"year":1983,"loc":"USA"},"contract":{"amount":"","exp":""},"draft":{"round":"","pick":"","tid":"","originalTid":"","year":"","loc":""},"ratings":[{"hgt":43,"stre":45,"spd":62,"jmp":30,"endu":51,"ins":32,"dnk":42,"ft":65,"fg":71,"tp":53,"blk":21,"stl":42,"drb":54,"pss":67,"reb":41,"pot":54}],"skills":[]},{"tid":-2,"name":"Reyshawn Terry","pos":"PF","hgt":80,"weight":235,"imgURL":"http://basketball.realgm.com/images/nba/4.2/profiles/photos/2006/Terry_Reyshawn_dal.jpg","born":{"year":1984,"loc":"Winston-Salem, NC"},"contract":{"amount":"","exp":""},"draft":{"round":"","pick":"","tid":"","originalTid":"","year":"","loc":""},"ratings":[{"hgt":74,"stre":62,"spd":31,"jmp":41,"endu":47,"ins":64,"dnk":61,"ft":60,"fg":57,"tp":11,"blk":63,"stl":42,"drb":22,"pss":24,"reb":75,"pot":55}],"skills":[]},{"tid":-2,"name":"Jared Jordan","pos":"G","hgt":74,"weight":187,"imgURL":"http://basketball.realgm.com/images/nba/4.2/profiles/photos/2006/Jordan_Jared_nyk.jpg","born":{"year":1984,"loc":"Hartford, CT"},"contract":{"amount":"","exp":""},"draft":{"round":"","pick":"","tid":"","originalTid":"","year":"","loc":""},"ratings":[{"hgt":43,"stre":45,"spd":62,"jmp":30,"endu":51,"ins":32,"dnk":42,"ft":65,"fg":71,"tp":53,"blk":21,"stl":42,"drb":54,"pss":67,"reb":41,"pot":52}],"skills":[]},{"tid":-2,"name":"Stephane Lasme","pos":"PF","hgt":80,"weight":215,"imgURL":"http://origin.nba.com/media/act_stephane_lasme.jpg","born":{"year":1982,"loc":"Port-Gentil, Gabon"},"contract":{"amount":"","exp":""},"draft":{"round":"","pick":"","tid":"","originalTid":"","year":"","loc":""},"ratings":[{"hgt":74,"stre":62,"spd":31,"jmp":81,"endu":47,"ins":74,"dnk":61,"ft":60,"fg":57,"tp":0,"blk":73,"stl":42,"drb":22,"pss":24,"reb":75,"pot":55}],"skills":[]},{"tid":-2,"name":"Dominic McGuire","pos":"GF","hgt":81,"weight":220,"imgURL":"http://a.espncdn.com/i/headshots/nba/players/full/3246.png","born":{"year":1985,"loc":"San Diego, CA"},"contract":{"amount":"","exp":""},"draft":{"round":"","pick":"","tid":"","originalTid":"","year":"","loc":""},"ratings":[{"hgt":71,"stre":45,"spd":62,"jmp":30,"endu":51,"ins":32,"dnk":42,"ft":65,"fg":71,"tp":53,"blk":21,"stl":42,"drb":54,"pss":67,"reb":41,"pot":54}],"skills":[]},{"tid":-2,"name":"Marc Gasol","pos":"C","hgt":85,"weight":265,"imgURL":"http://a.espncdn.com/combiner/i?img=/i/headshots/nba/players/full/3206.png&w=350&h=254","born":{"year":1985,"loc":"Barcelona, Spain"},"contract":{"amount":"","exp":""},"draft":{"round":"","pick":"","tid":"","originalTid":"","year":"","loc":""},"ratings":[{"hgt":93,"stre":75,"spd":42,"jmp":55,"endu":52,"ins":68,"dnk":65,"ft":64,"fg":57,"tp":0,"blk":72,"stl":54,"drb":43,"pss":41,"reb":77,"pot":68}],"skills":[]},{"tid":-2,"name":"Aaron Gray","pos":"C","hgt":84,"weight":270,"imgURL":"http://a.espncdn.com/i/headshots/nba/players/full/3207.png","born":{"year":1984,"loc":"Tarzana, CA"},"contract":{"amount":"","exp":""},"draft":{"round":"","pick":"","tid":"","originalTid":"","year":"","loc":""},"ratings":[{"hgt":90,"stre":62,"spd":31,"jmp":41,"endu":47,"ins":64,"dnk":61,"ft":60,"fg":57,"tp":11,"blk":63,"stl":42,"drb":22,"pss":24,"reb":75,"pot":48}],"skills":[]},{"tid":-2,"name":"Renaldas Seibutis","pos":"SG","hgt":77,"weight":176,"imgURL":"http://basketball.realgm.com/images/nba/4.2/profiles/photos/2006/Seibutis_Renaldas_dal.jpg","born":{"year":1985,"loc":"Sventoji, Lithuania"},"contract":{"amount":"","exp":""},"draft":{"round":"","pick":"","tid":"","originalTid":"","year":"","loc":""},"ratings":[{"hgt":43,"stre":45,"spd":62,"jmp":30,"endu":51,"ins":32,"dnk":42,"ft":65,"fg":71,"tp":53,"blk":21,"stl":42,"drb":54,"pss":67,"reb":41,"pot":54}],"skills":[]},{"tid":-2,"name":"JamesOn Curry","pos":"G","hgt":75,"weight":190,"imgURL":"http://d.yimg.com/a/p/sp/rivals/full.47018/de34cf5509f982617ab7e1c2b12c1b21/jameson-curry.jpg","born":{"year":1986,"loc":"Pleasant Grove, NC"},"contract":{"amount":"","exp":""},"draft":{"round":"","pick":"","tid":"","originalTid":"","year":"","loc":""},"ratings":[{"hgt":29,"stre":45,"spd":62,"jmp":30,"endu":51,"ins":32,"dnk":42,"ft":65,"fg":71,"tp":53,"blk":21,"stl":42,"drb":54,"pss":67,"reb":41,"pot":49}],"skills":[]},{"tid":-2,"name":"Taurean Green","pos":"G","hgt":72,"weight":177,"imgURL":"http://d.yimg.com/a/p/sp/rivals/full.47399/1628a6ec6845fbcc30794888a65089f0/taurean-green.jpg","born":{"year":1986,"loc":"Fort Lauderdale, FL"},"contract":{"amount":"","exp":""},"draft":{"round":"","pick":"","tid":"","originalTid":"","year":"","loc":""},"ratings":[{"hgt":18,"stre":45,"spd":68,"jmp":30,"endu":51,"ins":32,"dnk":42,"ft":65,"fg":71,"tp":53,"blk":21,"stl":42,"drb":66,"pss":67,"reb":41,"pot":54}],"skills":[]},{"tid":-2,"name":"Demetris Nichols","pos":"SF","hgt":80,"weight":216,"imgURL":"http://a.espncdn.com/i/headshots/nba/players/full/3223.png","born":{"year":1984,"loc":"Boston, MA"},"contract":{"amount":"","exp":""},"draft":{"round":"","pick":"","tid":"","originalTid":"","year":"","loc":""},"ratings":[{"hgt":57,"stre":45,"spd":62,"jmp":30,"endu":51,"ins":32,"dnk":42,"ft":65,"fg":71,"tp":53,"blk":21,"stl":42,"drb":54,"pss":67,"reb":41,"pot":54}],"skills":[]},{"tid":-2,"name":"Brad Newley","pos":"SF","hgt":78,"weight":205,"imgURL":"http://basketball.realgm.com/images/nba/4.2/profiles/photos/2006/Newley_Brad_ACB.jpg","born":{"year":1985,"loc":"Adelaide, Australia"},"contract":{"amount":"","exp":""},"draft":{"round":"","pick":"","tid":"","originalTid":"","year":"","loc":""},"ratings":[{"hgt":43,"stre":45,"spd":62,"jmp":30,"endu":51,"ins":32,"dnk":42,"ft":65,"fg":71,"tp":53,"blk":21,"stl":42,"drb":54,"pss":67,"reb":41,"pot":50}],"skills":[]},{"tid":-2,"name":"Herbert Hill","pos":"FC","hgt":82,"weight":240,"imgURL":"http://graphics.fansonly.com/photos/schools/prov/sports/m-baskbl/auto_headshot/289362.jpeg","born":{"year":1984,"loc":"Ulm, Germany"},"contract":{"amount":"","exp":""},"draft":{"round":"","pick":"","tid":"","originalTid":"","year":"","loc":""},"ratings":[{"hgt":79,"stre":62,"spd":31,"jmp":41,"endu":47,"ins":64,"dnk":61,"ft":60,"fg":57,"tp":11,"blk":63,"stl":42,"drb":22,"pss":24,"reb":75,"pot":54}],"skills":[]},{"tid":-2,"name":"Ramon Sessions","pos":"G","hgt":75,"weight":190,"imgURL":"http://a.espncdn.com/i/headshots/nba/players/full/3231.png","born":{"year":1986,"loc":"Myrtle Beach, SC"},"contract":{"amount":"","exp":""},"draft":{"round":"","pick":"","tid":"","originalTid":"","year":"","loc":""},"ratings":[{"hgt":43,"stre":45,"spd":62,"jmp":30,"endu":51,"ins":32,"dnk":42,"ft":65,"fg":71,"tp":53,"blk":21,"stl":42,"drb":70,"pss":67,"reb":41,"pot":62}],"skills":[]},{"tid":-2,"name":"Sammy Mejia","pos":"SF","hgt":78,"weight":190,"imgURL":"http://basketball.realgm.com/images/nba/4.2/profiles/photos/2006/Mejia_Sammy_det.jpg","born":{"year":1983,"loc":"Bronx, NY"},"contract":{"amount":"","exp":""},"draft":{"round":"","pick":"","tid":"","originalTid":"","year":"","loc":""},"ratings":[{"hgt":43,"stre":45,"spd":62,"jmp":30,"endu":51,"ins":32,"dnk":42,"ft":65,"fg":71,"tp":53,"blk":21,"stl":42,"drb":54,"pss":67,"reb":41,"pot":54}],"skills":[]},{"tid":-2,"name":"Georgios Printezis","pos":"F","hgt":81,"weight":235,"imgURL":"http://www.fiba.com/images/web/Events/10/FWCM/headshots/GRE/_215/Small_10-GiorgosPRINTEZIS_Greece_.jpg","born":{"year":1985,"loc":"Athens, Greece"},"contract":{"amount":"","exp":""},"draft":{"round":"","pick":"","tid":"","originalTid":"","year":"","loc":""},"ratings":[{"hgt":74,"stre":62,"spd":31,"jmp":41,"endu":47,"ins":64,"dnk":61,"ft":60,"fg":57,"tp":11,"blk":63,"stl":42,"drb":22,"pss":24,"reb":75,"pot":52}],"skills":[]},{"tid":-2,"name":"D.J. Strawberry","pos":"SG","hgt":77,"weight":201,"imgURL":"http://a.espncdn.com/i/headshots/nba/players/full/3234.png","born":{"year":1985,"loc":"New York, NY"},"contract":{"amount":"","exp":""},"draft":{"round":"","pick":"","tid":"","originalTid":"","year":"","loc":""},"ratings":[{"hgt":43,"stre":45,"spd":62,"jmp":30,"endu":51,"ins":32,"dnk":42,"ft":65,"fg":71,"tp":53,"blk":21,"stl":42,"drb":54,"pss":67,"reb":41,"pot":54}],"skills":[]},{"tid":-2,"name":"Milovan Rakovic","pos":"PF","hgt":82,"weight":286,"imgURL":"http://basketball.realgm.com/images/nba/4.2/profiles/photos/2006/Rakovic_Milovan_ACB.jpg","born":{"year":1985,"loc":"Uzice, Serbia"},"contract":{"amount":"","exp":""},"draft":{"round":"","pick":"","tid":"","originalTid":"","year":"","loc":""},"ratings":[{"hgt":74,"stre":62,"spd":31,"jmp":41,"endu":47,"ins":64,"dnk":61,"ft":60,"fg":57,"tp":11,"blk":63,"stl":42,"drb":22,"pss":24,"reb":75,"pot":51}],"skills":[]},{"tid":-2,"name":"Joel Anthony","pos":"C","hgt":81,"weight":245,"imgURL":"http://basketball.realgm.com/images/nba/4.2/profiles/photos/2006/Anthony_Joel_bos14.jpg","born":{"year":1982,"loc":"Montreal, Canada"},"contract":{"amount":"","exp":""},"draft":{"round":"","pick":"","tid":"","originalTid":"","year":"","loc":""},"ratings":[{"hgt":74,"stre":72,"spd":31,"jmp":41,"endu":47,"ins":64,"dnk":61,"ft":60,"fg":17,"tp":0,"blk":63,"stl":42,"drb":22,"pss":24,"reb":75,"pot":55}],"skills":[]},{"tid":-2,"name":"Anthony Tolliver","pos":"PF","hgt":80,"weight":240,"imgURL":"http://basketball.realgm.com/images/nba/4.2/profiles/photos/2006/Tolliver_Anthony_pho14.jpg","born":{"year":1985,"loc":"Springfield, MO"},"contract":{"amount":"","exp":""},"draft":{"round":"","pick":"","tid":"","originalTid":"","year":"","loc":""},"ratings":[{"hgt":74,"stre":62,"spd":31,"jmp":41,"endu":47,"ins":64,"dnk":61,"ft":60,"fg":57,"tp":11,"blk":63,"stl":42,"drb":22,"pss":24,"reb":75,"pot":55}],"skills":[]},{"tid":-2,"name":"Cartier Martin","pos":"F","hgt":79,"weight":220,"imgURL":"http://basketball.realgm.com/images/nba/4.2/profiles/photos/2006/Martin_Cartier_det14.jpg","born":{"year":1984,"loc":"USA"},"contract":{"amount":"","exp":""},"draft":{"round":"","pick":"","tid":"","originalTid":"","year":"","loc":""},"ratings":[{"hgt":74,"stre":62,"spd":31,"jmp":41,"endu":47,"ins":64,"dnk":61,"ft":60,"fg":57,"tp":11,"blk":63,"stl":42,"drb":22,"pss":24,"reb":75,"pot":55}],"skills":[]},{"tid":-2,"name":"Gary Neal","pos":"G","hgt":76,"weight":210,"imgURL":"http://basketball.realgm.com/images/nba/4.2/profiles/photos/2006/Neal_Gary_cha14.jpg","born":{"year":1984,"loc":"USA"},"contract":{"amount":"","exp":""},"draft":{"round":"","pick":"","tid":"","originalTid":"","year":"","loc":""},"ratings":[{"hgt":35,"stre":45,"spd":68,"jmp":30,"endu":57,"ins":32,"dnk":62,"ft":65,"fg":71,"tp":58,"blk":21,"stl":42,"drb":69,"pss":67,"reb":41,"pot":58}],"skills":[]},{"tid":-2,"name":"Mustafa Shakur","pos":"SG","hgt":75,"weight":190,"imgURL":"http://basketball.realgm.com/images/nba/4.2/profiles/photos/2006/Shakur_Mustafa_noh_12.jpg","born":{"year":1984,"loc":"USA"},"contract":{"amount":"","exp":""},"draft":{"round":"","pick":"","tid":"","originalTid":"","year":"","loc":""},"ratings":[{"hgt":29,"stre":45,"spd":62,"jmp":30,"endu":51,"ins":32,"dnk":42,"ft":65,"fg":71,"tp":53,"blk":21,"stl":42,"drb":54,"pss":67,"reb":41,"pot":54}],"skills":[]},{"tid":-2,"name":"Mario West","pos":"G","hgt":77,"weight":210,"imgURL":"http://basketball.realgm.com/images/nba/4.2/profiles/photos/2006/West_Mario_atl.jpg","born":{"year":1984,"loc":"USA"},"contract":{"amount":"","exp":""},"draft":{"round":"","pick":"","tid":"","originalTid":"","year":"","loc":""},"ratings":[{"hgt":43,"stre":45,"spd":62,"jmp":30,"endu":51,"ins":32,"dnk":42,"ft":65,"fg":71,"tp":53,"blk":21,"stl":42,"drb":54,"pss":67,"reb":41,"pot":54}],"skills":[]},{"tid":-2,"name":"Blake Ahearn","pos":"G","hgt":75,"weight":190,"imgURL":"http://basketball.realgm.com/images/nba/4.2/profiles/photos/2006/Ahearn_Blake_mia.jpg","born":{"year":1984,"loc":"USA"},"contract":{"amount":"","exp":""},"draft":{"round":"","pick":"","tid":"","originalTid":"","year":"","loc":""},"ratings":[{"hgt":29,"stre":45,"spd":62,"jmp":30,"endu":51,"ins":32,"dnk":42,"ft":65,"fg":71,"tp":53,"blk":21,"stl":42,"drb":54,"pss":67,"reb":41,"pot":54}],"skills":[]},{"tid":-2,"name":"Gustavo Ayon","pos":"FC","hgt":82,"weight":250,"imgURL":"http://basketball.realgm.com/images/nba/4.2/profiles/photos/2006/Ayon_Gustavo_atl_1314.jpg","born":{"year":1985,"loc":"Mexico"},"contract":{"amount":"","exp":""},"draft":{"round":"","pick":"","tid":"","originalTid":"","year":"","loc":""},"ratings":[{"hgt":79,"stre":72,"spd":31,"jmp":41,"endu":47,"ins":64,"dnk":61,"ft":60,"fg":44,"tp":0,"blk":63,"stl":42,"drb":22,"pss":24,"reb":75,"pot":55}],"skills":[]},{"tid":-2,"name":"Trey Johnson","pos":"SF","hgt":77,"weight":215,"imgURL":"http://basketball.realgm.com/images/nba/4.2/profiles/photos/2006/Johnson_Trey_sac14.jpg","born":{"year":1984,"loc":"USA"},"contract":{"amount":"","exp":""},"draft":{"round":"","pick":"","tid":"","originalTid":"","year":"","loc":""},"ratings":[{"hgt":43,"stre":45,"spd":62,"jmp":30,"endu":51,"ins":32,"dnk":42,"ft":65,"fg":71,"tp":53,"blk":21,"stl":42,"drb":54,"pss":67,"reb":41,"pot":54}],"skills":[]},{"tid":-2,"name":"Bobby Brown","pos":"PG","hgt":74,"weight":175,"imgURL":"http://basketball.realgm.com/images/nba/4.2/profiles/photos/2006/Brown_Bobby_nba.jpg","born":{"year":1984,"loc":"Los Angeles, CA"},"contract":{"amount":"","exp":""},"draft":{"round":"","pick":"","tid":"","originalTid":"","year":"","loc":""},"ratings":[{"hgt":43,"stre":42,"spd":62,"jmp":42,"endu":52,"ins":34,"dnk":42,"ft":61,"fg":62,"tp":55,"blk":34,"stl":51,"drb":62,"pss":63,"reb":42,"pot":47}],"skills":[]}]
}