{"startingSeason":2000,"players":[{"tid":-2,"name":"Kenyon Martin","pos":"FC","hgt":81,"weight":240,"imgURL":"http://a.espncdn.com/combiner/i?img=/i/headshots/nba/players/full/515.png&w=350&h=254","born":{"year":1977,"loc":"Saginaw, MI"},"contract":{"amount":"","exp":""},"draft":{"round":"","pick":"","team":"","orig. team":"","year":"","loc":""},"ratings":[{"hgt":74,"stre":65,"spd":58,"jmp":83,"endu":66,"ins":76,"dnk":77,"ft":65,"fg":54,"tp":22,"blk":65,"stl":63,"drb":40,"pss":55,"reb":83,"pot":74}],"skills":[]},{"tid":-2,"name":"Stromile Swift","pos":"FC","hgt":81,"weight":225,"imgURL":"http://www.ibiblio.org/craig/draft/2000_draft/Players/images/swift.jpg","born":{"year":1979,"loc":"Shreveport, LA"},"contract":{"amount":"","exp":""},"draft":{"round":"","pick":"","team":"","orig. team":"","year":"","loc":""},"ratings":[{"hgt":73,"stre":65,"spd":62,"jmp":85,"endu":61,"ins":65,"dnk":80,"ft":65,"fg":48,"tp":0,"blk":88,"stl":66,"drb":45,"pss":35,"reb":86,"pot":66}],"skills":[]},{"tid":-2,"name":"Darius Miles","pos":"SF","hgt":81,"weight":210,"imgURL":"http://a.espncdn.com/combiner/i?img=/i/headshots/nba/players/full/550.png&w=350&h=254","born":{"year":1981,"loc":"Belleville, IL"},"contract":{"amount":"","exp":""},"draft":{"round":"","pick":"","team":"","orig. team":"","year":"","loc":""},"ratings":[{"hgt":71,"stre":34,"spd":66,"jmp":81,"endu":47,"ins":35,"dnk":60,"ft":45,"fg":55,"tp":45,"blk":65,"stl":45,"drb":34,"pss":44,"reb":65,"pot":67}],"skills":[]},{"tid":-2,"name":"Marcus Fizer","pos":"PF","hgt":81,"weight":262,"imgURL":"http://a.espncdn.com/i/headshots/nba/players/65/247.jpg","born":{"year":1978,"loc":"Detroit, MI"},"contract":{"amount":"","exp":""},"draft":{"round":"","pick":"","team":"","orig. team":"","year":"","loc":""},"ratings":[{"hgt":65,"stre":75,"spd":45,"jmp":65,"endu":44,"ins":65,"dnk":55,"ft":65,"fg":45,"tp":65,"blk":54,"stl":65,"drb":55,"pss":65,"reb":56,"pot":62}],"skills":[]},{"tid":-2,"name":"Mike Miller","pos":"GF","hgt":80,"weight":218,"imgURL":"http://a.espncdn.com/combiner/i?img=/i/headshots/nba/players/full/558.png&w=350&h=254","born":{"year":1980,"loc":"Mitchell, SD"},"contract":{"amount":"","exp":""},"draft":{"round":"","pick":"","team":"","orig. team":"","year":"","loc":""},"ratings":[{"hgt":54,"stre":48,"spd":67,"jmp":67,"endu":64,"ins":43,"dnk":45,"ft":76,"fg":69,"tp":76,"blk":54,"stl":64,"drb":54,"pss":65,"reb":43,"pot":63}],"skills":[]},{"tid":-2,"name":"DerMarr Johnson","pos":"GF","hgt":81,"weight":201,"imgURL":"http://a.espncdn.com/combiner/i?img=/i/headshots/nba/players/full/398.png&w=350&h=254","born":{"year":1980,"loc":"Washington, DC"},"contract":{"amount":"","exp":""},"draft":{"round":"","pick":"","team":"","orig. team":"","year":"","loc":""},"ratings":[{"hgt":54,"stre":35,"spd":65,"jmp":65,"endu":56,"ins":45,"dnk":65,"ft":76,"fg":65,"tp":65,"blk":45,"stl":65,"drb":76,"pss":45,"reb":65,"pot":58}],"skills":[]},{"tid":-2,"name":"Chris Mihm","pos":"FC","hgt":84,"weight":265,"imgURL":"http://a.espncdn.com/i/headshots/nba/players/65/549.jpg","born":{"year":1979,"loc":"Milwaukee, WI"},"contract":{"amount":"","exp":""},"draft":{"round":"","pick":"","team":"","orig. team":"","year":"","loc":""},"ratings":[{"hgt":84,"stre":76,"spd":48,"jmp":45,"endu":53,"ins":76,"dnk":87,"ft":45,"fg":76,"tp":0,"blk":76,"stl":45,"drb":34,"pss":43,"reb":85,"pot":57}],"skills":[]},{"tid":-2,"name":"Jamal Crawford","pos":"G","hgt":78,"weight":185,"imgURL":"http://a.espncdn.com/combiner/i?img=/i/headshots/nba/players/full/165.png&w=350&h=254","born":{"year":1980,"loc":"Seattle, WA"},"contract":{"amount":"","exp":""},"draft":{"round":"","pick":"","team":"","orig. team":"","year":"","loc":""},"ratings":[{"hgt":54,"stre":35,"spd":76,"jmp":45,"endu":66,"ins":36,"dnk":76,"ft":56,"fg":77,"tp":76,"blk":56,"stl":76,"drb":77,"pss":56,"reb":37,"pot":65}],"skills":[]},{"tid":-2,"name":"Joel Przybilla","pos":"C","hgt":85,"weight":255,"imgURL":"http://a.espncdn.com/combiner/i?img=/i/headshots/nba/players/full/682.png&w=350&h=254","born":{"year":1979,"loc":"Monticello, MN"},"contract":{"amount":"","exp":""},"draft":{"round":"","pick":"","team":"","orig. team":"","year":"","loc":""},"ratings":[{"hgt":91,"stre":76,"spd":38,"jmp":44,"endu":55,"ins":66,"dnk":55,"ft":56,"fg":54,"tp":0,"blk":80,"stl":33,"drb":22,"pss":55,"reb":85,"pot":56}],"skills":[]},{"tid":-2,"name":"Keyon Dooling","pos":"G","hgt":75,"weight":196,"imgURL":"http://a.espncdn.com/combiner/i?img=/i/headshots/nba/players/full/209.png&w=350&h=254","born":{"year":1980,"loc":"Ft. Lauderdale, FL"},"contract":{"amount":"","exp":""},"draft":{"round":"","pick":"","team":"","orig. team":"","year":"","loc":""},"ratings":[{"hgt":28,"stre":45,"spd":71,"jmp":70,"endu":54,"ins":35,"dnk":65,"ft":76,"fg":65,"tp":45,"blk":34,"stl":45,"drb":65,"pss":66,"reb":36,"pot":59}],"skills":[]},{"tid":-2,"name":"Jerome Moiso","pos":"FC","hgt":82,"weight":235,"imgURL":"http://a.espncdn.com/i/headshots/nba/players/65/570.jpg","born":{"year":1978,"loc":"Paris, France"},"contract":{"amount":"","exp":""},"draft":{"round":"","pick":"","team":"","orig. team":"","year":"","loc":""},"ratings":[{"hgt":79,"stre":56,"spd":46,"jmp":75,"endu":66,"ins":56,"dnk":46,"ft":56,"fg":76,"tp":56,"blk":76,"stl":66,"drb":45,"pss":65,"reb":70,"pot":58}],"skills":[]},{"tid":-2,"name":"Etan Thomas","pos":"FC","hgt":81,"weight":256,"imgURL":"http://a.espncdn.com/combiner/i?img=/i/headshots/nba/players/full/851.png&w=350&h=254","born":{"year":1978,"loc":"Harlem, NY"},"contract":{"amount":"","exp":""},"draft":{"round":"","pick":"","team":"","orig. team":"","year":"","loc":""},"ratings":[{"hgt":73,"stre":86,"spd":45,"jmp":55,"endu":66,"ins":67,"dnk":59,"ft":54,"fg":48,"tp":0,"blk":70,"stl":44,"drb":45,"pss":51,"reb":75,"pot":59}],"skills":[]},{"tid":-2,"name":"Courtney Alexander","pos":"G","hgt":77,"weight":205,"imgURL":"http://a.espncdn.com/i/headshots/nba/players/65/7.jpg","born":{"year":1977,"loc":"Bridgeport, CT"},"contract":{"amount":"","exp":""},"draft":{"round":"","pick":"","team":"","orig. team":"","year":"","loc":""},"ratings":[{"hgt":65,"stre":43,"spd":54,"jmp":65,"endu":44,"ins":65,"dnk":34,"ft":65,"fg":44,"tp":65,"blk":76,"stl":45,"drb":65,"pss":45,"reb":65,"pot":58}],"skills":[]},{"tid":-2,"name":"Mateen Cleaves","pos":"PG","hgt":74,"weight":205,"imgURL":"http://a.espncdn.com/i/headshots/nba/players/65/151.jpg","born":{"year":1977,"loc":"Flint, MI"},"contract":{"amount":"","exp":""},"draft":{"round":"","pick":"","team":"","orig. team":"","year":"","loc":""},"ratings":[{"hgt":21,"stre":41,"spd":63,"jmp":65,"endu":54,"ins":45,"dnk":65,"ft":44,"fg":54,"tp":65,"blk":44,"stl":65,"drb":75,"pss":45,"reb":65,"pot":57}],"skills":[]},{"tid":-2,"name":"Jason Collier","pos":"C","hgt":84,"weight":260,"imgURL":"http://a.espncdn.com/i/headshots/nba/players/65/161.jpg","born":{"year":1977,"loc":"Springfield, OH"},"contract":{"amount":"","exp":""},"draft":{"round":"","pick":"","team":"","orig. team":"","year":"","loc":""},"ratings":[{"hgt":92,"stre":79,"spd":35,"jmp":55,"endu":59,"ins":65,"dnk":54,"ft":65,"fg":52,"tp":0,"blk":67,"stl":35,"drb":26,"pss":35,"reb":78,"pot":56}],"skills":[]},{"tid":-2,"name":"Hedo Turkoglu","pos":"SF","hgt":82,"weight":220,"imgURL":"http://a.espncdn.com/combiner/i?img=/i/headshots/nba/players/full/862.png&w=350&h=254","born":{"year":1979,"loc":"Istanbul, Turkey"},"contract":{"amount":"","exp":""},"draft":{"round":"","pick":"","team":"","orig. team":"","year":"","loc":""},"ratings":[{"hgt":76,"stre":45,"spd":65,"jmp":56,"endu":65,"ins":76,"dnk":45,"ft":65,"fg":34,"tp":73,"blk":43,"stl":45,"drb":65,"pss":56,"reb":59,"pot":64}],"skills":[]},{"tid":-2,"name":"Desmond Mason","pos":"GF","hgt":79,"weight":224,"imgURL":"http://ww3.hdnux.com/photos/02/31/77/630774/3/628x471.jpg","born":{"year":1977,"loc":"Waxahachie, TX"},"contract":{"amount":"","exp":""},"draft":{"round":"","pick":"","team":"","orig. team":"","year":"","loc":""},"ratings":[{"hgt":59,"stre":31,"spd":66,"jmp":87,"endu":50,"ins":45,"dnk":81,"ft":54,"fg":44,"tp":48,"blk":55,"stl":60,"drb":55,"pss":44,"reb":44,"pot":65}],"skills":[]},{"tid":-2,"name":"Quentin Richardson","pos":"GF","hgt":78,"weight":223,"imgURL":"http://a.espncdn.com/combiner/i?img=/i/headshots/nba/players/full/703.png&w=350&h=254","born":{"year":1980,"loc":"Chicago, IL"},"contract":{"amount":"","exp":""},"draft":{"round":"","pick":"","team":"","orig. team":"","year":"","loc":""},"ratings":[{"hgt":52,"stre":45,"spd":65,"jmp":66,"endu":55,"ins":34,"dnk":64,"ft":65,"fg":60,"tp":72,"blk":34,"stl":64,"drb":56,"pss":65,"reb":62,"pot":66}],"skills":[]},{"tid":-2,"name":"Jamaal Magloire","pos":"C","hgt":83,"weight":259,"imgURL":"http://a.espncdn.com/combiner/i?img=/i/headshots/nba/players/full/498.png&w=350&h=254","born":{"year":1978,"loc":"Toronto, Canada"},"contract":{"amount":"","exp":""},"draft":{"round":"","pick":"","team":"","orig. team":"","year":"","loc":""},"ratings":[{"hgt":84,"stre":75,"spd":45,"jmp":59,"endu":59,"ins":64,"dnk":53,"ft":65,"fg":45,"tp":0,"blk":44,"stl":65,"drb":35,"pss":46,"reb":66,"pot":65}],"skills":[]},{"tid":-2,"name":"Speedy Claxton","pos":"PG","hgt":71,"weight":166,"imgURL":"http://news.hofstra.edu/wp-content/uploads/2013/09/Speedy-Claxton.jpg","born":{"year":1978,"loc":"Queens, NY"},"contract":{"amount":"","exp":""},"draft":{"round":"","pick":"","team":"","orig. team":"","year":"","loc":""},"ratings":[{"hgt":5,"stre":34,"spd":92,"jmp":65,"endu":55,"ins":55,"dnk":66,"ft":45,"fg":55,"tp":45,"blk":44,"stl":45,"drb":76,"pss":63,"reb":56,"pot":60}],"skills":[]},{"tid":-2,"name":"Morris Peterson","pos":"GF","hgt":79,"weight":218,"imgURL":"http://a.espncdn.com/combiner/i?img=/i/headshots/nba/players/full/656.png&w=350&h=254","born":{"year":1977,"loc":"Flint, Michigan"},"contract":{"amount":"","exp":""},"draft":{"round":"","pick":"","team":"","orig. team":"","year":"","loc":""},"ratings":[{"hgt":57,"stre":45,"spd":75,"jmp":65,"endu":43,"ins":35,"dnk":64,"ft":65,"fg":55,"tp":65,"blk":45,"stl":66,"drb":45,"pss":65,"reb":45,"pot":62}],"skills":[]},{"tid":-2,"name":"Donnell Harvey","pos":"PF","hgt":80,"weight":220,"imgURL":"http://i.cdn.turner.com/si/images/basketball/nba/players/3421.jpg","born":{"year":1980,"loc":"Shellman, GA"},"contract":{"amount":"","exp":""},"draft":{"round":"","pick":"","team":"","orig. team":"","year":"","loc":""},"ratings":[{"hgt":65,"stre":66,"spd":52,"jmp":54,"endu":54,"ins":54,"dnk":54,"ft":56,"fg":60,"tp":45,"blk":65,"stl":45,"drb":35,"pss":34,"reb":65,"pot":53}],"skills":[]},{"tid":-2,"name":"DeShawn Stevenson","pos":"GF","hgt":77,"weight":210,"imgURL":"http://a.espncdn.com/combiner/i?img=/i/headshots/nba/players/full/808.png&w=350&h=254","born":{"year":1981,"loc":"Fresno, CA"},"contract":{"amount":"","exp":""},"draft":{"round":"","pick":"","team":"","orig. team":"","year":"","loc":""},"ratings":[{"hgt":54,"stre":33,"spd":62,"jmp":54,"endu":65,"ins":44,"dnk":65,"ft":76,"fg":45,"tp":76,"blk":56,"stl":76,"drb":45,"pss":76,"reb":45,"pot":58}],"skills":[]},{"tid":-2,"name":"Dalibor Bagaric","pos":"C","hgt":85,"weight":255,"imgURL":"http://a.espncdn.com/i/headshots/nba/players/65/31.jpg","born":{"year":1980,"loc":"Munich, Germany"},"contract":{"amount":"","exp":""},"draft":{"round":"","pick":"","team":"","orig. team":"","year":"","loc":""},"ratings":[{"hgt":90,"stre":76,"spd":46,"jmp":43,"endu":54,"ins":66,"dnk":45,"ft":65,"fg":44,"tp":0,"blk":34,"stl":54,"drb":65,"pss":33,"reb":54,"pot":54}],"skills":[]},{"tid":-2,"name":"Jake Tsakalidis","pos":"C","hgt":86,"weight":285,"imgURL":"http://a.espncdn.com/i/headshots/nba/players/65/860.jpg","born":{"year":1979,"loc":"Rustavi, Georgia"},"contract":{"amount":"","exp":""},"draft":{"round":"","pick":"","team":"","orig. team":"","year":"","loc":""},"ratings":[{"hgt":86,"stre":75,"spd":36,"jmp":45,"endu":57,"ins":34,"dnk":54,"ft":66,"fg":45,"tp":0,"blk":56,"stl":45,"drb":32,"pss":54,"reb":72,"pot":53}],"skills":[]},{"tid":-2,"name":"Mamadou N'Diaye","pos":"C","hgt":84,"weight":255,"imgURL":"http://i.cdn.turner.com/nba/nba/teamsites/images/legacy/warriors/Mamadou_release_275.jpg","born":{"year":1975,"loc":"Dakar, Senegal"},"contract":{"amount":"","exp":""},"draft":{"round":"","pick":"","team":"","orig. team":"","year":"","loc":""},"ratings":[{"hgt":86,"stre":77,"spd":46,"jmp":43,"endu":44,"ins":66,"dnk":47,"ft":66,"fg":41,"tp":0,"blk":76,"stl":36,"drb":26,"pss":38,"reb":67,"pot":52}],"skills":[]},{"tid":-2,"name":"Primoz Brezec","pos":"C","hgt":86,"weight":252,"imgURL":"http://a.espncdn.com/i/headshots/nba/players/65/94.jpg","born":{"year":1979,"loc":"Postojna, Slovenia"},"contract":{"amount":"","exp":""},"draft":{"round":"","pick":"","team":"","orig. team":"","year":"","loc":""},"ratings":[{"hgt":93,"stre":76,"spd":35,"jmp":56,"endu":76,"ins":55,"dnk":65,"ft":76,"fg":56,"tp":0,"blk":65,"stl":55,"drb":36,"pss":56,"reb":76,"pot":58}],"skills":[]},{"tid":-2,"name":"Erick Barkley","pos":"PG","hgt":73,"weight":177,"imgURL":"http://a.espncdn.com/i/headshots/nba/players/65/38.jpg","born":{"year":1978,"loc":"Queens, NY"},"contract":{"amount":"","exp":""},"draft":{"round":"","pick":"","team":"","orig. team":"","year":"","loc":""},"ratings":[{"hgt":14,"stre":35,"spd":60,"jmp":66,"endu":56,"ins":44,"dnk":56,"ft":67,"fg":56,"tp":54,"blk":44,"stl":66,"drb":66,"pss":66,"reb":44,"pot":55}],"skills":[]},{"tid":-2,"name":"Mark Madsen","pos":"FC","hgt":81,"weight":240,"imgURL":"http://a.espncdn.com/i/headshots/nba/players/65/496.jpg","born":{"year":1976,"loc":"Walnut Creek, CA"},"contract":{"amount":"","exp":""},"draft":{"round":"","pick":"","team":"","orig. team":"","year":"","loc":""},"ratings":[{"hgt":71,"stre":66,"spd":48,"jmp":56,"endu":46,"ins":56,"dnk":45,"ft":65,"fg":45,"tp":55,"blk":54,"stl":65,"drb":44,"pss":55,"reb":76,"pot":57}],"skills":[]},{"tid":-2,"name":"Marko Jaric","pos":"GF","hgt":79,"weight":198,"imgURL":"http://a.espncdn.com/combiner/i?img=/i/headshots/nba/players/full/387.png&w=350&h=254","born":{"year":1978,"loc":"Belgrade, Serbia"},"contract":{"amount":"","exp":""},"draft":{"round":"","pick":"","team":"","orig. team":"","year":"","loc":""},"ratings":[{"hgt":57,"stre":45,"spd":69,"jmp":34,"endu":54,"ins":55,"dnk":65,"ft":34,"fg":54,"tp":66,"blk":45,"stl":65,"drb":66,"pss":67,"reb":65,"pot":59}],"skills":[]},{"tid":-2,"name":"Dan Langhi","pos":"SF","hgt":83,"weight":220,"imgURL":"http://a.espncdn.com/i/headshots/nba/players/65/458.jpg","born":{"year":1977,"loc":"USA"},"contract":{"amount":"","exp":""},"draft":{"round":"","pick":"","team":"","orig. team":"","year":"","loc":""},"ratings":[{"hgt":84,"stre":41,"spd":45,"jmp":35,"endu":45,"ins":55,"dnk":51,"ft":45,"fg":65,"tp":76,"blk":56,"stl":55,"drb":35,"pss":44,"reb":45,"pot":52}],"skills":[]},{"tid":-2,"name":"A.J. Guyton","pos":"PG","hgt":73,"weight":180,"imgURL":"http://a.espncdn.com/i/headshots/nba/players/65/288.jpg","born":{"year":1978,"loc":"USA"},"contract":{"amount":"","exp":""},"draft":{"round":"","pick":"","team":"","orig. team":"","year":"","loc":""},"ratings":[{"hgt":15,"stre":33,"spd":65,"jmp":54,"endu":57,"ins":45,"dnk":34,"ft":54,"fg":66,"tp":45,"blk":55,"stl":66,"drb":76,"pss":45,"reb":33,"pot":51}],"skills":[]},{"tid":-2,"name":"Jake Voskuhl","pos":"C","hgt":83,"weight":245,"imgURL":"http://a.espncdn.com/combiner/i?img=/i/headshots/nba/players/full/879.png&w=350&h=254","born":{"year":1977,"loc":"Tulsa, OK"},"contract":{"amount":"","exp":""},"draft":{"round":"","pick":"","team":"","orig. team":"","year":"","loc":""},"ratings":[{"hgt":85,"stre":75,"spd":35,"jmp":45,"endu":45,"ins":65,"dnk":45,"ft":45,"fg":35,"tp":0,"blk":34,"stl":54,"drb":14,"pss":25,"reb":72,"pot":53}],"skills":[]},{"tid":-2,"name":"Khalid El-Amin","pos":"PG","hgt":70,"weight":200,"imgURL":"http://assets.sbnation.com/assets/82050/elamin_medium.jpg","born":{"year":1979,"loc":"USA"},"contract":{"amount":"","exp":""},"draft":{"round":"","pick":"","team":"","orig. team":"","year":"","loc":""},"ratings":[{"hgt":14,"stre":53,"spd":65,"jmp":45,"endu":45,"ins":34,"dnk":56,"ft":65,"fg":44,"tp":54,"blk":65,"stl":66,"drb":45,"pss":65,"reb":44,"pot":56}],"skills":[]},{"tid":-2,"name":"Mike Smith","pos":"SF","hgt":80,"weight":195,"imgURL":"http://www.thedraftreview.com/history/drafted2000/images/mike-smith.jpg","born":{"year":1976,"loc":"West Monroe, LA"},"contract":{"amount":"","exp":""},"draft":{"round":"","pick":"","team":"","orig. team":"","year":"","loc":""},"ratings":[{"hgt":64,"stre":55,"spd":55,"jmp":66,"endu":56,"ins":45,"dnk":65,"ft":65,"fg":46,"tp":55,"blk":45,"stl":65,"drb":46,"pss":54,"reb":35,"pot":53}],"skills":[]},{"tid":-2,"name":"Soumaila Samake","pos":"C","hgt":84,"weight":230,"imgURL":"http://a.espncdn.com/i/headshots/nba/players/65/748.jpg","born":{"year":1978,"loc":"Bougouni, Mali"},"contract":{"amount":"","exp":""},"draft":{"round":"","pick":"","team":"","orig. team":"","year":"","loc":""},"ratings":[{"hgt":90,"stre":63,"spd":45,"jmp":34,"endu":54,"ins":65,"dnk":45,"ft":65,"fg":55,"tp":0,"blk":56,"stl":77,"drb":26,"pss":45,"reb":65,"pot":55}],"skills":[]},{"tid":-2,"name":"Eddie House","pos":"G","hgt":73,"weight":180,"imgURL":"http://a.espncdn.com/combiner/i?img=/i/headshots/nba/players/full/348.png&w=350&h=254","born":{"year":1978,"loc":"USA"},"contract":{"amount":"","exp":""},"draft":{"round":"","pick":"","team":"","orig. team":"","year":"","loc":""},"ratings":[{"hgt":14,"stre":45,"spd":72,"jmp":45,"endu":55,"ins":55,"dnk":65,"ft":44,"fg":54,"tp":34,"blk":54,"stl":65,"drb":45,"pss":65,"reb":44,"pot":57}],"skills":[]},{"tid":-2,"name":"Eduardo Najera","pos":"PF","hgt":80,"weight":240,"imgURL":"http://a.espncdn.com/combiner/i?img=/i/headshots/nba/players/full/591.png&w=350&h=254","born":{"year":1976,"loc":"Mexico"},"contract":{"amount":"","exp":""},"draft":{"round":"","pick":"","team":"","orig. team":"","year":"","loc":""},"ratings":[{"hgt":65,"stre":75,"spd":43,"jmp":45,"endu":65,"ins":45,"dnk":34,"ft":54,"fg":65,"tp":55,"blk":65,"stl":45,"drb":65,"pss":44,"reb":65,"pot":58}],"skills":[]},{"tid":-2,"name":"Lavor Postell","pos":"SG","hgt":77,"weight":215,"imgURL":"http://a.espncdn.com/i/headshots/nba/players/65/672.jpg","born":{"year":1978,"loc":"USA"},"contract":{"amount":"","exp":""},"draft":{"round":"","pick":"","team":"","orig. team":"","year":"","loc":""},"ratings":[{"hgt":43,"stre":37,"spd":60,"jmp":54,"endu":52,"ins":45,"dnk":65,"ft":45,"fg":66,"tp":45,"blk":45,"stl":44,"drb":54,"pss":55,"reb":45,"pot":54}],"skills":[]},{"tid":-2,"name":"Hanno Mottola","pos":"FC","hgt":83,"weight":247,"imgURL":"http://a.espncdn.com/i/headshots/nba/players/65/578.jpg","born":{"year":1976,"loc":"Helsinki, Finland"},"contract":{"amount":"","exp":""},"draft":{"round":"","pick":"","team":"","orig. team":"","year":"","loc":""},"ratings":[{"hgt":85,"stre":65,"spd":45,"jmp":54,"endu":42,"ins":45,"dnk":65,"ft":76,"fg":45,"tp":47,"blk":56,"stl":76,"drb":46,"pss":45,"reb":65,"pot":55}],"skills":[]},{"tid":-2,"name":"Chris Carrawell","pos":"GF","hgt":78,"weight":215,"imgURL":"http://www.ibiblio.org/craig/draft/2000_draft/Players/images/carrawell.jpg","born":{"year":1977,"loc":"St. Louis, MS"},"contract":{"amount":"","exp":""},"draft":{"round":"","pick":"","team":"","orig. team":"","year":"","loc":""},"ratings":[{"hgt":50,"stre":42,"spd":55,"jmp":58,"endu":42,"ins":67,"dnk":62,"ft":52,"fg":43,"tp":12,"blk":34,"stl":60,"drb":22,"pss":25,"reb":64,"pot":48}],"skills":[]},{"tid":-2,"name":"Olumide Oyedeji","pos":"C","hgt":82,"weight":240,"imgURL":"http://a.espncdn.com/i/headshots/nba/players/65/627.jpg","born":{"year":1981,"loc":"Ibadan, Nigeria"},"contract":{"amount":"","exp":""},"draft":{"round":"","pick":"","team":"","orig. team":"","year":"","loc":""},"ratings":[{"hgt":79,"stre":77,"spd":34,"jmp":56,"endu":45,"ins":66,"dnk":45,"ft":55,"fg":45,"tp":0,"blk":54,"stl":65,"drb":45,"pss":65,"reb":77,"pot":54}],"skills":[]},{"tid":-2,"name":"Michael Redd","pos":"GF","hgt":78,"weight":220,"imgURL":"http://a.espncdn.com/combiner/i?img=/i/headshots/nba/players/full/692.png&w=350&h=254","born":{"year":1979,"loc":"Columbus, OH"},"contract":{"amount":"","exp":""},"draft":{"round":"","pick":"","team":"","orig. team":"","year":"","loc":""},"ratings":[{"hgt":49,"stre":35,"spd":65,"jmp":45,"endu":45,"ins":34,"dnk":76,"ft":45,"fg":66,"tp":83,"blk":45,"stl":76,"drb":45,"pss":67,"reb":56,"pot":64}],"skills":[]},{"tid":-2,"name":"Brian Cardinal","pos":"PF","hgt":80,"weight":245,"imgURL":"http://a.espncdn.com/combiner/i?img=/i/headshots/nba/players/full/130.png&w=350&h=254","born":{"year":1977,"loc":"Tolono, IL"},"contract":{"amount":"","exp":""},"draft":{"round":"","pick":"","team":"","orig. team":"","year":"","loc":""},"ratings":[{"hgt":65,"stre":53,"spd":54,"jmp":65,"endu":45,"ins":65,"dnk":56,"ft":45,"fg":65,"tp":44,"blk":65,"stl":76,"drb":56,"pss":54,"reb":65,"pot":55}],"skills":[]},{"tid":-2,"name":"Jabari Smith","pos":"FC","hgt":83,"weight":250,"imgURL":"http://a.espncdn.com/i/headshots/nba/players/65/793.jpg","born":{"year":1977,"loc":"Atlanta, GA"},"contract":{"amount":"","exp":""},"draft":{"round":"","pick":"","team":"","orig. team":"","year":"","loc":""},"ratings":[{"hgt":86,"stre":86,"spd":36,"jmp":36,"endu":40,"ins":56,"dnk":56,"ft":56,"fg":35,"tp":0,"blk":76,"stl":45,"drb":25,"pss":46,"reb":76,"pot":54}],"skills":[]},{"tid":-2,"name":"DeeAndre Hulett","pos":"F","hgt":80,"weight":215,"imgURL":"http://www.tuscolatoday.com/wp-content/uploads/2010/12/HULETT.jpg","born":{"year":1980,"loc":"Saginaw, MI"},"contract":{"amount":"","exp":""},"draft":{"round":"","pick":"","team":"","orig. team":"","year":"","loc":""},"ratings":[{"hgt":64,"stre":43,"spd":31,"jmp":55,"endu":41,"ins":64,"dnk":43,"ft":50,"fg":43,"tp":12,"blk":75,"stl":34,"drb":22,"pss":25,"reb":64,"pot":45}],"skills":[]},{"tid":-2,"name":"Josip Sesar","pos":"GF","hgt":78,"weight":202,"imgURL":"http://basketball.realgm.com/images/nba/4.2/profiles/photos/2006/Sesar_Josip_bos.jpg","born":{"year":1978,"loc":"Mostar, Bosnia"},"contract":{"amount":"","exp":""},"draft":{"round":"","pick":"","team":"","orig. team":"","year":"","loc":""},"ratings":[{"hgt":50,"stre":50,"spd":64,"jmp":43,"endu":50,"ins":45,"dnk":42,"ft":45,"fg":66,"tp":45,"blk":65,"stl":44,"drb":54,"pss":65,"reb":45,"pot":52}],"skills":[]},{"tid":-2,"name":"Mark Karcher","pos":"SF","hgt":77,"weight":215,"imgURL":"http://www.thedraftreview.com/history/drafted2000/images/mark-karcher.jpg","born":{"year":1978,"loc":"USA"},"contract":{"amount":"","exp":""},"draft":{"round":"","pick":"","team":"","orig. team":"","year":"","loc":""},"ratings":[{"hgt":43,"stre":51,"spd":20,"jmp":42,"endu":50,"ins":64,"dnk":43,"ft":50,"fg":43,"tp":12,"blk":75,"stl":34,"drb":22,"pss":25,"reb":64,"pot":44}],"skills":[]},{"tid":-2,"name":"Jason Hart","pos":"PG","hgt":75,"weight":185,"imgURL":"http://a.espncdn.com/combiner/i?img=/i/headshots/nba/players/full/312.png&w=65&h=90&scale=crop&background=0xcccccc&transparent=false","born":{"year":1978,"loc":"USA"},"contract":{"amount":"","exp":""},"draft":{"round":"","pick":"","team":"","orig. team":"","year":"","loc":""},"ratings":[{"hgt":29,"stre":34,"spd":65,"jmp":44,"endu":54,"ins":56,"dnk":57,"ft":56,"fg":76,"tp":56,"blk":36,"stl":56,"drb":76,"pss":62,"reb":43,"pot":53}],"skills":[]},{"tid":-2,"name":"Kaniel Dickens","pos":"PF","hgt":80,"weight":215,"imgURL":"http://a.espncdn.com/i/headshots/nba/players/65/202.jpg","born":{"year":1978,"loc":"USA"},"contract":{"amount":"","exp":""},"draft":{"round":"","pick":"","team":"","orig. team":"","year":"","loc":""},"ratings":[{"hgt":65,"stre":45,"spd":65,"jmp":45,"endu":65,"ins":45,"dnk":54,"ft":65,"fg":55,"tp":65,"blk":45,"stl":65,"drb":45,"pss":65,"reb":43,"pot":52}],"skills":[]},{"tid":-2,"name":"Igor Rakocevic","pos":"PG","hgt":75,"weight":183,"imgURL":"http://www.rako8.com/images/anational07.jpg","born":{"year":1978,"loc":"Belgrade, Serbia"},"contract":{"amount":"","exp":""},"draft":{"round":"","pick":"","team":"","orig. team":"","year":"","loc":""},"ratings":[{"hgt":29,"stre":25,"spd":65,"jmp":54,"endu":48,"ins":65,"dnk":45,"ft":54,"fg":65,"tp":66,"blk":45,"stl":65,"drb":72,"pss":76,"reb":54,"pot":56}],"skills":[]},{"tid":-2,"name":"Ernest Brown","pos":"C","hgt":84,"weight":244,"imgURL":"http://a.espncdn.com/i/headshots/nba/players/65/105.jpg","born":{"year":1979,"loc":"USA"},"contract":{"amount":"","exp":""},"draft":{"round":"","pick":"","team":"","orig. team":"","year":"","loc":""},"ratings":[{"hgt":90,"stre":65,"spd":35,"jmp":42,"endu":45,"ins":54,"dnk":65,"ft":65,"fg":45,"tp":0,"blk":56,"stl":55,"drb":33,"pss":65,"reb":72,"pot":50}],"skills":[]},{"tid":-2,"name":"Dan McClintock","pos":"C","hgt":84,"weight":270,"imgURL":"http://espn.go.com/i/nba/draft00/headshots/d_mcclintock.jpg","born":{"year":1977,"loc":"USA"},"contract":{"amount":"","exp":""},"draft":{"round":"","pick":"","team":"","orig. team":"","year":"","loc":""},"ratings":[{"hgt":90,"stre":72,"spd":46,"jmp":35,"endu":46,"ins":56,"dnk":58,"ft":56,"fg":41,"tp":0,"blk":56,"stl":45,"drb":25,"pss":43,"reb":70,"pot":48}],"skills":[]},{"tid":-2,"name":"Cory Hightower","pos":"GF","hgt":80,"weight":270,"imgURL":"https://eric32woodyard.files.wordpress.com/2010/02/coryhightowermug11.jpg","born":{"year":1979,"loc":"ISA"},"contract":{"amount":"","exp":""},"draft":{"round":"","pick":"","team":"","orig. team":"","year":"","loc":""},"ratings":[{"hgt":65,"stre":64,"spd":50,"jmp":43,"endu":50,"ins":45,"dnk":42,"ft":45,"fg":66,"tp":45,"blk":65,"stl":44,"drb":54,"pss":65,"reb":45,"pot":49}],"skills":[]},{"tid":-2,"name":"Chris Porter","pos":"SF","hgt":79,"weight":218,"imgURL":"http://basketball.realgm.com/images/nba/4.2/profiles/photos/2006/Porter_Chris_nba.jpg","born":{"year":1978,"loc":"USA"},"contract":{"amount":"","exp":""},"draft":{"round":"","pick":"","team":"","orig. team":"","year":"","loc":""},"ratings":[{"hgt":54,"stre":44,"spd":54,"jmp":33,"endu":43,"ins":54,"dnk":55,"ft":45,"fg":45,"tp":54,"blk":55,"stl":45,"drb":44,"pss":54,"reb":44,"pot":52}],"skills":[]},{"tid":-2,"name":"Jaquay Walls","pos":"G","hgt":75,"weight":170,"imgURL":"http://www.thedraftreview.com/history/drafted2000/images/jaquay-walls.jpg","born":{"year":1978,"loc":"USA"},"contract":{"amount":"","exp":""},"draft":{"round":"","pick":"","team":"","orig. team":"","year":"","loc":""},"ratings":[{"hgt":34,"stre":41,"spd":54,"jmp":33,"endu":50,"ins":45,"dnk":42,"ft":45,"fg":66,"tp":45,"blk":44,"stl":55,"drb":54,"pss":65,"reb":45,"pot":46}],"skills":[]},{"tid":-2,"name":"Scoonie Penn","pos":"G","hgt":71,"weight":180,"imgURL":"http://www.thedraftreview.com/history/drafted2000/images/james-penn.jpg","born":{"year":1977,"loc":"USA"},"contract":{"amount":"","exp":""},"draft":{"round":"","pick":"","team":"","orig. team":"","year":"","loc":""},"ratings":[{"hgt":3,"stre":25,"spd":77,"jmp":61,"endu":52,"ins":43,"dnk":41,"ft":40,"fg":54,"tp":50,"blk":40,"stl":41,"drb":63,"pss":62,"reb":40,"pot":47}],"skills":[]},{"tid":-2,"name":"Pete Mickeal","pos":"SF","hgt":79,"weight":225,"imgURL":"http://basketball.realgm.com/images/nba/4.2/profiles/photos/2006/Mickeal_Pete_euro.jpg","born":{"year":1978,"loc":"Rock Island, IL"},"contract":{"amount":"","exp":""},"draft":{"round":"","pick":"","team":"","orig. team":"","year":"","loc":""},"ratings":[{"hgt":67,"stre":51,"spd":42,"jmp":58,"endu":42,"ins":67,"dnk":62,"ft":52,"fg":43,"tp":12,"blk":75,"stl":34,"drb":22,"pss":25,"reb":64,"pot":50}],"skills":[]},{"tid":-2,"name":"Malik Allen","pos":"F","hgt":82,"weight":255,"imgURL":"http://basketball.realgm.com/images/nba/4.2/profiles/photos/2006/ALLEN_MALIK_orl_12.jpg","born":{"year":1978,"loc":"Willingboro, NJ"},"contract":{"amount":"","exp":""},"draft":{"round":"","pick":"","team":"","orig. team":"","year":"","loc":""},"ratings":[{"hgt":78,"stre":71,"spd":42,"jmp":58,"endu":42,"ins":67,"dnk":62,"ft":52,"fg":33,"tp":12,"blk":75,"stl":34,"drb":22,"pss":25,"reb":64,"pot":52}],"skills":[]},{"tid":-2,"name":"Eddie Gill","pos":"PG","hgt":72,"weight":190,"imgURL":"http://basketball.realgm.com/images/nba/4.2/profiles/photos/2006/Gill_Eddie_njn.jpg","born":{"year":1978,"loc":"Aurora, CO"},"contract":{"amount":"","exp":""},"draft":{"round":"","pick":"","team":"","orig. team":"","year":"","loc":""},"ratings":[{"hgt":7,"stre":25,"spd":76,"jmp":34,"endu":54,"ins":55,"dnk":65,"ft":34,"fg":54,"tp":56,"blk":45,"stl":65,"drb":65,"pss":67,"reb":45,"pot":54}],"skills":[]},{"tid":-2,"name":"Ime Udoka","pos":"GF","hgt":77,"weight":220,"imgURL":"http://basketball.realgm.com/images/nba/4.2/profiles/photos/2006/Udoka_Ime_por.jpg","born":{"year":1977,"loc":"USA"},"contract":{"amount":"","exp":""},"draft":{"round":"","pick":"","team":"","orig. team":"","year":"","loc":""},"ratings":[{"hgt":44,"stre":57,"spd":59,"jmp":47,"endu":51,"ins":34,"dnk":55,"ft":45,"fg":45,"tp":54,"blk":55,"stl":45,"drb":44,"pss":54,"reb":44,"pot":55}],"skills":[]},{"tid":-2,"name":"Richie Frahm","pos":"G","hgt":77,"weight":210,"imgURL":"http://basketball.realgm.com/images/nba/4.2/profiles/photos/2006/Frahm_Richie_lac.jpg","born":{"year":1977,"loc":"USA"},"contract":{"amount":"","exp":""},"draft":{"round":"","pick":"","team":"","orig. team":"","year":"","loc":""},"ratings":[{"hgt":42,"stre":25,"spd":53,"jmp":54,"endu":45,"ins":24,"dnk":50,"ft":76,"fg":65,"tp":76,"blk":56,"stl":76,"drb":45,"pss":76,"reb":45,"pot":50}],"skills":[]},{"tid":-2,"name":"Pepe Sanchez","pos":"G","hgt":76,"weight":203,"imgURL":"http://basketball.realgm.com/images/nba/4.2/profiles/photos/2006/Sanchez_Pepe_nba.jpg","born":{"year":1977,"loc":"Bahia Blanca, Argentina"},"contract":{"amount":"","exp":""},"draft":{"round":"","pick":"","team":"","orig. team":"","year":"","loc":""},"ratings":[{"hgt":36,"stre":34,"spd":65,"jmp":43,"endu":50,"ins":45,"dnk":42,"ft":45,"fg":66,"tp":45,"blk":65,"stl":44,"drb":54,"pss":65,"reb":45,"pot":53}],"skills":[]},{"tid":-2,"name":"Nick Sheppard","pos":"C","hgt":83,"weight":270,"imgURL":"http://a.espncdn.com/i/headshots/nba/players/65/774.jpg","born":{"year":1976,"loc":"Lake Charles, LA"},"contract":{"amount":"","exp":""},"draft":{"round":"","pick":"","team":"","orig. team":"","year":"","loc":""},"ratings":[{"hgt":85,"stre":56,"spd":45,"jmp":34,"endu":54,"ins":65,"dnk":45,"ft":65,"fg":55,"tp":0,"blk":56,"stl":77,"drb":36,"pss":45,"reb":65,"pot":49}],"skills":[]},{"tid":-2,"name":"Jameel Watkins","pos":"FC","hgt":83,"weight":255,"imgURL":"http://www.nba.com/media/playerfile/jameel_watkins.jpg","born":{"year":1977,"loc":"Brooklyn, NY"},"contract":{"amount":"","exp":""},"draft":{"round":"","pick":"","team":"","orig. team":"","year":"","loc":""},"ratings":[{"hgt":86,"stre":67,"spd":31,"jmp":55,"endu":41,"ins":64,"dnk":43,"ft":50,"fg":43,"tp":12,"blk":75,"stl":34,"drb":22,"pss":25,"reb":64,"pot":45}],"skills":[]},{"tid":-2,"name":"Jimmie Hunter","pos":"SG","hgt":76,"weight":180,"imgURL":"http://www.nba.com/media/playerfile/jimmie_hunter.jpg","born":{"year":1977,"loc":"Memphis, TN"},"contract":{"amount":"","exp":""},"draft":{"round":"","pick":"","team":"","orig. team":"","year":"","loc":""},"ratings":[{"hgt":36,"stre":36,"spd":61,"jmp":44,"endu":34,"ins":35,"dnk":65,"ft":54,"fg":44,"tp":46,"blk":25,"stl":65,"drb":55,"pss":47,"reb":25,"pot":48}],"skills":[]},{"tid":-2,"name":"Paul McPherson","pos":"G","hgt":76,"weight":210,"imgURL":"http://basketball.realgm.com/images/nba/4.2/profiles/photos/2006/McPherson_Paul_euro.jpg","born":{"year":1978,"loc":"Chicago, IL"},"contract":{"amount":"","exp":""},"draft":{"round":"","pick":"","team":"","orig. team":"","year":"","loc":""},"ratings":[{"hgt":35,"stre":50,"spd":64,"jmp":43,"endu":50,"ins":45,"dnk":42,"ft":45,"fg":66,"tp":45,"blk":65,"stl":44,"drb":54,"pss":65,"reb":45,"pot":52}],"skills":[]},{"tid":-2,"name":"Gabe Muoneke","pos":"F","hgt":79,"weight":250,"imgURL":"http://basketball.realgm.com/images/nba/4.2/profiles/photos/2006/Muoneke_Gabe_cha.jpg","born":{"year":1978,"loc":"Ann Arbor, MI"},"contract":{"amount":"","exp":""},"draft":{"round":"","pick":"","team":"","orig. team":"","year":"","loc":""},"ratings":[{"hgt":67,"stre":51,"spd":42,"jmp":58,"endu":42,"ins":67,"dnk":62,"ft":52,"fg":43,"tp":12,"blk":75,"stl":34,"drb":22,"pss":25,"reb":64,"pot":48}],"skills":[]},{"tid":-2,"name":"Mike Penberthy","pos":"SG","hgt":75,"weight":185,"imgURL":"http://basketball.realgm.com/images/nba/4.2/profiles/photos/2006/Penberthy_Mike_nba.jpg","born":{"year":1974,"loc":"Los Gatos, CA"},"contract":{"amount":"","exp":""},"draft":{"round":"","pick":"","team":"","orig. team":"","year":"","loc":""},"ratings":[{"hgt":28,"stre":25,"spd":53,"jmp":54,"endu":66,"ins":45,"dnk":34,"ft":54,"fg":66,"tp":45,"blk":65,"stl":56,"drb":76,"pss":45,"reb":25,"pot":49}],"skills":[]},{"tid":-2,"name":"Mike Batiste","pos":"F","hgt":80,"weight":225,"imgURL":"http://basketball.realgm.com/images/nba/4.2/profiles/photos/2006/Batiste_Mike_euro.jpg","born":{"year":1977,"loc":"Long Beach, CA"},"contract":{"amount":"","exp":""},"draft":{"round":"","pick":"","team":"","orig. team":"","year":"","loc":""},"ratings":[{"hgt":65,"stre":45,"spd":43,"jmp":45,"endu":65,"ins":45,"dnk":34,"ft":54,"fg":65,"tp":55,"blk":65,"stl":45,"drb":65,"pss":44,"reb":65,"pot":52}],"skills":[]}]}