{"startingSeason":2014,
"players":[
{"tid":-2,
"ratings":[
{
"hgt":66,
"stre":52,
"spd":81,
"jmp":90,
"endu":72,
"ins":72,
"dnk":75,
"ft":68,
"fg":79,
"tp":70,
"blk":40,
"stl":42,
"drb":48,
"pss":36,
"reb":48,
"pot":85,
"skills":["A"]
}
],
"pos":"SF",
"hgt":80,"weight":197,
"born":{"year":1995,"loc":"Toronto, CA"},
"name":"Andrew Wiggins",
"imgURL":"http://stats.nba.com/media/players/230x185/203952.png",
"contract":{
"amount":"",
"exp":2018	
},
"draft":{"round":0,"pick":0,"tid":-1,"originalTid":-1,"year":2014,"loc":""},
"injury":{"type":"Healthy","gamesRemaining":0}
},
{
"tid":-2,
"ratings":[
{
"hgt":70,
"stre":44,
"spd":72,
"jmp":76,
"endu":57,
"ins":55,
"dnk":70,
"ft":70,
"fg":70,
"tp":62,
"blk":30,
"stl":32,
"drb":40,
"pss":34,
"reb":56,
"pot":86,
"skills":[]
}
],
"pos":"SF",
"hgt":80,"weight":241,
"born":{
"year":1995,"loc":"Chicago, IL"},
"name":"Jabari Parker",
"imgURL":"http://stats.nba.com/media/players/230x185/203953.png",
"contract":{
"amount":4930,"exp":2018},
"draft":{
"round":0,"pick":0,"tid":-1,"originalTid":-1,"year":2014,"loc":""
}
},
{
"tid":-2,
"ratings":[
{
"hgt":88,
"stre":58,
"spd":53,
"jmp":57,
"endu":55,
"ins":60,
"dnk":78,
"ft":59,
"fg":69,
"tp":12,
"blk":79,
"stl":23,
"drb":20,
"pss":28,
"reb":80,
"pot":82,
"skills":["R"]
}
],
"pos":"C",
"hgt":84,"weight":250,
"born":{
"year":1994,"loc":"Yaounde, Cameroon"},
"name":"Joel Embiid",
"imgURL":"http://stats.nba.com/media/players/230x185/203954.png",
"contract":{
"amount":3600,
"exp":2017	
},
"draft":{
"round":0,"pick":0,"tid":-1,"originalTid":-1,"year":2014,"loc":""
},
"injury":{
"type":"Foot stress fracture","gamesRemaining":200	
}
},
{
"tid":-2,
"ratings":[
{
"hgt":71,
"stre":62,
"spd":64,
"jmp":82,
"endu":42,
"ins":45,
"dnk":74,
"ft":40,
"fg":45,
"tp":30,
"blk":52,
"stl":49,
"drb":38,
"pss":39,
"reb":70,
"pot":72,
"skills":[]
}
],
"pos":"PF",
"hgt":81,"weight":212,
"born":{
"year":1995,"loc":"San Jose, CA"
},
"name":"Aaron Gordon",
"imgURL":"http://stats.nba.com/media/players/230x185/203932.png",
"contract":{
"amount":3992,
"exp":2018	
},
"draft":{
"round":0,"pick":0,"tid":-1,"originalTid":-1,"year":2014,"loc":""
},
"injury":{
"type":"Healthy",
"gamesRemaining":0
}
},
{
"tid":-2,
"ratings":[
{
"hgt":55,
"stre":28,
"spd":83,
"jmp":65,
"endu":45,
"ins":43,
"dnk":70,
"ft":70,
"fg":48,
"tp":58,
"blk":30,
"stl":40,
"drb":51,
"pss":44,
"reb":28,
"pot":73,
"skills":["A"]
}
],
"pos":"PG",
"hgt":78,
"weight":188,
"born":{
"year":1995,"loc":"Melbourne, Australia"
},
"name":"Dante Exum",
"imgURL":"http://stats.nba.com/media/players/230x185/203957.png",
"contract":{
"amount":3615,"exp":2018	
},
"draft":{
"round":0,"pick":0,"tid":-1,"originalTid":-1,"year":2014,"loc":""
},
"injury":{
"type":"Healthy",
"gamesRemaining":0	
}
},
{
"tid":-2,
"ratings":[
{
"hgt":50,
"stre":58,
"spd":70,
"jmp":55,
"endu":63,
"ins":52,
"dnk":67,
"ft":65,
"fg":53,
"tp":72,
"blk":25,
"stl":72,
"drb":59,
"pss":56,
"reb":56,
"pot":69,
"skills":[]
}
],
"pos":"PG",
"hgt":76,
"weight":200,
"born":{
"year":1994,"loc":"Flower Mound, TX"
},
"name":"Marcus Smart",
"imgURL":"http://stats.nba.com/media/players/230x185/203935.png",
"contract":{
"amount":3283.320,
"exp":2018	
},
"draft":{
"round":0,"pick":0,"tid":-1,"originalTid":-1,"year":2014,"loc":""
},
"injury":{
"type":"Healthy",
"gamesRemaining":0	
}
},
{
"tid":-2,
"ratings":[
{
"hgt":72,
"stre":70,
"spd":64,
"jmp":75,
"endu":60,
"ins":54,
"dnk":78,
"ft":61,
"fg":55,
"tp":38,
"blk":50,
"stl":20,
"drb":32,
"pss":18,
"reb":80,
"pot":68,
"skills":[]
}
],
"pos":"PF",
"hgt":81,"weight":248,
"born":{"year":1995,"loc":"Dallas, TX"},
"name":"Julius Randle",
"imgURL":"http://stats.nba.com/media/players/230x185/203944.png",
"contract":{"amount":2997,"exp":2018},
"draft":{"round":0,"pick":0,"tid":-1,"originalTid":-1,"year":2014,"loc":""},
"injury":{"type":"Healthy","gamesRemaining":0}
},
{
"tid":-2,
"ratings":[
{
"hgt":40,
"stre":37,
"spd":65,
"jmp":52,
"endu":65,
"ins":46,
"dnk":55,
"ft":82,
"fg":65,
"tp":66,
"blk":16,
"stl":35,
"drb":68,
"pss":52,
"reb":22,
"pot":58,
"skills":[]
}
],
"pos":"SG",
"hgt":78,
"weight":205,
"born":{"year":1993,"loc":"Mississauga, Canada"
},
"name":"Nik Stauskas",
"imgURL":"http://stats.nba.com/media/players/230x185/203917.png",
"contract":{
"amount":2745,
"exp":2018	
},
"draft":{
"round":0,"pick":0,"tid":-1,"originalTid":-1,"year":2014,"loc":""},
"injury":{
"type":"Healthy",
"gamesRemaining":0	
}
},
{
"tid":-2,
"ratings":[
{
"hgt":82,
"stre":58,
"spd":47,
"jmp":50,
"endu":50,
"ins":56,
"dnk":65,
"ft":65,
"fg":50,
"tp":46,
"blk":63,
"stl":42,
"drb":36,
"pss":24,
"reb":74,
"pot":58,
"skills":[]
}
],
"pos":"C",
"hgt":82,
"weight":242,
"born":{
"year":1995,"loc":"Haverhill, MA"
},
"name":"Noah Vonleh",
"imgURL":"http://stats.nba.com/media/players/230x185/203943.png",
"contract":{
"amount":2524,
"exp":2018	
},
"draft":{
"round":0,"pick":0,"tid":-1,"originalTid":-1,"year":2014,"loc":""},
"injury":{
"type":"Healthy",
"gamesRemaining":0	
}
},
{
"tid":-2,
"ratings":[
{
"hgt":42,
"stre":30,
"spd":79,
"jmp":56,
"endu":62,
"ins":39,
"dnk":70,
"ft":60,
"fg":46,
"tp":40,
"blk":16,
"stl":61,
"drb":70,
"pss":65,
"reb":36,
"pot":66,
"skills":[]
}
],
"pos":"PG",
"hgt":75,
"weight":165,
"born":{
"year":1994,"loc":"Gretna, LA"
},
"name":"Elfrid Payton",
"imgURL":"http://stats.nba.com/media/players/230x185/203901.png",
"contract":{
"amount":2397,
"exp":2018	
},
"draft":{
"round":0,"pick":0,"tid":-1,"originalTid":-1,"year":2014,"loc":""},
"injury":{
"type":"Healthy",
"gamesRemaining":0	
}
},
{
"tid":-2,
"ratings":[
{
"hgt":50,
"stre":40,
"spd":48,
"jmp":49,
"endu":65,
"ins":63,
"dnk":38,
"ft":82,
"fg":73,
"tp":85,
"blk":10,
"stl":15,
"drb":37,
"pss":41,
"reb":55,
"pot":58,
"skills":[
"3"
]
}
],
"pos":"SF",
"hgt":80,
"weight":223,
"born":{
"year":1992,"loc":"Grand Forks, ND"	
},
"name":"Doug McDermott",
"imgURL":"http://stats.nba.com/media/players/230x185/203926.png",
"contract":{
"amount":2277,
"exp":2018	
},
"draft":{
"round":0,"pick":0,"tid":-1,"originalTid":-1,"year":2014,"loc":""},
"injury":{
"type":"Healthy",
"gamesRemaining":0	
}
},
{
"tid":-2,
"ratings":[
{
"hgt":58,
"stre":28,
"spd":48,
"jmp":57,
"endu":62,
"ins":50,
"dnk":60,
"ft":61,
"fg":68,
"tp":58,
"blk":42,
"stl":40,
"drb":31,
"pss":40,
"reb":74,
"pot":69,
"skills":[]
}
],
"pos":"PF",
"hgt":82,
"weight":223,
"born":{
"year":1994,"loc":"Sibenik, Croatia"
},
"name":"Dario Saric",
"imgURL":"http://stats.nba.com/media/players/230x185/203967.png",
"contract":{
"amount":2100,
"exp":2017	
},
"draft":{
"round":0,
"pick":0,"tid":-1,
"originalTid":-1,
"year":2014,
"loc":""
},
"injury":{
"type":"Europe",
"gamesRemaining":200	
}
},
{
"tid":-2,
"ratings":[
{
"hgt":42,
"stre":20,
"spd":73,
"jmp":89,
"endu":55,
"ins":26,
"dnk":86,
"ft":83,
"fg":50,
"tp":64,
"blk":10,
"stl":20,
"drb":33,
"pss":45,
"reb":20,
"pot":61,
"skills":["A"]
}
],
"pos":"SG",
"hgt":77,
"weight":180,
"born":{"year":1995,"loc":"Renton, WA"
},
"name":"Zach Lavine",
"imgURL":"http://stats.nba.com/media/players/230x185/203897.png",
"contract":{
"amount":2055,
"exp":2018	
},
"draft":{"round":0,"pick":0,"tid":-1,"originalTid":-1,"year":2014,"loc":""},
"injury":{
"type":"Healthy",
"gamesRemaining":0	
}
},
{
"tid":-2,
"ratings":[
{
"hgt":53,
"stre":46,
"spd":63,
"jmp":58,
"endu":63,
"ins":54,
"dnk":83,
"ft":60,
"fg":73,
"tp":40,
"blk":24,
"stl":57,
"drb":49,
"pss":14,
"reb":47,
"pot":60,
"skills":[]
}
],
"pos":"SF",
"hgt":80,"weight":230,
"born":{"year":1993,"loc":"Durham, NC"},
"name":"T.J. Warren",
"imgURL":"http://stats.nba.com/media/players/230x185/203933.png",
"contract":{
"amount":1953,"exp":2018	
},
"draft":{
"round":0,
"pick":0,
"tid":-1,
"originalTid":-1,
"year":2014,
"loc":""
},
"injury":{
"type":"Healthy",
"gamesRemaining":0	
}
},
{
"tid":-2,
"ratings":[
{
"hgt":79,
"stre":57,
"spd":55,
"jmp":48,
"endu":41,
"ins":52,
"dnk":50,
"ft":65,
"fg":52,
"tp":38,
"blk":45,
"stl":25,
"drb":30,
"pss":15,
"reb":61,
"pot":55,
"skills":[]
}
],
"pos":"PF",
"hgt":81,"weight":215,
"born":{"year":1991,"loc":"Dayton, OH"
},
"name":"Adreian Payne",
"imgURL":"http://stats.nba.com/media/players/230x185/203940.png",
"contract":{
"amount":1450,
"exp":2017	
},
"draft":{
"round":0,
"pick":0,"tid":-1,
"originalTid":-1,
"year":2014,
"loc":""
},
"injury":{"type":"Healthy","gamesRemaining":0}
},
{
"tid":-2,
"ratings":[
{
"hgt":79,
"stre":75,
"spd":43,
"jmp":35,
"endu":55,
"ins":75,
"dnk":65,
"ft":72,
"fg":65,
"tp":0,
"blk":76,
"stl":66,
"drb":32,
"pss":29,
"reb":83,
"pot":62,
"skills":["R"]
}
],
"pos":"C",
"hgt":83,"weight":280,
"born":{"year":1994,"loc":"Tuzla, Republic of Bosnia and Herzegovina"	
},
"name":"Jusuf Nurkic",
"imgURL":"http://a.espncdn.com/combiner/i?img=/i/headshots/nba/players/full/3102530.png&w=350&h=254",
"contract":{
"amount":1762,
"exp":2017	
},
"draft":{
"round":0,
"pick":0,"tid":-1,
"originalTid":-1,
"year":2014,
"loc":""
},
"injury":{
"type":"Healthy",
"gamesRemaining":0	
}
},
{
"tid":-2,
"ratings":[
{
"hgt":65,
"stre":45,
"spd":65,
"jmp":65,
"endu":58,
"ins":32,
"dnk":56,
"ft":67,
"fg":55,
"tp":63,
"blk":20,
"stl":36,
"drb":38,
"pss":24,
"reb":31,
"pot":56,
"skills":[]
}
],
"pos":"SG",
"hgt":79,"weight":215,
"born":{"year":1995,"loc":"Flint, MI"},
"name":"James Young",
"imgURL":"http://stats.nba.com/media/players/230x185/203923.png",
"contract":{
"amount":1740,
"exp":2017	
},
"draft":{
"round":0,
"pick":0,"tid":-1,
"originalTid":-1,
"year":2014,
"loc":""
},
"injury":{
"type":"Healthy",
"gamesRemaining":0	
}
},
{
"tid":-2,
"ratings":[
{
"hgt":21,
"stre":28,
"spd":73,
"jmp":42,
"endu":60,
"ins":40,
"dnk":30,
"ft":70,
"fg":60,
"tp":59,
"blk":15,
"stl":63,
"drb":70,
"pss":80,
"reb":25,
"pot":61,
"skills":[
"Ps"
]
}
],
"pos":"PG",
"hgt":74,"weight":180,
"born":{"year":1994,"loc":"Brampton, Canada"},
"name":"Tyler Ennis",
"imgURL":"http://stats.nba.com/media/players/230x185/203898.png",
"contract":{"amount":"","exp":""},
"draft":{"round":0,"pick":0,"tid":-1,"originalTid":-1,"year":2014,"loc":""}
},
{
"tid":-2,
"ratings":[
{
"hgt":39,
"stre":39,
"spd":74,
"jmp":53,
"endu":63,
"ins":46,
"dnk":50,
"ft":72,
"fg":65,
"tp":69,
"blk":24,
"stl":83,
"drb":63,
"pss":46,
"reb":40,
"pot":57,
"skills":[]
}
],
"pos":"SG",
"hgt":77,"weight":210,
"born":{"year":1994,"loc":"Fishers, IN"},
"name":"Gary Harris",
"imgURL":"http://stats.nba.com/media/players/230x185/203914.png",
"contract":{
"amount":1519,
"exp":2018	
},
"draft":{
"round":0,
"pick":0,"tid":-1,
"originalTid":-1,
"year":2014,
"loc":""
}
},
{
"tid":-2,
"ratings":[
{
"hgt":59,
"stre":32,
"spd":65,
"jmp":42,
"endu":50,
"ins":28,
"dnk":32,
"ft":58,
"fg":52,
"tp":51,
"blk":30,
"stl":38,
"drb":33,
"pss":31,
"reb":34,
"pot":64,
"skills":[]
}
],
"pos":"F",
"hgt":81,"weight":205,
"born":{
"year":1995,"loc":"Osasco, Brazil"
},
"name":"Bruno Caboclo",
"imgURL":"http://stats.nba.com/media/players/230x185/203998.png",
"contract":{
"amount":1215,
"exp":2018	
},
"draft":{
"round":0,
"pick":0,"tid":-1,
"originalTid":-1,
"year":2014,
"loc":""
},
"injury":{
"type":"Healthy",
"gamesRemaining":0	
}
},	
{
"tid":-2,
"ratings":[
{
"hgt":72,
"stre":78,
"spd":49,
"jmp":50,
"endu":58,
"ins":57,
"dnk":57,
"ft":58,
"fg":57,
"tp":4,
"blk":56,
"stl":19,
"drb":35,
"pss":35,
"reb":76,
"pot":57,
"skills":[]
}
],
"pos":"PF",
"hgt":82,
"weight":255,
"born":{
"year":1992,"loc":"Chesterton, IN"
},
"name":"Mitch McGary",
"imgURL":"http://stats.nba.com/media/players/230x185/203956.png",
"contract":{
"amount":1400,
"exp":2018	
},
"draft":{
"round":0,"pick":0,"tid":-1,
"originalTid":-1,
"year":2015,
"loc":""
},
"injury":{
"type":"Healthy",
"gamesRemaining":0	
}
},
{
"tid":-2,
"ratings":[
{
"hgt":42,
"stre":45,
"spd":60,
"jmp":48,
"endu":60,
"ins":40,
"dnk":60,
"ft":68,
"fg":63,
"tp":65,
"blk":16,
"stl":67,
"drb":56,
"pss":44,
"reb":30,
"pot":56,
"skills":[]
}
],
"pos":"SG",
"hgt":76,
"weight":220,
"born":{
"year":1994,"loc":"Atlanta, GA"
},
"name":"Jordan Adams",
"imgURL":"http://stats.nba.com/media/players/230x185/203919.png",
"contract":{
"amount":1344,
"exp":2018	
},
"draft":{
"round":0,
"pick":0,"tid":-1,
"originalTid":-1,
"year":2014,
"loc":""
},
"injury":{
"type":"Healthy",
"gamesRemaining":0	
}
},
{
"tid":-2,
"ratings":[
{
"hgt":54,
"stre":28,
"spd":60,
"jmp":49,
"endu":58,
"ins":35,
"dnk":40,
"ft":74,
"fg":63,
"tp":67,
"blk":29,
"stl":35,
"drb":45,
"pss":30,
"reb":24,
"pot":55,
"skills":[]
}
],
"pos":"SF",
"hgt":80,
"weight":201,
"born":{
"year":1992,"loc":"Meridian, MS"
},
"name":"Rodney Hood",
"imgURL":"http://content.draftexpress.com/headshots/rodneyhood.jpg",
"contract":{
"amount":1290,
"exp":2018	
},
"draft":{
"round":0,
"pick":0,"tid":-1,
"originalTid":-1,
"year":2014,
"loc":""
},
"injury":{
"type":"Healthy",
"gamesRemaining":0	
}
},
{
"tid":-2,
"ratings":[
{
"hgt":17,
"stre":15,
"spd":70,
"jmp":34,
"endu":65,
"ins":20,
"dnk":40,
"ft":75,
"fg":58,
"tp":67,
"blk":8,
"stl":54,
"drb":66,
"pss":50,
"reb":15,
"pot":55,
"skills":[]
}
],
"pos":"PG",
"hgt":73,"weight":182,
"born":{"year":1991,"loc":"Roxbury, MA"},
"name":"Shabazz Napier",
"imgURL":"http://stats.nba.com/media/players/230x185/203894.png",
"contract":{
"amount":1238,"exp":2018	
},
"draft":{
"round":0,
"pick":0,"tid":-1,
"originalTid":-1,
"year":2014,
"loc":""
},
"injury":{
"type":"Healthy",
"gamesRemaining":0	
}
},
{
"tid":-2,
"ratings":[
{
"hgt":87,
"stre":48,
"spd":55,
"jmp":57,
"endu":53,
"ins":40,
"dnk":66,
"ft":43,
"fg":50,
"tp":3,
"blk":75,
"stl":37,
"drb":14,
"pss":5,
"reb":61,
"pot":62,
"skills":[
"R"
]
}
],
"pos":"PF",
"hgt":83,
"weight":211,
"born":{"year":1994,"loc":"Geneva, Switzerland"},
"name":"Clint Capela",
"imgURL":"http://stats.nba.com/media/players/230x185/203991.png",
"contract":{
"amount":1189,"exp":2018	
},
"draft":{
"round":0,
"pick":0,"tid":-1,
"originalTid":-1,
"year":2014,
"loc":""
},
"injury":{
"type":"Healthy",
"gamesRemaining":0	
}
},
{
"tid":-2,
"ratings":[
{
"hgt":50,
"stre":55,
"spd":62,
"jmp":52,
"endu":58,
"ins":40,
"dnk":55,
"ft":74,
"fg":58,
"tp":65,
"blk":26,
"stl":50,
"drb":40,
"pss":14,
"reb":33,
"pot":53,
"skills":[]
}
],
"pos":"SG",
"hgt":77,
"weight":227,
"born":{
"year":1992,"loc":"Greensboro, NC"
},
"name":"P.J. Hairston",
"imgURL":"http://stats.nba.com/media/players/230x185/203798.png",
"contract":{
"amount":1300,
"exp":2017	
},
"draft":{
"round":0,
"pick":0,"tid":-1,
"originalTid":-1,
"year":2014,
"loc":""
},
"injury":{
"type":"Healthy",
"gamesRemaining":0	
}
},
{
"tid":-2,
"ratings":[
{
"hgt":50,
"stre":16,
"spd":72,
"jmp":39,
"endu":57,
"ins":21,
"dnk":42,
"ft":80,
"fg":65,
"tp":70,
"blk":14,
"stl":29,
"drb":32,
"pss":45,
"reb":10,
"pot":54,
"skills":[]
}
],
"pos":"SG",
"hgt":78,
"weight":205,
"born":{
"year":1992,"loc":"Belgrade, Serbia"
},
"name":"Bogdan Bogdanovic",
"imgURL":"http://stats.nba.com/media/players/230x185/203992.png",
"contract":{
"amount":700,
"exp":2018	
},
"draft":{
"round":0,
"pick":0,"tid":-1,
"originalTid":-1,
"year":2014,
"loc":""
},
"injury":{
"type":"Healthy",
"gamesRemaining":0	
}
},
{
"tid":-2,
"ratings":[
{
"hgt":43,
"stre":32,
"spd":66,
"jmp":39,
"endu":54,
"ins":28,
"dnk":32,
"ft":66,
"fg":64,
"tp":67,
"blk":14,
"stl":34,
"drb":48,
"pss":32,
"reb":22,
"pot":56,
"skills":[]
}
],
"pos":"SG",
"hgt":77,
"weight":195,
"born":{"year":1990,"loc":"Dublin, GA"},
"name":"CJ Wilcox",
"imgURL":"http://stats.nba.com/media/players/230x185/203912.png",
"contract":{
"amount":1109,"exp":2018	
},
"draft":{
"round":0,
"pick":0,"tid":-1,
"originalTid":-1,
"year":2014,
"loc":""
},
"injury":{
"type":"Healthy",
"gamesRemaining":0	
}
},
{
"tid":-2,
"ratings":[
{
"hgt":57,
"stre":32,
"spd":65,
"jmp":42,
"endu":54,
"ins":28,
"dnk":32,
"ft":62,
"fg":62,
"tp":64,
"blk":30,
"stl":38,
"drb":33,
"pss":34,
"reb":34,
"pot":49,
"skills":[]
}
],
"pos":"F",
"hgt":79,
"weight":230,
"born":{"year":1991,"loc":"Webster, TX"
},
"name":"Josh Huestis",
"imgURL":"http://stats.nba.com/media/players/230x185/203962.png",
"contract":{
"amount":700,
"exp":2018	
},
"draft":{
"round":0,
"pick":0,"tid":-1,
"originalTid":-1,
"year":2014,
"loc":""
},
"injury":{
"type":"Healthy",
"gamesRemaining":0	
}
},
{
"tid":-2,
"ratings":[
{
"hgt":64,
"stre":32,
"spd":42,
"jmp":35,
"endu":60,
"ins":53,
"dnk":45,
"ft":69,
"fg":60,
"tp":61,
"blk":24,
"stl":63,
"drb":70,
"pss":75,
"reb":55,
"pot":55,
"skills":[]
}
],
"pos":"GF",
"hgt":80,
"weight":233,
"born":{"year":1993,"loc":"New York City, NY"
},
"name":"Kyle Anderson",
"imgURL":"http://a.espncdn.com/combiner/i?img=/i/headshots/nba/players/full/2993874.png&w=350&h=254",
"contract":{
"amount":1093,
"exp":2018	
},
"draft":{
"round":0,
"pick":0,"tid":-1,
"originalTid":-1,
"year":2014,
"loc":""
},
"injury":{
"type":"Healthy",
"gamesRemaining":0	
}
},
{
"tid":-2,
"ratings":[
{
"hgt":65,
"stre":54,
"spd":56,
"jmp":58,
"endu":36,
"ins":36,
"dnk":55,
"ft":72,
"fg":45,
"tp":57,
"blk":45,
"stl":50,
"drb":41,
"pss":14,
"reb":27,
"pot":58,
"skills":[]
}
],
"pos":"SF",
"hgt":79,
"weight":233,
"born":{"year":1995,"loc":"Cayenne, French Guyana"},
"name":"Damien Inglis",
"imgURL":"http://stats.nba.com/media/players/230x185/203996.png",
"contract":{
"amount":880,
"exp":2017	
},
"draft":{"round":0,"pick":0,"tid":-1,"originalTid":-1,"year":2014,"loc":""},
"injury":{"type":"Broken right foot","gamesRemaining":100}
},
{
"tid":-2,
"ratings":[
{
"hgt":54,
"stre":46,
"spd":70,
"jmp":92,
"endu":59,
"ins":42,
"dnk":66,
"ft":68,
"fg":50,
"tp":61,
"blk":66,
"stl":65,
"drb":30,
"pss":16,
"reb":50,
"pot":59,
"skills":[]
}
],
"pos":"SF",
"hgt":78,"weight":198,
"born":{"year":1993,"loc":"Mobile, AL"},
"name":"K.J. McDaniels",
"imgURL":"http://stats.nba.com/media/players/230x185/203909.png",
"contract":{
"amount":1500,
"exp":2015	
},
"draft":{
"round":0,
"pick":0,"tid":-1,
"originalTid":-1,
"year":2014,
"loc":""
}
},
{
"tid":-2,
"ratings":[
{
"hgt":36,
"stre":13,
"spd":51,
"jmp":33,
"endu":34,
"ins":30,
"dnk":63,
"ft":74,
"fg":53,
"tp":70,
"blk":14,
"stl":51,
"drb":55,
"pss":29,
"reb":18,
"pot":26,
"skills":[]
}
],
"pos":"SG",
"hgt":78,
"weight":215,
"born":{"year":1991,"loc":"Chelan, WA"},
"name":"Joe Harris",
"imgURL":"http://stats.nba.com/media/players/230x185/203925.png",
"contract":{"amount":884,"exp":2016	
},
"draft":{
"round":0,
"pick":0,"tid":-1,
"originalTid":-1,
"year":2014,
"loc":""
},
"injury":{
"type":"Healthy",
"gamesRemaining":0	
}
},
{
"tid":-2,
"ratings":[
{
"hgt":40,
"stre":45,
"spd":62,
"jmp":54,
"endu":60,
"ins":35,
"dnk":45,
"ft":80,
"fg":65,
"tp":77,
"blk":23,
"stl":25,
"drb":30,
"pss":15,
"reb":42,
"pot":52,
"skills":[]
}
],
"pos":"SF",
"hgt":80,
"weight":216,
"born":{
"year":1991,"loc":"Middletown, NY"
},
"name":"Cleanthony Early",
"imgURL":"http://stats.nba.com/media/players/230x185/203921.png",
"contract":{
"amount":1150,
"exp":2017	
},
"draft":{"round":0,"pick":0,"tid":-1,"originalTid":-1,"year":2014,"loc":""},
"injury":{
"type":"Healthy",
"gamesRemaining":0	
}
},
{
"tid":-2,
"ratings":[
{
"hgt":58,
"stre":70,
"spd":40,
"jmp":42,
"endu":56,
"ins":65,
"dnk":60,
"ft":53,
"fg":61,
"tp":0,
"blk":50,
"stl":15,
"drb":30,
"pss":20,
"reb":68,
"pot":55,
"skills":[]
}
],
"pos":"PF",
"hgt":80,
"weight":260,
"born":{"year":1994,"loc":"Memphis, TN"},
"name":"Jarnell Stokes",
"imgURL":"http://stats.nba.com/media/players/230x185/203950.png",
"contract":{
"amount":725,
"exp":2018	
},
"draft":{
"round":0,
"pick":0,"tid":-1,
"originalTid":-1,
"year":2014,
"loc":""
},
"injury":{
"type":"Healthy",
"gamesRemaining":0	
}
},	
{
"tid":-2,
"ratings":[
{
"hgt":58,
"stre":44,
"spd":30,
"jmp":32,
"endu":56,
"ins":31,
"dnk":30,
"ft":53,
"fg":61,
"tp":0,
"blk":52,
"stl":16,
"drb":12,
"pss":22,
"reb":61,
"pot":44,
"skills":[]
}
],
"pos":"PF",
"hgt":81,
"weight":256,
"born":{
"year":1993,"loc":"Cleveland, MS"
},
"name":"Johnny O'Bryant III",
"imgURL":"http://image.cdnllnwnl.xosnetwork.com/pics33/200/ME/MEETXITSUCEGQLZ.20130919194421.jpg",
"contract":{
"amount":700,
"exp":2018	
},
"draft":{
"round":0,
"pick":0,"tid":-1,
"originalTid":-1,
"year":2014,
"loc":""
},
"injury":{"type":"Healthy","gamesRemaining":0}
},
{
"tid":-2,
"ratings":[
{
"hgt":64,
"stre":28,
"spd":48,
"jmp":40,
"endu":56,
"ins":30,
"dnk":28,
"ft":59,
"fg":55,
"tp":57,
"blk":34,
"stl":37,
"drb":20,
"pss":20,
"reb":43,
"pot":42,
"skills":[]
}
],
"pos":"SF",
"hgt":80,
"weight":193,
"born":{
"year":1992,"loc":"Woodland Hills, CA"
},
"name":"Deandre Daniels",
"imgURL":"http://stats.nba.com/media/players/230x185/203908.png",
"contract":{
"amount":1000,
"exp":2017	
},
"draft":{
"round":0,
"pick":0,"tid":-1,
"originalTid":-1,
"year":2014,
"loc":""
},
"injury":{
"type":"Healthy",
"gamesRemaining":0	
}
},
{
"tid":-2,
"ratings":[
{
"hgt":27,
"stre":26,
"spd":72,
"jmp":37,
"endu":36,
"ins":33,
"dnk":50,
"ft":75,
"fg":43,
"tp":60,
"blk":15,
"stl":31,
"drb":79,
"pss":55,
"reb":17,
"pot":26,
"skills":[]
}
],
"pos":"G",
"hgt":78,
"weight":200,
"born":{
"year":1993,"loc":"Los Angeles, CA"
},
"name":"Spencer Dinwiddie",
"imgURL":"http://stats.nba.com/media/players/230x185/203915.png",
"contract":{
"amount":500,
"exp":2017	
},
"draft":{
"round":0,
"pick":0,"tid":-1,
"originalTid":-1,
"year":2014,
"loc":""
},
"injury":{
"type":"Healthy",
"gamesRemaining":0	
}
},
{
"tid":-2,
"ratings":[
{
"hgt":64,
"stre":45,
"spd":65,
"jmp":60,
"endu":58,
"ins":34,
"dnk":40,
"ft":58,
"fg":70,
"tp":40,
"blk":39,
"stl":40,
"drb":30,
"pss":30,
"reb":46,
"pot":56,
"skills":[]
}
],
"pos":"SF",
"hgt":80,"weight":220,
"born":{"year":1994,"loc":"Portland, OR"},
"name":"Jerami Grant",
"imgURL":"http://stats.nba.com/media/players/230x185/203924.png",
"contract":{"amount":1550,"exp":2017},
"draft":{
"round":0,
"pick":0,"tid":-1,
"originalTid":-1,
"year":2014,
"loc":""
},
"injury":{
"type":"Healthy",
"gamesRemaining":0	
}
},
{
"tid":-2,
"ratings":[
{
"hgt":42,
"stre":28,
"spd":53,
"jmp":33,
"endu":38,
"ins":38,
"dnk":60,
"ft":81,
"fg":63,
"tp":70,
"blk":22,
"stl":25,
"drb":45,
"pss":25,
"reb":32,
"pot":51,
"skills":[]
}
],
"pos":"SF",
"hgt":78,
"weight":220,
"born":{
"year":1994,"loc":"Gary, IN"
},
"name":"Glenn Robinson III",
"imgURL":"http://a.espncdn.com/combiner/i?img=/i/headshots/nba/players/full/2991039.png&w=350&h=254",
"contract":{
"amount":880,
"exp":2017
},
"draft":{
"round":0,
"pick":0,"tid":-1,
"originalTid":-1,
"year":2014,
"loc":""
},
"injury":{
"type":"Healthy",
"gamesRemaining":0	
}
},
{
"tid":-2,
"ratings":[
{
"hgt":71,
"stre":37,
"spd":22,
"jmp":25,
"endu":24,
"ins":30,
"dnk":80,
"ft":74,
"fg":50,
"tp":0,
"blk":30,
"stl":9,
"drb":16,
"pss":27,
"reb":40,
"pot":26,
"skills":[]
}
],
"pos":"FC",
"hgt":83,
"weight":253,
"born":{
"year":1995,"loc":"Sombor, Serbia"
},
"name":"Nikola Jokic",
"imgURL":"http://bcmegabasket.net/images/igraci/002/JOKIC.jpg",
"contract":{
"amount":500,
"exp":2017	
},
"draft":{
"round":0,
"pick":0,"tid":-1,
"originalTid":-1,
"year":2014,
"loc":""
},
"injury":{
"type":"Healthy",
"gamesRemaining":0	
}
},
{
"tid":-2,
"ratings":[
{
"hgt":29,
"stre":48,
"spd":74,
"jmp":76,
"endu":50,
"ins":31,
"dnk":30,
"ft":62,
"fg":55,
"tp":0,
"blk":12,
"stl":26,
"drb":60,
"pss":52,
"reb":21,
"pot":52,
"skills":[]
}
],
"pos":"G",
"hgt":75,"weight":200,
"born":{
"year":1992,"loc":"Gilbert, AZ"
},
"name":"Nick Johnson",
"imgURL":"http://stats.nba.com/media/players/230x185/203910.png",
"contract":{
"amount":700,
"exp":2018	
},
"draft":{
"round":0,
"pick":0,"tid":-1,
"originalTid":-1,
"year":2014,
"loc":""
},
"injury":{
"type":"Healthy",
"gamesRemaining":0	
}
},
{
"tid":-2,
"ratings":[
{
"hgt":97,
"stre":44,
"spd":20,
"jmp":25,
"endu":52,
"ins":31,
"dnk":45,
"ft":53,
"fg":50,
"tp":0,
"blk":63,
"stl":16,
"drb":12,
"pss":12,
"reb":61,
"pot":50,
"skills":["R"]
}
],
"pos":"C",
"hgt":87,
"weight":260,
"born":{
"year":1992,"loc":"Maio, Cape Verde"
},
"name":"Walter Tavares",
"imgURL":"http://stats.nba.com/media/players/230x185/204002.png",
"contract":{
"amount":500,
"exp":2018	
},
"draft":{
"round":0,
"pick":0,"tid":-1,
"originalTid":-1,
"year":2014,
"loc":""
},
"injury":{
"type":"Healthy","gamesRemaining":0	
}
},
{
"tid":-2,
"ratings":[
{
"hgt":38,
"stre":34,
"spd":60,
"jmp":52,
"endu":46,
"ins":31,
"dnk":60,
"ft":53,
"fg":61,
"tp":33,
"blk":52,
"stl":16,
"drb":12,
"pss":22,
"reb":21,
"pot":50,
"skills":[]
}
],
"pos":"SG",
"hgt":75,
"weight":184,
"born":{
"year":1992,"loc":"Alexandria, LA"
},
"name":"Markel Brown",
"imgURL":"http://stats.nba.com/media/players/230x185/203900.png",
"contract":{
"amount":507,
"exp":2016	
},
"draft":{
"round":0,
"pick":0,"tid":-1,
"originalTid":-1,
"year":2014,
"loc":""
},
"injury":{
"type":"Healthy",
"gamesRemaining":0	
}
},
{
"tid":-2,
"ratings":[
{
"hgt":58,
"stre":59,
"spd":30,
"jmp":60,
"endu":56,
"ins":31,
"dnk":30,
"ft":53,
"fg":61,
"tp":30,
"blk":52,
"stl":42,
"drb":12,
"pss":32,
"reb":69,
"pot":55,
"skills":[]
}
],
"pos":"PF",
"hgt":83,
"weight":240,
"born":{
"year":1991,"loc":"Toronto, Canada"
},
"name":"Dwight Powell",
"imgURL":"http://stats.nba.com/media/players/230x185/203939.png",
"contract":{
"amount":700,
"exp":2018	
},
"draft":{
"round":0,
"pick":0,"tid":-1,
"originalTid":-1,
"year":2014,
"loc":""
},
"injury":{
"type":"Healthy",
"gamesRemaining":0	
}
},
{
"tid":-2,
"ratings":[
{
"hgt":42,
"stre":27,
"spd":79,
"jmp":62,
"endu":53,
"ins":31,
"dnk":50,
"ft":53,
"fg":61,
"tp":36,
"blk":4,
"stl":46,
"drb":66,
"pss":62,
"reb":21,
"pot":57,
"skills":[]
}
],
"pos":"PG",
"hgt":77,"weight":186,
"born":{"year":1992,"loc":"San Antonio, TX"},
"name":"Jordan Clarkson",
"imgURL":"http://stats.nba.com/media/players/230x185/203903.png",
"contract":{
"amount":507,"exp":2018	
},
"draft":{
"round":0,
"pick":0,"tid":-1,
"originalTid":-1,
"year":2014,
"loc":""
},
"injury":{
"type":"Healthy",
"gamesRemaining":0	
}
},
{
"tid":-2,
"ratings":[
{
"hgt":18,
"stre":24,
"spd":84,
"jmp":50,
"endu":56,
"ins":31,
"dnk":35,
"ft":53,
"fg":61,
"tp":45,
"blk":2,
"stl":55,
"drb":42,
"pss":35,
"reb":21,
"pot":54,
"skills":[]
}
],
"pos":"G",
"hgt":72,
"weight":165,
"born":{
"year":1991,"loc":"New York City, NY"
},
"name":"Russ Smith",
"imgURL":"http://stats.nba.com/media/players/230x185/203893.png",
"contract":{
"amount":700,
"exp":2018	
},
"draft":{
"round":0,
"pick":0,"tid":-1,
"originalTid":-1,
"year":2014,
"loc":""
},
"injury":{
"type":"Healthy",
"gamesRemaining":0	
}
},
{
"tid":-2,
"ratings":[
{
"hgt":48,
"stre":34,
"spd":30,
"jmp":32,
"endu":46,
"ins":31,
"dnk":30,
"ft":53,
"fg":61,
"tp":0,
"blk":32,
"stl":16,
"drb":12,
"pss":22,
"reb":31,
"pot":44,
"skills":[]
}
],
"pos":"GF",
"hgt":77,
"weight":212,
"born":{
"year":1991,"loc":"Lancaster, PA"
},
"name":"Lamar Patterson",
"imgURL":"http://stats.nba.com/media/players/230x185/203934.png",
"contract":{
"amount":700,
"exp":2018	
},
"draft":{
"round":0,
"pick":0,"tid":-1,
"originalTid":-1,
"year":2014,
"loc":""
},
"injury":{
"type":"Healthy",
"gamesRemaining":0	
}
},
{
"tid":-2,
"ratings":[
{
"hgt":78,
"stre":49,
"spd":30,
"jmp":32,
"endu":56,
"ins":50,
"dnk":35,
"ft":60,
"fg":61,
"tp":45,
"blk":40,
"stl":16,
"drb":25,
"pss":22,
"reb":61,
"pot":57,
"skills":[]
}
],
"pos":"FC",
"hgt":82,"weight":252,
"born":{
"year":1990,"loc":"Brisbane, Australia"
},
"name":"Cameron Bairstow",
"imgURL":"http://stats.nba.com/media/players/230x185/203946.png",
"contract":{"amount":700,"exp":2018	
},
"draft":{
"round":0,"pick":0,"tid":-1,"originalTid":-1,"year":2014,"loc":""
},
"injury":{
"type":"Healthy","gamesRemaining":0	
}
},
{
"tid":-2,
"ratings":[
{
"hgt":58,
"stre":44,
"spd":30,
"jmp":32,
"endu":56,
"ins":31,
"dnk":30,
"ft":53,
"fg":61,
"tp":0,
"blk":52,
"stl":16,
"drb":12,
"pss":22,
"reb":61,
"pot":44,
"skills":[]
}
],
"pos":"C",
"hgt":85,
"weight":235,
"born":{
"year":1992,"loc":"Winona, MN"},
"name":"Alec Brown",
"imgURL":"http://stats.nba.com/media/players/230x185/203938.png",
"contract":{
"amount":700,
"exp":2018	
},
"draft":{
"round":0,
"pick":0,"tid":-1,
"originalTid":-1,
"year":2014,
"loc":""
},
"injury":{
"type":"Healthy",
"gamesRemaining":0	
}
},
{
"tid":-2,
"ratings":[
{
"hgt":62,
"stre":54,
"spd":50,
"jmp":82,
"endu":56,
"ins":31,
"dnk":84,
"ft":53,
"fg":61,
"tp":0,
"blk":52,
"stl":16,
"drb":12,
"pss":22,
"reb":61,
"pot":54,
"skills":[]
}
],
"pos":"SF",
"hgt":79,"weight":215,
"born":{"year":1992,"loc":"Athens, Greece"},
"name":"Thanasis Antetokounmpo",
"imgURL":"http://stats.nba.com/media/players/230x185/203648.png",
"contract":{
"amount":700,"exp":2018	
},
"draft":{
"round":0,
"pick":0,"tid":-1,
"originalTid":-1,
"year":2014,
"loc":""
},
"injury":{
"type":"Healthy",
"gamesRemaining":0	
}
},
{
"tid":-2,
"ratings":[
{
"hgt":38,
"stre":24,
"spd":30,
"jmp":32,
"endu":56,
"ins":31,
"dnk":30,
"ft":53,
"fg":61,
"tp":20,
"blk":2,
"stl":16,
"drb":62,
"pss":22,
"reb":21,
"pot":44,
"skills":[]
}
],
"pos":"PG",
"hgt":77,
"weight":203,
"born":{
"year":1994,"loc":"Kraljevo, Serbia"
},
"name":"Vasilije Micic",
"imgURL":"http://www.bcmegabasket.net/images/igraci/001/Micic.jpg",
"contract":{
"amount":700,
"exp":2018	
},
"draft":{
"round":0,
"pick":0,"tid":-1,
"originalTid":-1,
"year":2014,
"loc":""},
"injury":{
"type":"Healthy",
"gamesRemaining":0	
}
},
{
"tid":-2,
"ratings":[
{
"hgt":48,
"stre":24,
"spd":30,
"jmp":32,
"endu":56,
"ins":31,
"dnk":30,
"ft":53,
"fg":61,
"tp":60,
"blk":2,
"stl":16,
"drb":12,
"pss":22,
"reb":21,
"pot":51,
"skills":[]
}
],
"pos":"SF",
"hgt":79,
"weight":230,
"born":{
"year":1992,"loc":"Maddaloni, Italy"
},
"name":"Alessandro Gentile",
"imgURL":"http://cdn.olimpiamilano.com/wp-content/uploads/2012/07/gentile_mezzobusto.jpg",
"contract":{
"amount":700,
"exp":2018	
},
"draft":{
"round":0,
"pick":0,"tid":-1,
"originalTid":-1,
"year":2014,
"loc":""
},
"injury":{
"type":"Healthy",
"gamesRemaining":0	
}
},
{
"tid":-2,
"ratings":[
{
"hgt":58,
"stre":44,
"spd":30,
"jmp":32,
"endu":56,
"ins":31,
"dnk":30,
"ft":53,
"fg":61,
"tp":0,
"blk":22,
"stl":16,
"drb":12,
"pss":22,
"reb":21,
"pot":44,
"skills":[]
}
],
"pos":"SG",
"hgt":81,
"weight":193,
"born":{"year":1993,"loc":"Pancevo, Serbia"
},
"name":"Nemanja Dangubic",
"imgURL":"http://www.fiba.com/images/web/Events/11/FU19M/photo/headshots/SRB/_215/Small_SRB_15.jpg",
"contract":{
"amount":700,
"exp":2018	
},
"draft":{
"round":0,
"pick":0,"tid":-1,"originalTid":-1,
"year":2014,
"loc":""
},
"injury":{
"type":"Healthy",
"gamesRemaining":0	
}
},
{
"tid":-2,
"ratings":[
{
"hgt":38,
"stre":24,
"spd":60,
"jmp":32,
"endu":56,
"ins":31,
"dnk":30,
"ft":53,
"fg":61,
"tp":0,
"blk":12,
"stl":16,
"drb":52,
"pss":52,
"reb":21,
"pot":44,
"skills":[]
}
],
"pos":"PG",
"hgt":75,
"weight":190,
"born":{
"year":1992,"loc":"Cincinnati, OH"
},
"name":"Semaj Christon",
"imgURL":"http://stats.nba.com/media/players/230x185/203902.png",
"contract":{
"amount":700,
"exp":2018	
},
"draft":{
"round":0,
"pick":0,"tid":-1,
"originalTid":-1,
"year":2014,
"loc":""
},
"injury":{
"type":"Healthy",
"gamesRemaining":0	
}
},
{
"tid":-2,
"ratings":[
{
"hgt":43,
"stre":25,
"spd":42,
"jmp":27,
"endu":46,
"ins":13,
"dnk":27,
"ft":88,
"fg":59,
"tp":70,
"blk":12,
"stl":53,
"drb":39,
"pss":25,
"reb":13,
"pot":49,
"skills":[]
}
],
"pos":"GF",
"hgt":78,
"weight":200,
"born":{
"year":1992,"loc":"Southfield, MI"
},
"name":"Roy Devin Marble",
"imgURL":"http://stats.nba.com/media/players/230x185/203906.png",
"contract":{
"amount":884,
"exp":2016	
},
"draft":{
"round":0,
"pick":0,"tid":-1,
"originalTid":-1,
"year":2014,
"loc":""
},
"injury":{
"type":"Healthy",
"gamesRemaining":0	
}
},
{
"tid":-2,
"ratings":[
{
"hgt":79,
"stre":44,
"spd":36,
"jmp":62,
"endu":46,
"ins":31,
"dnk":30,
"ft":53,
"fg":61,
"tp":0,
"blk":52,
"stl":16,
"drb":18,
"pss":22,
"reb":61,
"pot":55,
"skills":[]
}
],
"pos":"FC",
"hgt":82,
"weight":220,
"born":{
"year":1992,"loc":"Gonesse, France"
},
"name":"Louis Labeyrie",
"imgURL":"http://www.fibaeurope.com/files/%7BEBA5B0C6-20C4-4A94-8FAB-31763CD043DF%7Dhs_big.jpg",
"contract":{
"amount":700,
"exp":2018	
},
"draft":{
"round":0,
"pick":0,"tid":-1,"originalTid":-1,
"year":2014,
"loc":""
},
"injury":{
"type":"Healthy",
"gamesRemaining":0	
}
},
{
"tid":-2,
"ratings":[
{
"hgt":48,
"stre":34,
"spd":54,
"jmp":32,
"endu":52,
"ins":38,
"dnk":30,
"ft":53,
"fg":61,
"tp":10,
"blk":32,
"stl":16,
"drb":12,
"pss":22,
"reb":41,
"pot":54,
"skills":[]
}
],
"pos":"SG",
"hgt":78,
"weight":185,
"born":{
"year":1991,"loc":"Savannah, GA"
},
"name":"Jordan McRae",
"imgURL":"http://stats.nba.com/media/players/230x185/203895.png",
"contract":{
"amount":700,
"exp":2018	
},
"draft":{
"round":0,
"pick":0,"tid":-1,"originalTid":-1,
"year":2014,
"loc":""
},
"injury":{
"type":"Healthy",
"gamesRemaining":0	
}
},
{
"tid":-2,
"ratings":[
{
"hgt":28,
"stre":24,
"spd":50,
"jmp":42,
"endu":46,
"ins":31,
"dnk":30,
"ft":53,
"fg":61,
"tp":40,
"blk":12,
"stl":26,
"drb":22,
"pss":32,
"reb":21,
"pot":44,
"skills":[]
}
],
"pos":"G",
"hgt":75,
"weight":187,
"born":{
"year":1991,"loc":"Sacramento, CA"
},
"name":"Xavier Thames",
"imgURL":"http://grfx.cstv.com/photos/schools/sdsu/sports/m-baskbl/auto_action/9554921.jpeg",
"contract":{
"amount":700,"exp":2018	
},
"draft":{
"round":0,
"pick":0,"tid":-1,"originalTid":-1,
"year":2014,
"loc":""
},
"injury":{
"type":"Healthy",
"gamesRemaining":0	
}
},
{
"tid":-2,
"ratings":[
{
"hgt":58,
"stre":44,
"spd":30,
"jmp":32,
"endu":56,
"ins":31,
"dnk":30,
"ft":53,
"fg":61,
"tp":0,
"blk":52,
"stl":16,
"drb":12,
"pss":22,
"reb":61,
"pot":44,
"skills":[]
}
],
"pos":"PF",
"hgt":81,
"weight":218,
"born":{"year":1990,"loc":"Killeen, TX"
},
"name":"Cory Jefferson",
"imgURL":"http://stats.nba.com/media/players/230x185/203928.png",
"contract":{
"amount":507,
"exp":2017	
},
"draft":{
"round":0,
"pick":0,"tid":-1,
"originalTid":-1,
"year":2014,"loc":""
},
"injury":{
"type":"Healthy",
"gamesRemaining":0	
}
},
{
"tid":-2,
"ratings":[
{
"hgt":98,
"stre":71,
"spd":5,
"jmp":8,
"endu":22,
"ins":60,
"dnk":45,
"ft":53,
"fg":50,
"tp":0,
"blk":63,
"stl":16,
"drb":8,
"pss":16,
"reb":61,
"pot":40,
"skills":[]
}
],
"pos":"C",
"hgt":89,
"weight":355,
"born":{"year":1992,"loc":"Toronto, Canada"
},
"name":"Sim Bhullar",
"imgURL":"http://stats.nba.com/media/players/230x185/204021.png",
"contract":{
"amount":500,
"exp":2015
},
"draft":{
"round":0,
"pick":0,"tid":-1,
"originalTid":-1,
"year":2014,
"loc":""
},
"injury":{
"type":"Healthy",
"gamesRemaining":0	
}
},
{
"tid":-2,
"ratings":[
{
"hgt":66,
"stre":69,
"spd":51,
"jmp":42,
"endu":44,
"ins":28,
"dnk":52,
"ft":58,
"fg":52,
"tp":0,
"blk":30,
"stl":38,
"drb":33,
"pss":31,
"reb":64,
"pot":49,
"skills":[]
}
],
"pos":"FC",
"hgt":83,
"weight":250,
"born":{"year":1991,"loc":"Memphis, TN"
},
"name":"Tarik Black",
"imgURL":"http://stats.nba.com/media/players/230x185/204028.png",
"contract":{
"amount":507,
"exp":2015
},
"draft":{
"round":0,
"pick":0,"tid":-1,
"originalTid":-1,
"year":2014,
"loc":""
},
"injury":{
"type":"Healthy",
"gamesRemaining":0	
}
},
{
"tid":-2,
"ratings":[
{
"hgt":20,
"stre":18,
"spd":76,
"jmp":55,
"endu":57,
"ins":42,
"dnk":53,
"ft":88,
"fg":51,
"tp":70,
"blk":10,
"stl":43,
"drb":76,
"pss":55,
"reb":6,
"pot":46,
"skills":[]
}
],
"pos":"PG",
"hgt":73,
"weight":170,
"born":{"year":1990,"loc":"Houston, TX"	
},
"name":"Tim Frazier",
"imgURL":"http://stats.nba.com/media/players/230x185/204025.png",
"contract":{
"amount":500,
"exp":2015	
},
"draft":{
"round":0,
"pick":0,"tid":-1,
"originalTid":-1,
"year":2014,
"loc":""
},
"injury":{
"type":"Healthy",
"gamesRemaining":0	
}
},
{
"tid":-2,
"ratings":[
{
"hgt":26,
"stre":28,
"spd":80,
"jmp":84,
"endu":51,
"ins":38,
"dnk":79,
"ft":77,
"fg":62,
"tp":60,
"blk":15,
"stl":30,
"drb":72,
"pss":61,
"reb":45,
"pot":53,
"skills":[]
}
],
"pos":"PG",
"hgt":74,
"weight":202,
"born":{"year":1991,"loc":"Baton Rouge, LA"
},
"name":"Langston Galloway",
"imgURL":"http://stats.nba.com/media/players/230x185/204038.png",
"contract":{
"amount":500,
"exp":2016	
},
"draft":{
"round":0,
"pick":0,"tid":-1,
"originalTid":-1,
"year":2014,
"loc":""
},
"injury":{
"type":"Healthy",
"gamesRemaining":0	
}
},
{
"tid":-2,
"ratings":[
{
"hgt":81,
"stre":55,
"spd":21,
"jmp":26,
"endu":32,
"ins":56,
"dnk":72,
"ft":43,
"fg":55,
"tp":8,
"blk":59,
"stl":18,
"drb":16,
"pss":19,
"reb":71,
"pot":43,
"skills":[]
}
],
"pos":"C",
"hgt":84,
"weight":245,
"born":{"year":1991,"loc":"Los Alamos, NM"	
},
"name":"Alex Kirk",
"imgURL":"http://a.espncdn.com/combiner/i?img=/i/headshots/nba/players/full/2528355.png&w=350&h=254",
"contract":{
"amount":507,
"exp":2015	
},
"draft":{
"round":0,
"pick":0,
"tid":-1,
"originalTid":-1,
"year":2014,
"loc":""
},
"injury":{
"type":"Healthy",
"gamesRemaining":0	
}
},
{
"tid":-2,
"ratings":[
{
"hgt":67,
"stre":63,
"spd":31,
"jmp":49,
"endu":41,
"ins":56,
"dnk":75,
"ft":57,
"fg":74,
"tp":0,
"blk":78,
"stl":33,
"drb":17,
"pss":14,
"reb":55,
"pot":56,
"skills":[]
}
],
"pos":"PF",
"hgt":81,
"weight":230,
"born":{"year":1993,"loc":"Norfolk, VA"
},
"name":"James McAdoo",
"imgURL":"http://stats.nba.com/media/players/230x185/203949.png",
"contract":{
"amount":500,
"exp":2015	
},
"draft":{
"round":0,
"pick":0,
"tid":-1,
"originalTid":-1,
"year":2014,
"loc":""
},
"injury":{
"type":"Healthy",
"gamesRemaining":0	
}
},
{
"tid":-2,
"ratings":[
{
"hgt":72,
"stre":47,
"spd":30,
"jmp":36,
"endu":55,
"ins":48,
"dnk":50,
"ft":38,
"fg":27,
"tp":0,
"blk":29,
"stl":31,
"drb":17,
"pss":18,
"reb":55,
"pot":45,
"skills":[]
}
],
"pos":"FC",
"hgt":82,
"weight":218,
"born":{"year":1991,"loc":"Houston, TX"},
"name":"Eric Moreland",
"imgURL":"http://stats.nba.com/media/players/230x185/203961.png",
"contract":{
"amount":507,"exp":2015	
},
"draft":{
"round":0,
"pick":0,
"tid":-1,
"originalTid":-1,
"year":2014,
"loc":""
},
"injury":{
"type":"Healthy","gamesRemaining":0	
}
},
{
"tid":-2,
"ratings":[
{
"hgt":71,
"stre":53,
"spd":52,
"jmp":54,
"endu":55,
"ins":33,
"dnk":47,
"ft":61,
"fg":51,
"tp":20,
"blk":25,
"stl":25,
"drb":28,
"pss":28,
"reb":40,
"pot":50,
"skills":[]
}
],
"pos":"F","hgt":81,"weight":214,
"born":{"year":1993,"loc":"Cleveland, OH"},
"name":"JaKarr Sampson",
"imgURL":"http://stats.nba.com/media/players/230x185/203960.png",
"contract":{"amount":507,"exp":2015},
"draft":{"round":0,"pick":0,"tid":-1,"originalTid":-1,"year":2014,"loc":""},
"injury":{"type":"Healthy","gamesRemaining":0}
},
{
"tid":-2,
"ratings":[
{
"hgt":28,
"stre":16,
"spd":55,
"jmp":49,
"endu":55,
"ins":45,
"dnk":26,
"ft":84,
"fg":60,
"tp":67,
"blk":8,
"stl":54,
"drb":76,
"pss":80,
"reb":14,
"pot":50,
"skills":["Ps"]
}
],
"pos":"PG",
"hgt":71,"weight":165,
"born":{"year":1991,"loc":"Spokane, WA"},
"name":"David Stockton",
"imgURL":"http://i.imgur.com/tY2IMP3.png",
"contract":{"amount":500,"exp":2016},
"draft":{"round":0,"pick":0,"tid":-1,"originalTid":-1,"year":2014,"loc":""},
"injury":{"type":"Healthy","gamesRemaining":0}
},
{
"tid":-2,
"ratings":[
{
"hgt":59,
"stre":58,
"spd":34,
"jmp":14,
"endu":44,
"ins":25,
"dnk":25,
"ft":85,
"fg":55,
"tp":70,
"blk":17,
"stl":22,
"drb":29,
"pss":31,
"reb":24,
"pot":46,
"skills":["3"]
}
],
"pos":"F",
"hgt":82,"weight":230,
"born":{"year":1990,"loc":"Long Beach,CA"},
"name":"Travis Wear",
"imgURL":"http://stats.nba.com/media/players/230x185/204037.png",
"contract":{"amount":"","exp":""},
"draft":{"round":0,"pick":0,"tid":-1,"originalTid":-1,"year":2014,"loc":""},
"injury":{"type":"Healthy","gamesRemaining":0}
}
]
}