{"startingSeason":1988,"players":[{"tid":-2,"name":"Danny Manning","pos":"PF","hgt":82,"weight":230,"imgURL":"http://a.espncdn.com/i/headshots/nba/players/65/506.jpg","born":{"year":1966,"loc":"Hattiesburg, MS"},"contract":{"amount":"","exp":""},"draft":{"round":"","pick":"","tid":"","originalTid":"","year":"","loc":""},"ratings":[{"hgt":85,"stre":82,"spd":64,"jmp":88,"endu":78,"ins":87,"dnk":78,"ft":68,"fg":37,"tp":21,"blk":84,"stl":45,"drb":52,"pss":43,"reb":83,"pot":77}],"skills":[]},{"tid":-2,"name":"Rik Smits","pos":"C","hgt":88,"weight":250,"imgURL":"https://s-media-cache-ak0.pinimg.com/236x/5a/b3/10/5ab310592f1eab84342a78e09801ad7a.jpg","born":{"year":1966,"loc":"Eindhoven, Netherlands"},"contract":{"amount":"","exp":""},"draft":{"round":"","pick":"","tid":"","originalTid":"","year":"","loc":""},"ratings":[{"hgt":100,"stre":82,"spd":44,"jmp":83,"endu":70,"ins":90,"dnk":88,"ft":67,"fg":62,"tp":0,"blk":86,"stl":34,"drb":21,"pss":54,"reb":88,"pot":74}],"skills":[]},{"tid":-2,"name":"Charles Smith","pos":"SF","hgt":82,"weight":230,"imgURL":"http://www.nba.com/clippers/photos/charles-smith-side-2-110715.jpg","born":{"year":1965,"loc":"Bridgeport, CT"},"contract":{"amount":"","exp":""},"draft":{"round":"","pick":"","tid":"","originalTid":"","year":"","loc":""},"ratings":[{"hgt":57,"stre":56,"spd":77,"jmp":54,"endu":62,"ins":62,"dnk":74,"ft":77,"fg":67,"tp":56,"blk":43,"stl":56,"drb":63,"pss":62,"reb":51,"pot":70}],"skills":[]},{"tid":-2,"name":"Chris Morris","pos":"GF","hgt":80,"weight":210,"imgURL":"http://grfx.cstv.com/photos/schools/aub/sports/m-baskbl/auto_action/7449479.jpeg","born":{"year":1966,"loc":"Atlanta, GA"},"contract":{"amount":"","exp":""},"draft":{"round":"","pick":"","tid":"","originalTid":"","year":"","loc":""},"ratings":[{"hgt":65,"stre":57,"spd":63,"jmp":57,"endu":55,"ins":32,"dnk":54,"ft":76,"fg":68,"tp":63,"blk":31,"stl":53,"drb":56,"pss":54,"reb":50,"pot":57}],"skills":[]},{"tid":-2,"name":"Mitch Richmond","pos":"SG","hgt":77,"weight":215,"imgURL":"http://a.espncdn.com/i/headshots/nba/players/65/704.jpg","born":{"year":1965,"loc":"Fort Lauderdale, FL"},"contract":{"amount":"","exp":""},"draft":{"round":"","pick":"","tid":"","originalTid":"","year":"","loc":""},"ratings":[{"hgt":53,"stre":52,"spd":82,"jmp":76,"endu":73,"ins":48,"dnk":67,"ft":84,"fg":86,"tp":75,"blk":43,"stl":75,"drb":72,"pss":73,"reb":43,"pot":78}],"skills":[]},{"tid":-2,"name":"Hersey Hawkins","pos":"SG","hgt":75,"weight":190,"imgURL":"http://www.tradingcarddb.com/Images/Cards/Basketball/2422/2422-687188Fr.jpg","born":{"year":1966,"loc":"Chicago, IL"},"contract":{"amount":"","exp":""},"draft":{"round":"","pick":"","tid":"","originalTid":"","year":"","loc":""},"ratings":[{"hgt":47,"stre":51,"spd":76,"jmp":56,"endu":82,"ins":54,"dnk":57,"ft":73,"fg":80,"tp":76,"blk":54,"stl":72,"drb":71,"pss":66,"reb":46,"pot":74}],"skills":[]},{"tid":-2,"name":"Tim Perry","pos":"FC","hgt":81,"weight":200,"imgURL":"http://i.imgur.com/eNCoQ0h.jpg","born":{"year":1965,"loc":"Freehold, NJ"},"contract":{"amount":"","exp":""},"draft":{"round":"","pick":"","tid":"","originalTid":"","year":"","loc":""},"ratings":[{"hgt":73,"stre":61,"spd":53,"jmp":78,"endu":64,"ins":63,"dnk":76,"ft":74,"fg":26,"tp":1,"blk":67,"stl":45,"drb":57,"pss":50,"reb":79,"pot":58}],"skills":[]},{"tid":-2,"name":"Rex Chapman","pos":"G","hgt":76,"weight":185,"imgURL":"https://s-media-cache-ak0.pinimg.com/236x/81/30/7a/81307afe8ab8caa245a72cffa0ce11e0.jpg","born":{"year":1967,"loc":"Bowling Green, KY"},"contract":{"amount":"","exp":""},"draft":{"round":"","pick":"","tid":"","originalTid":"","year":"","loc":""},"ratings":[{"hgt":47,"stre":41,"spd":73,"jmp":82,"endu":63,"ins":37,"dnk":82,"ft":73,"fg":61,"tp":79,"blk":41,"stl":63,"drb":56,"pss":57,"reb":42,"pot":66}],"skills":[]},{"tid":-2,"name":"Rony Seikaly","pos":"C","hgt":83,"weight":230,"imgURL":"http://static.giantbomb.com/uploads/scale_small/0/2986/612057-rony_seikaly.jpg","born":{"year":1965,"loc":"Beirut, Lebanon"},"contract":{"amount":"","exp":""},"draft":{"round":"","pick":"","tid":"","originalTid":"","year":"","loc":""},"ratings":[{"hgt":86,"stre":74,"spd":31,"jmp":78,"endu":60,"ins":67,"dnk":72,"ft":53,"fg":56,"tp":0,"blk":72,"stl":53,"drb":35,"pss":41,"reb":77,"pot":67}],"skills":[]},{"tid":-2,"name":"Willie Anderson","pos":"GF","hgt":79,"weight":190,"imgURL":"http://www.thedraftreview.com/history/drafted1988/images/willie-anderson.jpg","born":{"year":1967,"loc":"Greenville, SC"},"contract":{"amount":"","exp":""},"draft":{"round":"","pick":"","tid":"","originalTid":"","year":"","loc":""},"ratings":[{"hgt":54,"stre":47,"spd":72,"jmp":56,"endu":71,"ins":43,"dnk":44,"ft":67,"fg":75,"tp":72,"blk":51,"stl":74,"drb":78,"pss":74,"reb":53,"pot":65}],"skills":[]},{"tid":-2,"name":"Will Perdue","pos":"C","hgt":84,"weight":240,"imgURL":"http://a.espncdn.com/photo/2011/0310/chi_91bulls09_340.jpg","born":{"year":1965,"loc":"Melbourne, FL"},"contract":{"amount":"","exp":""},"draft":{"round":"","pick":"","tid":"","originalTid":"","year":"","loc":""},"ratings":[{"hgt":84,"stre":76,"spd":28,"jmp":42,"endu":48,"ins":73,"dnk":56,"ft":45,"fg":27,"tp":0,"blk":78,"stl":35,"drb":22,"pss":34,"reb":84,"pot":55}],"skills":[]},{"tid":-2,"name":"Harvey Grant","pos":"PF","hgt":80,"weight":195,"imgURL":"http://static.giantbomb.com/uploads/scale_small/0/2986/611740-harvey_grant.jpg","born":{"year":1965,"loc":"Augusta, GA"},"contract":{"amount":"","exp":""},"draft":{"round":"","pick":"","tid":"","originalTid":"","year":"","loc":""},"ratings":[{"hgt":67,"stre":67,"spd":51,"jmp":62,"endu":61,"ins":73,"dnk":77,"ft":68,"fg":62,"tp":42,"blk":72,"stl":55,"drb":52,"pss":47,"reb":75,"pot":63}],"skills":[]},{"tid":-2,"name":"Jeff Grayer","pos":"GF","hgt":77,"weight":200,"imgURL":"http://www.tradingcarddb.com/Images/Cards/Basketball/2108/2108-670054Fr.jpg","born":{"year":1965,"loc":"Flint, MI"},"contract":{"amount":"","exp":""},"draft":{"round":"","pick":"","tid":"","originalTid":"","year":"","loc":""},"ratings":[{"hgt":43,"stre":43,"spd":67,"jmp":47,"endu":63,"ins":63,"dnk":54,"ft":72,"fg":68,"tp":56,"blk":43,"stl":45,"drb":54,"pss":62,"reb":45,"pot":57}],"skills":[]},{"tid":-2,"name":"Dan Majerle","pos":"GF","hgt":78,"weight":215,"imgURL":"http://a.espncdn.com/i/headshots/nba/players/65/500.jpg","born":{"year":1965,"loc":"Traverse City, MI"},"contract":{"amount":"","exp":""},"draft":{"round":"","pick":"","tid":"","originalTid":"","year":"","loc":""},"ratings":[{"hgt":55,"stre":53,"spd":62,"jmp":52,"endu":53,"ins":56,"dnk":47,"ft":65,"fg":63,"tp":70,"blk":62,"stl":54,"drb":56,"pss":62,"reb":53,"pot":66}],"skills":[]},{"tid":-2,"name":"Gary Grant","pos":"PG","hgt":75,"weight":185,"imgURL":"http://www.nba.com/clippers/photos/grant-side2-110706.jpg","born":{"year":1965,"loc":"Canton, OH"},"contract":{"amount":"","exp":""},"draft":{"round":"","pick":"","tid":"","originalTid":"","year":"","loc":""},"ratings":[{"hgt":29,"stre":45,"spd":76,"jmp":56,"endu":65,"ins":32,"dnk":51,"ft":76,"fg":56,"tp":42,"blk":31,"stl":86,"drb":74,"pss":72,"reb":43,"pot":56}],"skills":[]},{"tid":-2,"name":"Derrick Chievous","pos":"SF","hgt":79,"weight":195,"imgURL":"http://www.clutchfans.net/images/profiles/Derrick_Chievous.jpg","born":{"year":1967,"loc":"New York, NY"},"contract":{"amount":"","exp":""},"draft":{"round":"","pick":"","tid":"","originalTid":"","year":"","loc":""},"ratings":[{"hgt":56,"stre":56,"spd":60,"jmp":56,"endu":47,"ins":56,"dnk":55,"ft":63,"fg":53,"tp":45,"blk":52,"stl":57,"drb":50,"pss":52,"reb":47,"pot":53}],"skills":[]},{"tid":-2,"name":"Eric Leckner","pos":"C","hgt":83,"weight":265,"imgURL":"http://wyohof.com/wp-content/uploads/2012/07/lecknerEric1998.jpg","born":{"year":1966,"loc":"Inglewood, CA"},"contract":{"amount":"","exp":""},"draft":{"round":"","pick":"","tid":"","originalTid":"","year":"","loc":""},"ratings":[{"hgt":83,"stre":71,"spd":25,"jmp":55,"endu":35,"ins":72,"dnk":67,"ft":45,"fg":32,"tp":11,"blk":73,"stl":32,"drb":37,"pss":33,"reb":75,"pot":52}],"skills":[]},{"tid":-2,"name":"Ricky Berry","pos":"SG","hgt":80,"weight":205,"imgURL":"http://p1.trrsf.com.br/image/fget/cf/www.terra.com/addon/img/ec31d999-ricky-berry-app.jpg","born":{"year":1964,"loc":"Fair Oaks, CA"},"contract":{"amount":"","exp":""},"draft":{"round":"","pick":"","tid":"","originalTid":"","year":"","loc":""},"ratings":[{"hgt":64,"stre":45,"spd":73,"jmp":43,"endu":63,"ins":56,"dnk":66,"ft":82,"fg":78,"tp":85,"blk":32,"stl":67,"drb":78,"pss":73,"reb":45,"pot":70}],"skills":[]},{"tid":-2,"name":"Rod Strickland","pos":"PG","hgt":75,"weight":175,"imgURL":"http://a.espncdn.com/i/nba/profiles/players/0327.jpg","born":{"year":1966,"loc":"Bronx, NY"},"contract":{"amount":"","exp":""},"draft":{"round":"","pick":"","tid":"","originalTid":"","year":"","loc":""},"ratings":[{"hgt":29,"stre":39,"spd":76,"jmp":62,"endu":63,"ins":31,"dnk":60,"ft":77,"fg":62,"tp":69,"blk":25,"stl":62,"drb":81,"pss":76,"reb":47,"pot":63}],"skills":[]},{"tid":-2,"name":"Kevin Edwards","pos":"G","hgt":75,"weight":190,"imgURL":"http://www.tradingcarddb.com/Images/Cards/Basketball/2172/2172-205Fr.jpg","born":{"year":1965,"loc":"Cleveland Heights, OH"},"contract":{"amount":"","exp":""},"draft":{"round":"","pick":"","tid":"","originalTid":"","year":"","loc":""},"ratings":[{"hgt":30,"stre":42,"spd":65,"jmp":63,"endu":66,"ins":41,"dnk":60,"ft":74,"fg":66,"tp":62,"blk":43,"stl":65,"drb":59,"pss":54,"reb":54,"pot":57}],"skills":[]},{"tid":-2,"name":"Mark Bryant","pos":"FC","hgt":81,"weight":245,"imgURL":"http://a.espncdn.com/i/headshots/nba/players/65/109.jpg","born":{"year":1965,"loc":"Glen Ridge, NJ"},"contract":{"amount":"","exp":""},"draft":{"round":"","pick":"","tid":"","originalTid":"","year":"","loc":""},"ratings":[{"hgt":73,"stre":76,"spd":35,"jmp":72,"endu":52,"ins":74,"dnk":77,"ft":60,"fg":42,"tp":0,"blk":53,"stl":50,"drb":35,"pss":36,"reb":74,"pot":55}],"skills":[]},{"tid":-2,"name":"Randolph Keys","pos":"SF","hgt":79,"weight":195,"imgURL":"http://www.cavshistory.com/images/players/Randolph_Keys.jpg","born":{"year":1966,"loc":"Collins, MS"},"contract":{"amount":"","exp":""},"draft":{"round":"","pick":"","tid":"","originalTid":"","year":"","loc":""},"ratings":[{"hgt":57,"stre":63,"spd":52,"jmp":62,"endu":52,"ins":57,"dnk":63,"ft":56,"fg":62,"tp":38,"blk":53,"stl":58,"drb":43,"pss":43,"reb":62,"pot":57}],"skills":[]},{"tid":-2,"name":"Jerome Lane","pos":"PF","hgt":78,"weight":230,"imgURL":"http://www.cavshistory.com/images/players/Jerome_Lane.jpg","born":{"year":1966,"loc":"Akron, OH"},"contract":{"amount":"","exp":""},"draft":{"round":"","pick":"","tid":"","originalTid":"","year":"","loc":""},"ratings":[{"hgt":54,"stre":72,"spd":43,"jmp":67,"endu":56,"ins":65,"dnk":63,"ft":57,"fg":52,"tp":0,"blk":74,"stl":47,"drb":43,"pss":52,"reb":73,"pot":56}],"skills":[]},{"tid":-2,"name":"Brian Shaw","pos":"G","hgt":78,"weight":190,"imgURL":"http://a.espncdn.com/i/headshots/nba/players/65/770.jpg","born":{"year":1966,"loc":"Oakland, CA"},"contract":{"amount":"","exp":""},"draft":{"round":"","pick":"","tid":"","originalTid":"","year":"","loc":""},"ratings":[{"hgt":45,"stre":34,"spd":63,"jmp":47,"endu":47,"ins":56,"dnk":55,"ft":62,"fg":63,"tp":63,"blk":42,"stl":43,"drb":46,"pss":52,"reb":43,"pot":57}],"skills":[]},{"tid":-2,"name":"David Rivers","pos":"PG","hgt":72,"weight":170,"imgURL":"https://flashbacknba.files.wordpress.com/2014/05/david.jpg","born":{"year":1965,"loc":"Jersey City, NJ"},"contract":{"amount":"","exp":""},"draft":{"round":"","pick":"","tid":"","originalTid":"","year":"","loc":""},"ratings":[{"hgt":7,"stre":28,"spd":66,"jmp":47,"endu":44,"ins":34,"dnk":34,"ft":54,"fg":63,"tp":64,"blk":34,"stl":45,"drb":70,"pss":65,"reb":43,"pot":48}],"skills":[]},{"tid":-2,"name":"Rolando Ferreira","pos":"C","hgt":85,"weight":240,"imgURL":"http://www.thedraftreview.com/history/drafted1988/images/rolando-ferreira.jpg","born":{"year":1964,"loc":"Curitiba, Brazil"},"contract":{"amount":"","exp":""},"draft":{"round":"","pick":"","tid":"","originalTid":"","year":"","loc":""},"ratings":[{"hgt":84,"stre":76,"spd":32,"jmp":57,"endu":41,"ins":63,"dnk":58,"ft":41,"fg":43,"tp":1,"blk":74,"stl":32,"drb":23,"pss":42,"reb":64,"pot":54}],"skills":[]},{"tid":-2,"name":"Shelton Jones","pos":"SF","hgt":81,"weight":210,"imgURL":"http://www.thedraftreview.com/history/drafted1988/images/shelton-jones.jpg","born":{"year":1966,"loc":"Copaigue, NY"},"contract":{"amount":"","exp":""},"draft":{"round":"","pick":"","tid":"","originalTid":"","year":"","loc":""},"ratings":[{"hgt":71,"stre":56,"spd":46,"jmp":62,"endu":51,"ins":42,"dnk":53,"ft":68,"fg":37,"tp":0,"blk":34,"stl":41,"drb":36,"pss":33,"reb":56,"pot":48}],"skills":[]},{"tid":-2,"name":"Andrew Lang","pos":"C","hgt":83,"weight":245,"imgURL":"http://www.tradingcarddb.com/Images/Cards/Basketball/2153/2153-303Fr.jpg","born":{"year":1966,"loc":"Pine Bluff, AR"},"contract":{"amount":"","exp":""},"draft":{"round":"","pick":"","tid":"","originalTid":"","year":"","loc":""},"ratings":[{"hgt":83,"stre":82,"spd":26,"jmp":28,"endu":45,"ins":63,"dnk":72,"ft":68,"fg":62,"tp":10,"blk":62,"stl":31,"drb":37,"pss":43,"reb":86,"pot":58}],"skills":[]},{"tid":-2,"name":"Vinny Del Negro","pos":"G","hgt":76,"weight":185,"imgURL":"http://a.espncdn.com/i/headshots/nba/players/65/197.jpg","born":{"year":1966,"loc":"Springfield, MS"},"contract":{"amount":"","exp":""},"draft":{"round":"","pick":"","tid":"","originalTid":"","year":"","loc":""},"ratings":[{"hgt":36,"stre":42,"spd":63,"jmp":46,"endu":63,"ins":54,"dnk":47,"ft":82,"fg":78,"tp":56,"blk":32,"stl":34,"drb":42,"pss":68,"reb":56,"pot":60}],"skills":[]},{"tid":-2,"name":"Fennis Dembo","pos":"SF","hgt":77,"weight":215,"imgURL":"http://wyohof.com/wp-content/uploads/2012/07/demboFennis1993.jpg","born":{"year":1966,"loc":"Mobile, AL"},"contract":{"amount":"","exp":""},"draft":{"round":"","pick":"","tid":"","originalTid":"","year":"","loc":""},"ratings":[{"hgt":47,"stre":45,"spd":54,"jmp":56,"endu":34,"ins":45,"dnk":45,"ft":57,"fg":43,"tp":57,"blk":36,"stl":46,"drb":42,"pss":45,"reb":54,"pot":48}],"skills":[]},{"tid":-2,"name":"Everette Stephens","pos":"PG","hgt":74,"weight":175,"imgURL":"http://www.thedraftreview.com/history/drafted1988/images/everette-stephens.jpg","born":{"year":1966,"loc":"Evanston, IL"},"contract":{"amount":"","exp":""},"draft":{"round":"","pick":"","tid":"","originalTid":"","year":"","loc":""},"ratings":[{"hgt":22,"stre":29,"spd":67,"jmp":51,"endu":52,"ins":25,"dnk":46,"ft":53,"fg":56,"tp":42,"blk":27,"stl":31,"drb":63,"pss":66,"reb":37,"pot":48}],"skills":[]},{"tid":-2,"name":"Charles Shackleford","pos":"FC","hgt":82,"weight":225,"imgURL":"http://www.stat-nba.com/image/playerImage/3396.jpg","born":{"year":1966,"loc":"Kinston, NC"},"contract":{"amount":"","exp":""},"draft":{"round":"","pick":"","tid":"","originalTid":"","year":"","loc":""},"ratings":[{"hgt":80,"stre":67,"spd":26,"jmp":56,"endu":55,"ins":73,"dnk":71,"ft":45,"fg":44,"tp":10,"blk":56,"stl":45,"drb":27,"pss":41,"reb":82,"pot":57}],"skills":[]},{"tid":-2,"name":"Grant Long","pos":"PF","hgt":80,"weight":225,"imgURL":"http://a.espncdn.com/i/headshots/nba/players/65/481.jpg","born":{"year":1966,"loc":"Wayne, MI"},"contract":{"amount":"","exp":""},"draft":{"round":"","pick":"","tid":"","originalTid":"","year":"","loc":""},"ratings":[{"hgt":67,"stre":79,"spd":42,"jmp":66,"endu":58,"ins":69,"dnk":70,"ft":73,"fg":63,"tp":22,"blk":43,"stl":56,"drb":44,"pss":42,"reb":78,"pot":59}],"skills":[]},{"tid":-2,"name":"Tom Tolbert","pos":"PF","hgt":79,"weight":235,"imgURL":"http://www.bayareasportsguy.com/wp-content/uploads/2013/10/Tom-Tolbert.jpg","born":{"year":1965,"loc":"Long Beach, CA"},"contract":{"amount":"","exp":""},"draft":{"round":"","pick":"","tid":"","originalTid":"","year":"","loc":""},"ratings":[{"hgt":60,"stre":67,"spd":41,"jmp":53,"endu":54,"ins":62,"dnk":57,"ft":72,"fg":55,"tp":32,"blk":62,"stl":46,"drb":44,"pss":50,"reb":75,"pot":56}],"skills":[]},{"tid":-2,"name":"Sylvester Gray","pos":"SF","hgt":78,"weight":230,"imgURL":"http://www.thedraftreview.com/history/drafted1988/images/sylvester-gray.jpg","born":{"year":1967,"loc":"Millington, TN"},"contract":{"amount":"","exp":""},"draft":{"round":"","pick":"","tid":"","originalTid":"","year":"","loc":""},"ratings":[{"hgt":54,"stre":56,"spd":62,"jmp":61,"endu":56,"ins":52,"dnk":56,"ft":70,"fg":63,"tp":29,"blk":42,"stl":43,"drb":37,"pss":56,"reb":63,"pot":56}],"skills":[]},{"tid":-2,"name":"Ledell Eackles","pos":"SG","hgt":77,"weight":220,"imgURL":"http://www.truthaboutit.net/pictures/eackles-ledell-skybox-front.jpg","born":{"year":1966,"loc":"Baton Rouge, LA"},"contract":{"amount":"","exp":""},"draft":{"round":"","pick":"","tid":"","originalTid":"","year":"","loc":""},"ratings":[{"hgt":43,"stre":43,"spd":57,"jmp":33,"endu":56,"ins":34,"dnk":41,"ft":62,"fg":66,"tp":65,"blk":52,"stl":56,"drb":45,"pss":53,"reb":47,"pot":51}],"skills":[]},{"tid":-2,"name":"Greg Butler","pos":"C","hgt":83,"weight":240,"imgURL":"http://www.thedraftreview.com/history/drafted1988/images/greg-butler.jpg","born":{"year":1966,"loc":"Inglewood, CA"},"contract":{"amount":"","exp":""},"draft":{"round":"","pick":"","tid":"","originalTid":"","year":"","loc":""},"ratings":[{"hgt":85,"stre":60,"spd":32,"jmp":47,"endu":54,"ins":63,"dnk":57,"ft":65,"fg":52,"tp":0,"blk":74,"stl":43,"drb":32,"pss":37,"reb":69,"pot":55}],"skills":[]},{"tid":-2,"name":"Dean Garrett","pos":"C","hgt":82,"weight":225,"imgURL":"http://a.espncdn.com/i/headshots/nba/players/65/262.jpg","born":{"year":1966,"loc":"Los Angeles, CA"},"contract":{"amount":"","exp":""},"draft":{"round":"","pick":"","tid":"","originalTid":"","year":"","loc":""},"ratings":[{"hgt":80,"stre":74,"spd":32,"jmp":55,"endu":45,"ins":63,"dnk":65,"ft":67,"fg":43,"tp":0,"blk":78,"stl":34,"drb":33,"pss":37,"reb":84,"pot":55}],"skills":[]},{"tid":-2,"name":"Tito Horford","pos":"C","hgt":85,"weight":245,"imgURL":"http://www.thedraftreview.com/history/drafted1988/images/tito-horford.jpg","born":{"year":1966,"loc":"LaRomana, Dominican Republic"},"contract":{"amount":"","exp":""},"draft":{"round":"","pick":"","tid":"","originalTid":"","year":"","loc":""},"ratings":[{"hgt":92,"stre":67,"spd":43,"jmp":43,"endu":43,"ins":62,"dnk":54,"ft":63,"fg":34,"tp":0,"blk":63,"stl":33,"drb":34,"pss":32,"reb":65,"pot":52}],"skills":[]},{"tid":-2,"name":"Orlando Graham","pos":"PF","hgt":80,"weight":220,"imgURL":"http://www.aumathletics.com/images/Hall%20of%20Fame%20Members/OrlandoGrahamHOFWeb.jpg","born":{"year":1965,"loc":"Montgomery, AL"},"contract":{"amount":"","exp":""},"draft":{"round":"","pick":"","tid":"","originalTid":"","year":"","loc":""},"ratings":[{"hgt":63,"stre":64,"spd":28,"jmp":65,"endu":37,"ins":45,"dnk":56,"ft":57,"fg":55,"tp":23,"blk":56,"stl":34,"drb":41,"pss":34,"reb":52,"pot":48}],"skills":[]},{"tid":-2,"name":"Keith Smart","pos":"PG","hgt":73,"weight":175,"imgURL":"http://www.thedraftreview.com/history/drafted1988/images/keith-smart.jpg","born":{"year":1964,"loc":"Baton Rouge, LA"},"contract":{"amount":"","exp":""},"draft":{"round":"","pick":"","tid":"","originalTid":"","year":"","loc":""},"ratings":[{"hgt":14,"stre":31,"spd":61,"jmp":62,"endu":55,"ins":32,"dnk":24,"ft":53,"fg":42,"tp":56,"blk":11,"stl":44,"drb":60,"pss":62,"reb":21,"pot":49}],"skills":[]},{"tid":-2,"name":"Jeff Moe","pos":"G","hgt":75,"weight":195,"imgURL":"http://www.thedraftreview.com/history/drafted1988/images/jeff-moe.jpg","born":{"year":1966,"loc":"Indianapolis, IN"},"contract":{"amount":"","exp":""},"draft":{"round":"","pick":"","tid":"","originalTid":"","year":"","loc":""},"ratings":[{"hgt":28,"stre":34,"spd":54,"jmp":54,"endu":60,"ins":34,"dnk":50,"ft":80,"fg":70,"tp":72,"blk":23,"stl":32,"drb":46,"pss":54,"reb":45,"pot":45}],"skills":[]},{"tid":-2,"name":"Todd Mitchell","pos":"SF","hgt":79,"weight":205,"imgURL":"http://grfx.cstv.com/photos/schools/pur/sports/genrel/auto_action/5547299.jpeg","born":{"year":1966,"loc":"Toledo, OH"},"contract":{"amount":"","exp":""},"draft":{"round":"","pick":"","tid":"","originalTid":"","year":"","loc":""},"ratings":[{"hgt":54,"stre":54,"spd":34,"jmp":45,"endu":37,"ins":43,"dnk":33,"ft":63,"fg":43,"tp":51,"blk":32,"stl":34,"drb":43,"pss":53,"reb":43,"pot":47}],"skills":[]},{"tid":-2,"name":"Anthony Taylor","pos":"PG","hgt":76,"weight":175,"imgURL":"http://www.thedraftreview.com/history/drafted1988/images/anthony-taylor.jpg","born":{"year":1965,"loc":"Los Angeles, CA"},"contract":{"amount":"","exp":""},"draft":{"round":"","pick":"","tid":"","originalTid":"","year":"","loc":""},"ratings":[{"hgt":36,"stre":46,"spd":62,"jmp":51,"endu":56,"ins":32,"dnk":43,"ft":70,"fg":44,"tp":46,"blk":36,"stl":54,"drb":63,"pss":59,"reb":32,"pot":47}],"skills":[]},{"tid":-2,"name":"Tom Garrick","pos":"SG","hgt":74,"weight":185,"imgURL":"http://www.thedraftreview.com/history/drafted1988/images/tom-garrick.jpg","born":{"year":1966,"loc":"West Warwick, RI"},"contract":{"amount":"","exp":""},"draft":{"round":"","pick":"","tid":"","originalTid":"","year":"","loc":""},"ratings":[{"hgt":21,"stre":22,"spd":60,"jmp":57,"endu":41,"ins":45,"dnk":37,"ft":55,"fg":62,"tp":74,"blk":34,"stl":43,"drb":44,"pss":47,"reb":41,"pot":50}],"skills":[]},{"tid":-2,"name":"Morlon Wiley","pos":"PG","hgt":76,"weight":185,"imgURL":"http://rivista-cdn.orlandomagazine.com/Orlando-Magazine/January-2014/Wiley,%20M_9091_OrlandoMagic.jpg","born":{"year":1966,"loc":"New Orleans, LA"},"contract":{"amount":"","exp":""},"draft":{"round":"","pick":"","tid":"","originalTid":"","year":"","loc":""},"ratings":[{"hgt":36,"stre":52,"spd":63,"jmp":44,"endu":53,"ins":42,"dnk":74,"ft":63,"fg":43,"tp":35,"blk":32,"stl":43,"drb":33,"pss":54,"reb":43,"pot":49}],"skills":[]},{"tid":-2,"name":"Vernon Maxwell","pos":"SG","hgt":76,"weight":180,"imgURL":"http://ww1.hdnux.com/photos/24/72/72/5484196/5/960x540.jpg","born":{"year":1965,"loc":"Gainesville, FL"},"contract":{"amount":"","exp":""},"draft":{"round":"","pick":"","tid":"","originalTid":"","year":"","loc":""},"ratings":[{"hgt":37,"stre":51,"spd":70,"jmp":66,"endu":59,"ins":30,"dnk":66,"ft":74,"fg":62,"tp":59,"blk":43,"stl":60,"drb":51,"pss":42,"reb":59,"pot":63}],"skills":[]},{"tid":-2,"name":"Micheal Williams","pos":"PG","hgt":74,"weight":175,"imgURL":"http://www.legendsofbasketball.com/wp-content/uploads/2012/05/Micheal-Williams3-181x181.jpg","born":{"year":1966,"loc":"Dallas, TX"},"contract":{"amount":"","exp":""},"draft":{"round":"","pick":"","tid":"","originalTid":"","year":"","loc":""},"ratings":[{"hgt":21,"stre":44,"spd":66,"jmp":52,"endu":55,"ins":47,"dnk":57,"ft":80,"fg":62,"tp":55,"blk":32,"stl":66,"drb":72,"pss":70,"reb":53,"pot":55}],"skills":[]},{"tid":-2,"name":"Jose Vargas","pos":"FC","hgt":82,"weight":225,"imgURL":"http://www.thedraftreview.com/history/drafted1988/images/jose-vargas.jpg","born":{"year":1963,"loc":"LaRomana, Dominican Republic"},"contract":{"amount":"","exp":""},"draft":{"round":"","pick":"","tid":"","originalTid":"","year":"","loc":""},"ratings":[{"hgt":77,"stre":67,"spd":34,"jmp":46,"endu":45,"ins":34,"dnk":23,"ft":45,"fg":43,"tp":54,"blk":23,"stl":34,"drb":33,"pss":43,"reb":76,"pot":53}],"skills":[]},{"tid":-2,"name":"Steve Kerr","pos":"G","hgt":75,"weight":175,"imgURL":"http://a.espncdn.com/i/headshots/nba/players/65/425.jpg","born":{"year":1965,"loc":"Lebanon"},"contract":{"amount":"","exp":""},"draft":{"round":"","pick":"","tid":"","originalTid":"","year":"","loc":""},"ratings":[{"hgt":30,"stre":37,"spd":56,"jmp":45,"endu":58,"ins":46,"dnk":0,"ft":82,"fg":74,"tp":87,"blk":32,"stl":56,"drb":64,"pss":73,"reb":34,"pot":57}],"skills":[]},{"tid":-2,"name":"Rob Lock","pos":"PF","hgt":81,"weight":225,"imgURL":"http://www.bigbluehistory.net/bb/Graphics/Players/robert_lock.jpg","born":{"year":1966,"loc":"Reedley, CA"},"contract":{"amount":"","exp":""},"draft":{"round":"","pick":"","tid":"","originalTid":"","year":"","loc":""},"ratings":[{"hgt":63,"stre":77,"spd":43,"jmp":57,"endu":52,"ins":45,"dnk":43,"ft":57,"fg":53,"tp":27,"blk":64,"stl":34,"drb":43,"pss":54,"reb":62,"pot":54}],"skills":[]},{"tid":-2,"name":"Derrick Hamilton","pos":"F","hgt":79,"weight":225,"imgURL":"http://www.eurobasket.com/photos/Hamilton_Derrek.jpg","born":{"year":1966,"loc":"Mobile, AL"},"contract":{"amount":"","exp":""},"draft":{"round":"","pick":"","tid":"","originalTid":"","year":"","loc":""},"ratings":[{"hgt":56,"stre":45,"spd":65,"jmp":64,"endu":34,"ins":54,"dnk":33,"ft":54,"fg":43,"tp":54,"blk":55,"stl":55,"drb":45,"pss":55,"reb":52,"pot":50}],"skills":[]},{"tid":-2,"name":"Anthony Mason","pos":"PF","hgt":79,"weight":250,"imgURL":"http://a.espncdn.com/i/headshots/nba/players/65/517.jpg","born":{"year":1966,"loc":"Miami, FL"},"contract":{"amount":"","exp":""},"draft":{"round":"","pick":"","tid":"","originalTid":"","year":"","loc":""},"ratings":[{"hgt":66,"stre":57,"spd":50,"jmp":63,"endu":74,"ins":64,"dnk":67,"ft":65,"fg":47,"tp":0,"blk":65,"stl":43,"drb":41,"pss":53,"reb":79,"pot":59}],"skills":[]},{"tid":-2,"name":"Jorge Gonzalez","pos":"C","hgt":91,"weight":403,"imgURL":"http://basketball.realgm.com/images/nba/4.2/profiles/photos/2006/Gonzales_Jorge_int.jpg","born":{"year":1966,"loc":"El Colorado, Argentina"},"contract":{"amount":"","exp":""},"draft":{"round":"","pick":"","tid":"","originalTid":"","year":"","loc":""},"ratings":[{"hgt":100,"stre":77,"spd":25,"jmp":18,"endu":34,"ins":54,"dnk":44,"ft":54,"fg":45,"tp":0,"blk":64,"stl":34,"drb":14,"pss":35,"reb":76,"pot":46}],"skills":[]},{"tid":-2,"name":"Gerald Paddio","pos":"SF","hgt":79,"weight":205,"imgURL":"http://static.bkref.com/images/players/paddige01.jpg","born":{"year":1965,"loc":"Lafayette, LA"},"contract":{"amount":"","exp":""},"draft":{"round":"","pick":"","tid":"","originalTid":"","year":"","loc":""},"ratings":[{"hgt":57,"stre":54,"spd":65,"jmp":36,"endu":43,"ins":24,"dnk":57,"ft":43,"fg":45,"tp":63,"blk":47,"stl":43,"drb":34,"pss":45,"reb":43,"pot":50}],"skills":[]},{"tid":-2,"name":"Barry Sumpter","pos":"FC","hgt":83,"weight":215,"imgURL":"http://www.thedraftreview.com/history/drafted1988/images/barry-sumpter.jpg","born":{"year":1965,"loc":"Brooklyn, IL"},"contract":{"amount":"","exp":""},"draft":{"round":"","pick":"","tid":"","originalTid":"","year":"","loc":""},"ratings":[{"hgt":86,"stre":61,"spd":43,"jmp":45,"endu":45,"ins":54,"dnk":57,"ft":64,"fg":56,"tp":32,"blk":64,"stl":43,"drb":45,"pss":46,"reb":63,"pot":56}],"skills":[]},{"tid":-2,"name":"Hernan Montenegro","pos":"FC","hgt":81,"weight":210,"imgURL":"http://www.thedraftreview.com/history/drafted1988/images/hernan-montenegro.jpg","born":{"year":1966,"loc":"Bahia Blanca, Argentina"},"contract":{"amount":"","exp":""},"draft":{"round":"","pick":"","tid":"","originalTid":"","year":"","loc":""},"ratings":[{"hgt":67,"stre":64,"spd":44,"jmp":57,"endu":66,"ins":23,"dnk":43,"ft":55,"fg":45,"tp":34,"blk":54,"stl":65,"drb":54,"pss":65,"reb":54,"pot":53}],"skills":[]},{"tid":-2,"name":"Duane Ferrell","pos":"SF","hgt":79,"weight":209,"imgURL":"http://d2cwpp38twqe55.cloudfront.net/images-008/players/ferredu01.jpg","born":{"year":1965,"loc":"Baltimore, MD"},"contract":{"amount":"","exp":""},"draft":{"round":"","pick":"","tid":"","originalTid":"","year":"","loc":""},"ratings":[{"hgt":57,"stre":55,"spd":54,"jmp":62,"endu":53,"ins":43,"dnk":54,"ft":34,"fg":54,"tp":34,"blk":44,"stl":34,"drb":23,"pss":43,"reb":54,"pot":52}],"skills":[]},{"tid":-2,"name":"Nate Johnston","pos":"F","hgt":80,"weight":210,"imgURL":"http://www.thedraftreview.com/history/drafted1988/images/nate-johnston.jpg","born":{"year":1966,"loc":"Birmingham, AL"},"contract":{"amount":"","exp":""},"draft":{"round":"","pick":"","tid":"","originalTid":"","year":"","loc":""},"ratings":[{"hgt":54,"stre":63,"spd":37,"jmp":65,"endu":45,"ins":65,"dnk":56,"ft":46,"fg":36,"tp":34,"blk":64,"stl":42,"drb":45,"pss":45,"reb":63,"pot":52}],"skills":[]},{"tid":-2,"name":"Tim Legler","pos":"G","hgt":76,"weight":200,"imgURL":"https://s-media-cache-ak0.pinimg.com/236x/23/b8/6d/23b86d04462b46a12906323c863d541c.jpg","born":{"year":1966,"loc":"Washington, DC"},"contract":{"amount":"","exp":""},"draft":{"round":"","pick":"","tid":"","originalTid":"","year":"","loc":""},"ratings":[{"hgt":35,"stre":14,"spd":55,"jmp":44,"endu":44,"ins":24,"dnk":33,"ft":83,"fg":73,"tp":83,"blk":13,"stl":63,"drb":64,"pss":60,"reb":32,"pot":52}],"skills":[]},{"tid":-2,"name":"Herbert Crook","pos":"GF","hgt":79,"weight":195,"imgURL":"http://www.thedraftreview.com/history/drafted1988/images/herbert-crook.jpg","born":{"year":1966,"loc":"Louisville, KY"},"contract":{"amount":"","exp":""},"draft":{"round":"","pick":"","tid":"","originalTid":"","year":"","loc":""},"ratings":[{"hgt":34,"stre":54,"spd":24,"jmp":54,"endu":65,"ins":34,"dnk":54,"ft":65,"fg":34,"tp":45,"blk":43,"stl":43,"drb":45,"pss":46,"reb":54,"pot":48}],"skills":[]},{"tid":-2,"name":"John Starks","pos":"SG","hgt":75,"weight":180,"imgURL":"http://a.espncdn.com/i/headshots/nba/players/65/804.jpg","born":{"year":1965,"loc":"Tulsa, OK"},"contract":{"amount":"","exp":""},"draft":{"round":"","pick":"","tid":"","originalTid":"","year":"","loc":""},"ratings":[{"hgt":45,"stre":55,"spd":62,"jmp":66,"endu":43,"ins":55,"dnk":66,"ft":46,"fg":47,"tp":53,"blk":23,"stl":43,"drb":62,"pss":55,"reb":65,"pot":61}],"skills":[]},{"tid":-2,"name":"Craig Neal","pos":"PG","hgt":77,"weight":165,"imgURL":"http://www.thedraftreview.com/history/drafted1988/images/craig-neal.jpg","born":{"year":1964,"loc":"Muncie, IN"},"contract":{"amount":"","exp":""},"draft":{"round":"","pick":"","tid":"","originalTid":"","year":"","loc":""},"ratings":[{"hgt":35,"stre":44,"spd":65,"jmp":56,"endu":23,"ins":43,"dnk":45,"ft":34,"fg":43,"tp":24,"blk":42,"stl":44,"drb":64,"pss":67,"reb":26,"pot":49}],"skills":[]},{"tid":-2,"name":"Winston Bennett","pos":"F","hgt":79,"weight":210,"imgURL":"http://www.thedraftreview.com/history/drafted1988/images/winston-bennett.jpg","born":{"year":1965,"loc":"Louisville, KY"},"contract":{"amount":"","exp":""},"draft":{"round":"","pick":"","tid":"","originalTid":"","year":"","loc":""},"ratings":[{"hgt":63,"stre":78,"spd":54,"jmp":52,"endu":38,"ins":56,"dnk":52,"ft":57,"fg":52,"tp":47,"blk":49,"stl":52,"drb":53,"pss":41,"reb":56,"pot":55}],"skills":[]},{"tid":-2,"name":"Corey Gaines","pos":"G","hgt":75,"weight":195,"imgURL":"http://i.imgur.com/8d4yRJI.png","born":{"year":1965,"loc":"Los Angeles, CA"},"contract":{"amount":"","exp":""},"draft":{"round":"","pick":"","tid":"","originalTid":"","year":"","loc":""},"ratings":[{"hgt":29,"stre":42,"spd":53,"jmp":33,"endu":43,"ins":37,"dnk":42,"ft":56,"fg":46,"tp":31,"blk":43,"stl":36,"drb":42,"pss":43,"reb":35,"pot":46}],"skills":[]},{"tid":-2,"name":"Dwight Boyd","pos":"SG","hgt":75,"weight":195,"imgURL":"http://www.thedraftreview.com/history/drafted1988/images/dwight-boyd.jpg","born":{"year":1964,"loc":"Memphis, TN"},"contract":{"amount":"","exp":""},"draft":{"round":"","pick":"","tid":"","originalTid":"","year":"","loc":""},"ratings":[{"hgt":29,"stre":34,"spd":33,"jmp":45,"endu":65,"ins":45,"dnk":45,"ft":45,"fg":45,"tp":56,"blk":33,"stl":23,"drb":43,"pss":54,"reb":34,"pot":47}],"skills":[]},{"tid":-2,"name":"Ricky Grace","pos":"PG","hgt":73,"weight":180,"imgURL":"http://www.thedraftreview.com/history/drafted1988/images/ricky-grace.jpg","born":{"year":1966,"loc":"Dallas, TX"},"contract":{"amount":"","exp":""},"draft":{"round":"","pick":"","tid":"","originalTid":"","year":"","loc":""},"ratings":[{"hgt":14,"stre":46,"spd":66,"jmp":48,"endu":51,"ins":46,"dnk":35,"ft":42,"fg":54,"tp":43,"blk":36,"stl":43,"drb":66,"pss":63,"reb":46,"pot":48}],"skills":[]},{"tid":-2,"name":"Michael Anderson","pos":"PG","hgt":71,"weight":184,"imgURL":"http://i1100.photobucket.com/albums/g403/jwisenberg1/1988-89%20NBA/San%20Antonio%20Spurs/Michael_Anderson_zps3b900595.jpg","born":{"year":1966,"loc":"Philadelphia, PA"},"contract":{"amount":"","exp":""},"draft":{"round":"","pick":"","tid":"","originalTid":"","year":"","loc":""},"ratings":[{"hgt":4,"stre":22,"spd":80,"jmp":58,"endu":54,"ins":35,"dnk":51,"ft":72,"fg":44,"tp":24,"blk":46,"stl":80,"drb":74,"pss":70,"reb":54,"pot":55}],"skills":[]},{"tid":-2,"name":"Phil Stinnie","pos":"PF","hgt":80,"weight":240,"imgURL":"http://www.thedraftreview.com/history/drafted1988/images/phil-stinnie.jpg","born":{"year":1964,"loc":"Charlottesville, VA"},"contract":{"amount":"","exp":""},"draft":{"round":"","pick":"","tid":"","originalTid":"","year":"","loc":""},"ratings":[{"hgt":65,"stre":32,"spd":46,"jmp":62,"endu":54,"ins":44,"dnk":56,"ft":34,"fg":54,"tp":15,"blk":65,"stl":34,"drb":24,"pss":43,"reb":55,"pot":52}],"skills":[]},{"tid":-2,"name":"Avery Johnson","pos":"PG","hgt":70,"weight":175,"imgURL":"http://d2cwpp38twqe55.cloudfront.net/images/images-002/players/johnsav01.jpg","born":{"year":1965,"loc":"New Orleans, LA"},"contract":{"amount":"","exp":""},"draft":{"round":"","pick":"","tid":"","originalTid":"","year":"","loc":""},"ratings":[{"hgt":2,"stre":59,"spd":64,"jmp":53,"endu":53,"ins":43,"dnk":55,"ft":75,"fg":54,"tp":13,"blk":33,"stl":65,"drb":71,"pss":64,"reb":36,"pot":58,"skills":[]}],"skills":[]}]}