{"startingSeason":2006,"players":[{"tid":-2,"name":"Andrea Bargnani","pos":"FC","hgt":84,"weight":225,"imgURL":"http://a.espncdn.com/combiner/i?img=/i/headshots/nba/players/full/2987.png&w=350&h=254","born":{"year":1985,"loc":"Rome, Italy"},"contract":{"amount":"","exp":""},"draft":{"round":"","pick":"","tid":"","originalTid":"","year":""},"ratings":[{"hgt":88,"stre":48,"spd":53,"jmp":66,"endu":64,"ins":78,"dnk":75,"ft":64,"fg":56,"tp":48,"blk":75,"stl":43,"drb":44,"pss":41,"reb":25,"pot":72,"skills":[]}]},{"tid":-2,"name":"LaMarcus Aldridge","pos":"FC","hgt":83,"weight":240,"imgURL":"http://a.espncdn.com/i/headshots/nba/players/full/2983.png","born":{"year":1985,"loc":"Dallas, TX"},"contract":{"amount":"","exp":""},"draft":{"round":"","pick":"","tid":"","originalTid":"","year":""},"ratings":[{"hgt":85,"stre":74,"spd":56,"jmp":77,"endu":82,"ins":82,"dnk":86,"ft":73,"fg":62,"tp":13,"blk":78,"stl":46,"drb":67,"pss":56,"reb":75,"pot":75,"skills":[]}]},{"tid":-2,"name":"Adam Morrison","pos":"SF","hgt":80,"weight":205,"imgURL":"http://a.espncdn.com/i/headshots/nba/players/full/3016.png","born":{"year":1984,"loc":"Glendive, MT"},"contract":{"amount":"","exp":""},"draft":{"round":"","pick":"","tid":"","originalTid":"","year":""},"ratings":[{"hgt":64,"stre":30,"spd":58,"jmp":54,"endu":54,"ins":44,"dnk":46,"ft":67,"fg":76,"tp":55,"blk":37,"stl":65,"drb":63,"pss":67,"reb":34,"pot":57,"skills":[]}]},{"tid":-2,"name":"Tyrus Thomas","pos":"FC","hgt":81,"weight":215,"imgURL":"http://a.espncdn.com/i/headshots/nba/players/full/3032.png","born":{"year":1986,"loc":"Baton Rouge, LA"},"contract":{"amount":"","exp":""},"draft":{"round":"","pick":"","tid":"","originalTid":"","year":""},"ratings":[{"hgt":84,"stre":76,"spd":56,"jmp":76,"endu":57,"ins":54,"dnk":66,"ft":74,"fg":35,"tp":25,"blk":74,"stl":45,"drb":23,"pss":54,"reb":76,"pot":64,"skills":[]}]},{"tid":-2,"name":"Shelden Williams","pos":"FC","hgt":81,"weight":250,"imgURL":"http://a.espncdn.com/i/headshots/nba/players/full/3040.png","born":{"year":1983,"loc":"Oklahoma City, OK"},"contract":{"amount":"","exp":""},"draft":{"round":"","pick":"","tid":"","originalTid":"","year":""},"ratings":[{"hgt":77,"stre":78,"spd":41,"jmp":57,"endu":53,"ins":75,"dnk":75,"ft":63,"fg":47,"tp":0,"blk":72,"stl":37,"drb":35,"pss":32,"reb":82,"pot":58,"skills":[]}]},{"tid":-2,"name":"Brandon Roy","pos":"SG","hgt":78,"weight":215,"imgURL":"http://a.espncdn.com/i/headshots/nba/players/full/3027.png","born":{"year":1984,"loc":"Seattle, WA"},"contract":{"amount":"","exp":""},"draft":{"round":"","pick":"","tid":"","originalTid":"","year":""},"ratings":[{"hgt":52,"stre":43,"spd":86,"jmp":80,"endu":70,"ins":46,"dnk":74,"ft":77,"fg":76,"tp":78,"blk":49,"stl":72,"drb":75,"pss":76,"reb":55,"pot":69,"skills":[]}]},{"tid":-2,"name":"Randy Foye","pos":"G","hgt":76,"weight":210,"imgURL":"http://a.espncdn.com/i/headshots/nba/players/full/3003.png","born":{"year":1983,"loc":"Newark, NJ"},"contract":{"amount":"","exp":""},"draft":{"round":"","pick":"","tid":"","originalTid":"","year":""},"ratings":[{"hgt":36,"stre":43,"spd":83,"jmp":60,"endu":63,"ins":46,"dnk":52,"ft":73,"fg":63,"tp":63,"blk":16,"stl":63,"drb":65,"pss":65,"reb":34,"pot":63,"skills":[]}]},{"tid":-2,"name":"Rudy Gay","pos":"SF","hgt":80,"weight":230,"imgURL":"http://4.bp.blogspot.com/-bwqgRY6uvZs/Tq2cxsuwGfI/AAAAAAAAANk/XRKWsX_FN9w/s1600/gay.png","born":{"year":1986,"loc":"Baltimore, MD"},"contract":{"amount":"","exp":""},"draft":{"round":"","pick":"","tid":"","originalTid":"","year":""},"ratings":[{"hgt":65,"stre":56,"spd":64,"jmp":69,"endu":58,"ins":56,"dnk":70,"ft":75,"fg":66,"tp":54,"blk":67,"stl":64,"drb":55,"pss":62,"reb":64,"pot":67,"skills":[]}]},{"tid":-2,"name":"Patrick O'Bryant","pos":"C","hgt":84,"weight":260,"imgURL":"http://a.espncdn.com/i/nba/draft2006/headshots/18950.jpg","born":{"year":1986,"loc":"Oskaloosa, IA"},"contract":{"amount":"","exp":""},"draft":{"round":"","pick":"","tid":"","originalTid":"","year":""},"ratings":[{"hgt":91,"stre":86,"spd":14,"jmp":63,"endu":43,"ins":73,"dnk":77,"ft":63,"fg":32,"tp":0,"blk":74,"stl":23,"drb":25,"pss":43,"reb":83,"pot":56,"skills":[]}]},{"tid":-2,"name":"Mouhamed Sene","pos":"C","hgt":83,"weight":230,"imgURL":"http://a.espncdn.com/i/nba/draft2006/headshots/18983.jpg","born":{"year":1986,"loc":"Thies, Senegal"},"contract":{"amount":"","exp":""},"draft":{"round":"","pick":"","tid":"","originalTid":"","year":""},"ratings":[{"hgt":84,"stre":75,"spd":34,"jmp":66,"endu":55,"ins":75,"dnk":78,"ft":64,"fg":23,"tp":0,"blk":67,"stl":43,"drb":44,"pss":36,"reb":75,"pot":58,"skills":[]}]},{"tid":-2,"name":"J.J. Redick","pos":"G","hgt":76,"weight":190,"imgURL":"http://a.espncdn.com/i/headshots/nba/players/full/3024.png","born":{"year":1984,"loc":"Cookeville, TN"},"contract":{"amount":"","exp":""},"draft":{"round":"","pick":"","tid":"","originalTid":"","year":""},"ratings":[{"hgt":43,"stre":44,"spd":70,"jmp":48,"endu":58,"ins":43,"dnk":56,"ft":74,"fg":75,"tp":76,"blk":37,"stl":65,"drb":74,"pss":67,"reb":41,"pot":66,"skills":[]}]},{"tid":-2,"name":"Hilton Armstrong","pos":"FC","hgt":83,"weight":235,"imgURL":"http://a.espncdn.com/i/headshots/nba/players/full/2984.png","born":{"year":1984,"loc":"Peekskill, NY"},"contract":{"amount":"","exp":""},"draft":{"round":"","pick":"","tid":"","originalTid":"","year":""},"ratings":[{"hgt":73,"stre":74,"spd":36,"jmp":62,"endu":63,"ins":74,"dnk":75,"ft":62,"fg":37,"tp":10,"blk":75,"stl":34,"drb":25,"pss":21,"reb":82,"pot":58,"skills":[]}]},{"tid":-2,"name":"Thabo Sefolosha","pos":"GF","hgt":77,"weight":215,"imgURL":"http://a.espncdn.com/combiner/i?img=/i/headshots/nba/players/full/3028.png&w=350&h=254","born":{"year":1984,"loc":"Vevey, Switzerland"},"contract":{"amount":"","exp":""},"draft":{"round":"","pick":"","tid":"","originalTid":"","year":""},"ratings":[{"hgt":52,"stre":40,"spd":64,"jmp":66,"endu":58,"ins":45,"dnk":57,"ft":62,"fg":50,"tp":78,"blk":43,"stl":56,"drb":52,"pss":78,"reb":56,"pot":63,"skills":[]}]},{"tid":-2,"name":"Ronnie Brewer","pos":"GF","hgt":79,"weight":220,"imgURL":"http://a.espncdn.com/i/headshots/nba/players/full/2991.png","born":{"year":1985,"loc":"Portland, OR"},"contract":{"amount":"","exp":""},"draft":{"round":"","pick":"","tid":"","originalTid":"","year":""},"ratings":[{"hgt":57,"stre":45,"spd":56,"jmp":42,"endu":67,"ins":45,"dnk":54,"ft":63,"fg":66,"tp":53,"blk":45,"stl":45,"drb":54,"pss":62,"reb":34,"pot":56,"skills":[]}]},{"tid":-2,"name":"Cedric Simmons","pos":"PF","hgt":81,"weight":235,"imgURL":"http://a.espncdn.com/i/nba/draft2006/headshots/18956.jpg","born":{"year":1986,"loc":"Shallotte, NC"},"contract":{"amount":"","exp":""},"draft":{"round":"","pick":"","tid":"","originalTid":"","year":""},"ratings":[{"hgt":72,"stre":78,"spd":43,"jmp":45,"endu":53,"ins":66,"dnk":68,"ft":62,"fg":45,"tp":0,"blk":66,"stl":45,"drb":32,"pss":52,"reb":67,"pot":57,"skills":[]}]},{"tid":-2,"name":"Rodney Carney","pos":"GF","hgt":79,"weight":205,"imgURL":"http://a.espncdn.com/i/headshots/nba/players/full/2995.png","born":{"year":1984,"loc":"Memphis, TN"},"contract":{"amount":"","exp":""},"draft":{"round":"","pick":"","tid":"","originalTid":"","year":""},"ratings":[{"hgt":43,"stre":45,"spd":63,"jmp":53,"endu":62,"ins":54,"dnk":51,"ft":63,"fg":63,"tp":43,"blk":45,"stl":62,"drb":65,"pss":63,"reb":56,"pot":58,"skills":[]}]},{"tid":-2,"name":"Shawne Williams","pos":"GF","hgt":81,"weight":225,"imgURL":"http://a.espncdn.com/i/headshots/nba/players/full/3038.png","born":{"year":1986,"loc":"Memphis, TN"},"contract":{"amount":"","exp":""},"draft":{"round":"","pick":"","tid":"","originalTid":"","year":""},"ratings":[{"hgt":45,"stre":46,"spd":63,"jmp":46,"endu":64,"ins":45,"dnk":47,"ft":65,"fg":63,"tp":60,"blk":43,"stl":64,"drb":73,"pss":65,"reb":32,"pot":58,"skills":[]}]},{"tid":-2,"name":"Oleksiy Pecherov","pos":"C","hgt":84,"weight":234,"imgURL":"http://a.espncdn.com/i/nba/draft2006/headshots/18910.jpg","born":{"year":1985,"loc":"Donetsk, Ukraine"},"contract":{"amount":"","exp":""},"draft":{"round":"","pick":"","tid":"","originalTid":"","year":""},"ratings":[{"hgt":91,"stre":94,"spd":5,"jmp":50,"endu":38,"ins":62,"dnk":61,"ft":60,"fg":23,"tp":0,"blk":75,"stl":24,"drb":17,"pss":43,"reb":76,"pot":59,"skills":[]}]},{"tid":-2,"name":"Quincy Douby","pos":"PG","hgt":75,"weight":175,"imgURL":"http://a.espncdn.com/i/nba/draft2006/headshots/18971.jpg","born":{"year":1984,"loc":"Brooklyn, NY"},"contract":{"amount":"","exp":""},"draft":{"round":"","pick":"","tid":"","originalTid":"","year":""},"ratings":[{"hgt":35,"stre":32,"spd":87,"jmp":34,"endu":56,"ins":43,"dnk":34,"ft":67,"fg":63,"tp":63,"blk":22,"stl":64,"drb":56,"pss":63,"reb":12,"pot":52,"skills":[]}]},{"tid":-2,"name":"Renaldo Balkman","pos":"SF","hgt":80,"weight":208,"imgURL":"http://a.espncdn.com/i/headshots/nba/players/full/2986.png","born":{"year":1984,"loc":"Staten Island, NY"},"contract":{"amount":"","exp":""},"draft":{"round":"","pick":"","tid":"","originalTid":"","year":""},"ratings":[{"hgt":52,"stre":67,"spd":36,"jmp":63,"endu":63,"ins":34,"dnk":64,"ft":63,"fg":54,"tp":24,"blk":56,"stl":63,"drb":54,"pss":63,"reb":67,"pot":58,"skills":[]}]},{"tid":-2,"name":"Rajon Rondo","pos":"PG","hgt":73,"weight":171,"imgURL":"http://a.espncdn.com/i/headshots/nba/players/full/3026.png","born":{"year":1986,"loc":"Louisville, KY"},"contract":{"amount":"","exp":""},"draft":{"round":"","pick":"","tid":"","originalTid":"","year":""},"ratings":[{"hgt":16,"stre":32,"spd":86,"jmp":56,"endu":55,"ins":46,"dnk":52,"ft":72,"fg":64,"tp":39,"blk":14,"stl":67,"drb":83,"pss":85,"reb":72,"pot":65,"skills":[]}]},{"tid":-2,"name":"Marcus Williams","pos":"PG","hgt":75,"weight":205,"imgURL":"http://a.espncdn.com/i/nba/draft2006/headshots/18846.jpg","born":{"year":1985,"loc":"Los Angeles, CA"},"contract":{"amount":"","exp":""},"draft":{"round":"","pick":"","tid":"","originalTid":"","year":""},"ratings":[{"hgt":30,"stre":45,"spd":62,"jmp":43,"endu":55,"ins":35,"dnk":45,"ft":64,"fg":65,"tp":56,"blk":35,"stl":67,"drb":63,"pss":73,"reb":32,"pot":56,"skills":[]}]},{"tid":-2,"name":"Josh Boone","pos":"FC","hgt":82,"weight":237,"imgURL":"http://a.espncdn.com/i/headshots/nba/players/full/2990.png","born":{"year":1984,"loc":"Mount Airy, MD"},"contract":{"amount":"","exp":""},"draft":{"round":"","pick":"","tid":"","originalTid":"","year":""},"ratings":[{"hgt":83,"stre":75,"spd":32,"jmp":65,"endu":51,"ins":66,"dnk":58,"ft":63,"fg":23,"tp":0,"blk":75,"stl":45,"drb":20,"pss":33,"reb":74,"pot":56,"skills":[]}]},{"tid":-2,"name":"Kyle Lowry","pos":"PG","hgt":72,"weight":175,"imgURL":"http://a.espncdn.com/i/headshots/nba/players/full/3012.png","born":{"year":1986,"loc":"Philadelphia, PA"},"contract":{"amount":"","exp":""},"draft":{"round":"","pick":"","tid":"","originalTid":"","year":""},"ratings":[{"hgt":10,"stre":52,"spd":77,"jmp":54,"endu":65,"ins":53,"dnk":63,"ft":78,"fg":73,"tp":73,"blk":34,"stl":67,"drb":83,"pss":84,"reb":43,"pot":66,"skills":[]}]},{"tid":-2,"name":"Shannon Brown","pos":"SG","hgt":76,"weight":205,"imgURL":"http://a.espncdn.com/i/headshots/nba/players/full/2992.png","born":{"year":1985,"loc":"Maywood, IL"},"contract":{"amount":"","exp":""},"draft":{"round":"","pick":"","tid":"","originalTid":"","year":""},"ratings":[{"hgt":42,"stre":30,"spd":70,"jmp":76,"endu":55,"ins":56,"dnk":66,"ft":73,"fg":55,"tp":58,"blk":43,"stl":73,"drb":76,"pss":62,"reb":34,"pot":58,"skills":[]}]},{"tid":-2,"name":"Jordan Farmar","pos":"PG","hgt":74,"weight":180,"imgURL":"http://a.espncdn.com/i/headshots/nba/players/full/3002.png","born":{"year":1986,"loc":"Los Angeles, CA"},"contract":{"amount":"","exp":""},"draft":{"round":"","pick":"","tid":"","originalTid":"","year":""},"ratings":[{"hgt":21,"stre":35,"spd":75,"jmp":45,"endu":56,"ins":23,"dnk":48,"ft":75,"fg":67,"tp":61,"blk":45,"stl":67,"drb":64,"pss":74,"reb":34,"pot":56,"skills":[]}]},{"tid":-2,"name":"Sergio Rodriguez","pos":"PG","hgt":75,"weight":168,"imgURL":"http://a.espncdn.com/i/nba/draft2006/headshots/18861.jpg","born":{"year":1986,"loc":"Tenerife, Spain"},"contract":{"amount":"","exp":""},"draft":{"round":"","pick":"","tid":"","originalTid":"","year":""},"ratings":[{"hgt":41,"stre":35,"spd":64,"jmp":67,"endu":54,"ins":45,"dnk":54,"ft":63,"fg":54,"tp":56,"blk":21,"stl":64,"drb":67,"pss":62,"reb":34,"pot":56,"skills":[]}]},{"tid":-2,"name":"Maurice Ager","pos":"SG","hgt":77,"weight":202,"imgURL":"http://a.espncdn.com/i/headshots/nba/players/full/2982.png","born":{"year":1984,"loc":"Detroit, MI"},"contract":{"amount":"","exp":""},"draft":{"round":"","pick":"","tid":"","originalTid":"","year":""},"ratings":[{"hgt":43,"stre":42,"spd":65,"jmp":56,"endu":45,"ins":32,"dnk":46,"ft":65,"fg":62,"tp":61,"blk":34,"stl":54,"drb":56,"pss":62,"reb":43,"pot":54,"skills":[]}]},{"tid":-2,"name":"Mardy Collins","pos":"GF","hgt":78,"weight":220,"imgURL":"http://a.espncdn.com/i/nba/draft2006/headshots/18850.jpg","born":{"year":1984,"loc":"Philadelphia, PA"},"contract":{"amount":"","exp":""},"draft":{"round":"","pick":"","tid":"","originalTid":"","year":""},"college":"Temple","ratings":[{"hgt":50,"stre":45,"spd":56,"jmp":42,"endu":52,"ins":45,"dnk":54,"ft":63,"fg":66,"tp":53,"blk":45,"stl":45,"drb":54,"pss":62,"reb":34,"pot":53,"skills":[]}]},{"tid":-2,"name":"Joel Freeland","pos":"FC","hgt":82,"weight":250,"imgURL":"http://a.espncdn.com/i/nba/draft2006/headshots/19010.jpg","born":{"year":1987,"loc":"Farnham, United Kingdom"},"contract":{"amount":"","exp":""},"draft":{"round":"","pick":"","tid":"","originalTid":"","year":""},"ratings":[{"hgt":91,"stre":64,"spd":5,"jmp":74,"endu":45,"ins":75,"dnk":76,"ft":53,"fg":23,"tp":0,"blk":75,"stl":24,"drb":27,"pss":43,"reb":78,"pot":57,"skills":[]}]},{"tid":-2,"name":"James White","pos":"GF","hgt":79,"weight":200,"imgURL":"http://a.espncdn.com/i/headshots/nba/players/full/3037.png","born":{"year":1982,"loc":"Washington, DC"},"contract":{"amount":"","exp":""},"draft":{"round":"","pick":"","tid":"","originalTid":"","year":""},"ratings":[{"hgt":43,"stre":45,"spd":56,"jmp":82,"endu":47,"ins":45,"dnk":54,"ft":63,"fg":56,"tp":53,"blk":62,"stl":45,"drb":54,"pss":62,"reb":34,"pot":54,"skills":[]}]},{"tid":-2,"name":"Steve Novak","pos":"PF","hgt":82,"weight":220,"imgURL":"http://a.espncdn.com/i/headshots/nba/players/full/3018.png","born":{"year":1983,"loc":"Libertyville, IL"},"contract":{"amount":"","exp":""},"draft":{"round":"","pick":"","tid":"","originalTid":"","year":""},"ratings":[{"hgt":79,"stre":47,"spd":30,"jmp":25,"endu":58,"ins":30,"dnk":50,"ft":85,"fg":82,"tp":86,"blk":55,"stl":24,"drb":27,"pss":43,"reb":78,"pot":55,"skills":[]}]},{"tid":-2,"name":"Solomon Jones","pos":"FC","hgt":82,"weight":230,"imgURL":"http://a.espncdn.com/i/headshots/nba/players/full/3010.png","born":{"year":1984,"loc":"Eustis, FL"},"contract":{"amount":"","exp":""},"draft":{"round":"","pick":"","tid":"","originalTid":"","year":""},"ratings":[{"hgt":91,"stre":64,"spd":35,"jmp":74,"endu":45,"ins":75,"dnk":76,"ft":53,"fg":23,"tp":0,"blk":75,"stl":24,"drb":27,"pss":43,"reb":78,"pot":52,"skills":[]}]},{"tid":-2,"name":"Paul Davis","pos":"FC","hgt":83,"weight":270,"imgURL":"http://basketball.realgm.com/images/nba/4.2/profiles/photos/2006/Davis_Paul_euro.jpg","born":{"year":1984,"loc":"Rochester, MI"},"contract":{"amount":"","exp":""},"draft":{"round":"","pick":"","tid":"","originalTid":"","year":""},"ratings":[{"hgt":91,"stre":84,"spd":5,"jmp":74,"endu":40,"ins":75,"dnk":76,"ft":53,"fg":23,"tp":0,"blk":75,"stl":24,"drb":27,"pss":43,"reb":78,"pot":50,"skills":[]}]},{"tid":-2,"name":"P.J. Tucker","pos":"GF","hgt":77,"weight":225,"imgURL":"http://a.espncdn.com/i/headshots/nba/players/full/3033.png","born":{"year":1985,"loc":"Raleigh, NC"},"contract":{"amount":"","exp":""},"draft":{"round":"","pick":"","tid":"","originalTid":"","year":""},"ratings":[{"hgt":43,"stre":43,"spd":65,"jmp":54,"endu":55,"ins":54,"dnk":54,"ft":74,"fg":56,"tp":57,"blk":43,"stl":54,"drb":53,"pss":54,"reb":53,"pot":56,"skills":[]}]},{"tid":-2,"name":"Craig Smith","pos":"PF","hgt":79,"weight":250,"imgURL":"http://a.espncdn.com/i/headshots/nba/players/full/3031.png","born":{"year":1983,"loc":"Inglewood, CA"},"contract":{"amount":"","exp":""},"draft":{"round":"","pick":"","tid":"","originalTid":"","year":""},"ratings":[{"hgt":91,"stre":74,"spd":35,"jmp":74,"endu":40,"ins":75,"dnk":76,"ft":53,"fg":23,"tp":0,"blk":75,"stl":24,"drb":27,"pss":43,"reb":78,"pot":54,"skills":[]}]},{"tid":-2,"name":"Bobby Jones","pos":"GF","hgt":79,"weight":215,"imgURL":"http://a.espncdn.com/i/headshots/nba/players/65/3011.jpg","born":{"year":1984,"loc":"Compton, CA"},"contract":{"amount":"","exp":""},"draft":{"round":"","pick":"","tid":"","originalTid":"","year":""},"ratings":[{"hgt":57,"stre":44,"spd":65,"jmp":74,"endu":40,"ins":25,"dnk":76,"ft":53,"fg":23,"tp":40,"blk":35,"stl":64,"drb":27,"pss":43,"reb":48,"pot":54,"skills":[]}]},{"tid":-2,"name":"Kosta Perovic","pos":"C","hgt":86,"weight":240,"imgURL":"http://prijemni.infostud.com/sta_su_studirali_poznati/files/fakultet_150/kosta_perovic.jpg","born":{"year":1985,"loc":"Osijek, Croatia"},"contract":{"amount":"","exp":""},"draft":{"round":"","pick":"","tid":"","originalTid":"","year":""},"ratings":[{"hgt":91,"stre":74,"spd":25,"jmp":64,"endu":50,"ins":75,"dnk":76,"ft":53,"fg":23,"tp":0,"blk":75,"stl":30,"drb":27,"pss":43,"reb":78,"pot":58,"skills":[]}]},{"tid":-2,"name":"David Noel","pos":"PF","hgt":78,"weight":230,"imgURL":"http://image.cdnllnwnl.xosnetwork.com/pics32/400/RI/RIKNFOTIYQWWHHJ.20120620194213.jpeg","born":{"year":1984,"loc":"Durham, NC"},"contract":{"amount":"","exp":""},"draft":{"round":"","pick":"","tid":"","originalTid":"","year":""},"ratings":[{"hgt":50,"stre":86,"spd":5,"jmp":58,"endu":50,"ins":64,"dnk":56,"ft":53,"fg":23,"tp":0,"blk":65,"stl":33,"drb":27,"pss":43,"reb":72,"pot":54,"skills":[]}]},{"tid":-2,"name":"Denham Brown","pos":"GF","hgt":77,"weight":218,"imgURL":"http://www.fiba.com/images/web/Events/10/FWCM/headshots/CAN/_215/102.jpg","born":{"year":1983,"loc":"Toronto, Canada"},"contract":{"amount":"","exp":""},"draft":{"round":"","pick":"","tid":"","originalTid":"","year":""},"ratings":[{"hgt":43,"stre":43,"spd":65,"jmp":45,"endu":54,"ins":34,"dnk":54,"ft":65,"fg":65,"tp":67,"blk":43,"stl":54,"drb":65,"pss":65,"reb":43,"pot":52,"skills":[]}]},{"tid":-2,"name":"James Augustine","pos":"PF","hgt":82,"weight":235,"imgURL":"http://l.yimg.com/a/p/sp/rivals/full.30239/7aee254e1421e84e0aa59559550569aa/james-augustine.jpg","born":{"year":1984,"loc":"Midlothian, IL"},"contract":{"amount":"","exp":""},"draft":{"round":"","pick":"","tid":"","originalTid":"","year":""},"ratings":[{"hgt":79,"stre":60,"spd":57,"jmp":40,"endu":50,"ins":64,"dnk":63,"ft":53,"fg":23,"tp":20,"blk":52,"stl":24,"drb":27,"pss":43,"reb":68,"pot":54,"skills":[]}]},{"tid":-2,"name":"Daniel Gibson","pos":"G","hgt":74,"weight":190,"imgURL":"http://a.espncdn.com/i/headshots/nba/players/full/3006.png","born":{"year":1986,"loc":"Houston, TX"},"contract":{"amount":"","exp":""},"draft":{"round":"","pick":"","tid":"","originalTid":"","year":""},"ratings":[{"hgt":21,"stre":35,"spd":70,"jmp":62,"endu":67,"ins":45,"dnk":60,"ft":63,"fg":66,"tp":57,"blk":45,"stl":45,"drb":64,"pss":62,"reb":34,"pot":56,"skills":[]}]},{"tid":-2,"name":"Marcus Vinicius","pos":"SF","hgt":80,"weight":225,"imgURL":"http://a.espncdn.com/i/nba/draft2006/headshots/18948.jpg","born":{"year":1984,"loc":"Rio de Janeiro, Brazil"},"contract":{"amount":"","exp":""},"draft":{"round":"","pick":"","tid":"","originalTid":"","year":""},"ratings":[{"hgt":43,"stre":45,"spd":56,"jmp":42,"endu":67,"ins":45,"dnk":54,"ft":63,"fg":66,"tp":53,"blk":45,"stl":45,"drb":54,"pss":62,"reb":34,"pot":53,"skills":[]}]},{"tid":-2,"name":"Lior Eliyahu","pos":"PF","hgt":79,"weight":225,"imgURL":"http://basketball.realgm.com/images/nba/4.2/profiles/photos/2006/Eliyahu_Lior_hou.jpg","born":{"year":1985,"loc":"Ramat Gan, Israel"},"contract":{"amount":"","exp":""},"draft":{"round":"","pick":"","tid":"","originalTid":"","year":""},"ratings":[{"hgt":57,"stre":55,"spd":43,"jmp":56,"endu":43,"ins":55,"dnk":56,"ft":66,"fg":45,"tp":23,"blk":55,"stl":43,"drb":34,"pss":37,"reb":60,"pot":55,"skills":[]}]},{"tid":-2,"name":"Alexander Johnson","pos":"PF","hgt":81,"weight":240,"imgURL":"http://a.espncdn.com/i/headshots/nba/players/full/3009.png","born":{"year":1983,"loc":"Albany, GA"},"contract":{"amount":"","exp":""},"draft":{"round":"","pick":"","tid":"","originalTid":"","year":""},"ratings":[{"hgt":71,"stre":94,"spd":5,"jmp":74,"endu":10,"ins":75,"dnk":76,"ft":53,"fg":23,"tp":0,"blk":75,"stl":24,"drb":27,"pss":43,"reb":78,"pot":54,"skills":[]}]},{"tid":-2,"name":"Dee Brown","pos":"PG","hgt":72,"weight":185,"imgURL":"http://a.espncdn.com/i/headshots/nba/players/full/2994.png","born":{"year":1984,"loc":"Jackson, MS"},"contract":{"amount":"","exp":""},"draft":{"round":"","pick":"","tid":"","originalTid":"","year":""},"ratings":[{"hgt":8,"stre":45,"spd":56,"jmp":42,"endu":67,"ins":45,"dnk":54,"ft":63,"fg":66,"tp":53,"blk":45,"stl":45,"drb":54,"pss":62,"reb":34,"pot":56,"skills":[]}]},{"tid":-2,"name":"Paul Millsap","pos":"PF","hgt":80,"weight":245,"imgURL":"http://a.espncdn.com/i/headshots/nba/players/full/3015.png","born":{"year":1985,"loc":"Monroe, LA"},"contract":{"amount":"","exp":""},"draft":{"round":"","pick":"","tid":"","originalTid":"","year":""},"ratings":[{"hgt":64,"stre":75,"spd":54,"jmp":62,"endu":52,"ins":67,"dnk":68,"ft":70,"fg":62,"tp":22,"blk":67,"stl":54,"drb":43,"pss":50,"reb":77,"pot":67,"skills":[]}]},{"tid":-2,"name":"Vladimir Veremeenko","pos":"PF","hgt":80,"weight":229,"imgURL":"http://basketball.realgm.com/images/nba/4.2/profiles/photos/2006/Veremeenko_Vladimir_was.jpg","born":{"year":1984,"loc":"Belarus"},"contract":{"amount":"","exp":""},"draft":{"round":"","pick":"","tid":"","originalTid":"","year":""},"ratings":[{"hgt":65,"stre":76,"spd":54,"jmp":54,"endu":43,"ins":65,"dnk":62,"ft":64,"fg":43,"tp":12,"blk":63,"stl":43,"drb":45,"pss":47,"reb":65,"pot":52,"skills":[]}]},{"tid":-2,"name":"Leon Powe","pos":"FC","hgt":80,"weight":240,"imgURL":"http://a.espncdn.com/i/headshots/nba/players/full/3023.png","born":{"year":1984,"loc":"Berkeley, CA"},"contract":{"amount":"","exp":""},"draft":{"round":"","pick":"","tid":"","originalTid":"","year":""},"ratings":[{"hgt":82,"stre":72,"spd":34,"jmp":78,"endu":52,"ins":65,"dnk":73,"ft":62,"fg":23,"tp":12,"blk":78,"stl":23,"drb":23,"pss":23,"reb":78,"pot":56,"skills":[]}]},{"tid":-2,"name":"Ryan Hollins","pos":"FC","hgt":84,"weight":230,"imgURL":"http://a.espncdn.com/i/headshots/nba/players/full/3008.png","born":{"year":1984,"loc":"Pasadena, CA"},"contract":{"amount":"","exp":""},"draft":{"round":"","pick":"","tid":"","originalTid":"","year":""},"ratings":[{"hgt":90,"stre":78,"spd":12,"jmp":74,"endu":34,"ins":68,"dnk":74,"ft":65,"fg":14,"tp":4,"blk":65,"stl":16,"drb":34,"pss":13,"reb":74,"pot":48,"skills":[]}]},{"tid":-2,"name":"Cheikh Samb","pos":"C","hgt":85,"weight":245,"imgURL":"http://www.acb.com/fotos_cara/jugadores/JY1MLACB54.jpg","born":{"year":1984,"loc":"Dakar, Senegal"},"contract":{"amount":"","exp":""},"draft":{"round":"","pick":"","tid":"","originalTid":"","year":""},"ratings":[{"hgt":93,"stre":76,"spd":32,"jmp":74,"endu":27,"ins":62,"dnk":67,"ft":67,"fg":43,"tp":0,"blk":71,"stl":32,"drb":33,"pss":15,"reb":77,"pot":52,"skills":[]}]},{"tid":-2,"name":"Guillermo Diaz","pos":"SG","hgt":74,"weight":192,"imgURL":"http://a.espncdn.com/i/nba/draft2006/headshots/18851.jpg","born":{"year":1985,"loc":"San Juan, Puerto Rico"},"contract":{"amount":"","exp":""},"draft":{"round":"","pick":"","tid":"","originalTid":"","year":""},"ratings":[{"hgt":44,"stre":45,"spd":56,"jmp":42,"endu":67,"ins":45,"dnk":54,"ft":63,"fg":66,"tp":53,"blk":45,"stl":45,"drb":54,"pss":62,"reb":34,"pot":54,"skills":[]}]},{"tid":-2,"name":"Yotam Halperin","pos":"SG","hgt":76,"weight":210,"imgURL":"http://basketball.realgm.com/images/nba/4.2/profiles/photos/2006/Halperin_Yotam_sea.jpg","born":{"year":1984,"loc":"Tel Aviv, Israel"},"contract":{"amount":"","exp":""},"draft":{"round":"","pick":"","tid":"","originalTid":"","year":""},"ratings":[{"hgt":43,"stre":45,"spd":76,"jmp":62,"endu":54,"ins":34,"dnk":45,"ft":65,"fg":69,"tp":62,"blk":43,"stl":43,"drb":54,"pss":65,"reb":21,"pot":53,"skills":[]}]},{"tid":-2,"name":"Hassan Adams","pos":"SG","hgt":76,"weight":220,"imgURL":"http://wc.arizona.edu/papers/97/basketball/mugs/Adams_Hassan.jpg","born":{"year":1984,"loc":"Inglewood, CA"},"contract":{"amount":"","exp":""},"draft":{"round":"","pick":"","tid":"","originalTid":"","year":""},"ratings":[{"hgt":43,"stre":45,"spd":56,"jmp":42,"endu":67,"ins":45,"dnk":54,"ft":63,"fg":66,"tp":53,"blk":45,"stl":45,"drb":54,"pss":62,"reb":34,"pot":56,"skills":[]}]},{"tid":-2,"name":"Ejike Ugboaja","pos":"F","hgt":81,"weight":225,"imgURL":"http://basketball.realgm.com/images/nba/4.2/profiles/photos/2006/Ugboaja_Ejike_cle.jpg","born":{"year":1985,"loc":"Lagos, Nigeria"},"contract":{"amount":"","exp":""},"draft":{"round":"","pick":"","tid":"","originalTid":"","year":""},"ratings":[{"hgt":65,"stre":67,"spd":23,"jmp":64,"endu":54,"ins":63,"dnk":65,"ft":58,"fg":43,"tp":13,"blk":65,"stl":34,"drb":37,"pss":43,"reb":65,"pot":56,"skills":[]}]},{"tid":-2,"name":"Edin Bavcic","pos":"C","hgt":80,"weight":242,"imgURL":"http://content.draftexpress.com/headshots/edinbavcic.jpg","born":{"year":1984,"loc":"Foca, Bosnia"},"contract":{"amount":"","exp":""},"draft":{"round":"","pick":"","tid":"","originalTid":"","year":""},"ratings":[{"hgt":86,"stre":75,"spd":15,"jmp":78,"endu":43,"ins":65,"dnk":76,"ft":43,"fg":23,"tp":0,"blk":76,"stl":43,"drb":36,"pss":45,"reb":76,"pot":56,"skills":[]}]},{"tid":-2,"name":"Loukas Mavrokefalidis","pos":"C","hgt":82,"weight":260,"imgURL":"http://basketball.realgm.com/images/nba/4.2/profiles/photos/2006/Mavrokefalidis_Loukas_euro.jpg","born":{"year":1984,"loc":"Jesenik, Czech Republic"},"contract":{"amount":"","exp":""},"draft":{"round":"","pick":"","tid":"","originalTid":"","year":""},"ratings":[{"hgt":80,"stre":82,"spd":36,"jmp":35,"endu":34,"ins":66,"dnk":55,"ft":54,"fg":34,"tp":0,"blk":65,"stl":43,"drb":15,"pss":46,"reb":69,"pot":55,"skills":[]}]},{"tid":-2,"name":"J.R. Pinnock","pos":"SG","hgt":77,"weight":207,"imgURL":"http://basketball.realgm.com/images/nba/4.2/profiles/photos/2006/Pinnock_JR_por.jpg","born":{"year":1983,"loc":"Fort Hood, TX"},"contract":{"amount":"","exp":""},"draft":{"round":"","pick":"","tid":"","originalTid":"","year":""},"ratings":[{"hgt":45,"stre":41,"spd":66,"jmp":45,"endu":52,"ins":32,"dnk":38,"ft":62,"fg":63,"tp":64,"blk":34,"stl":51,"drb":61,"pss":60,"reb":43,"pot":56,"skills":[]}]},{"tid":-2,"name":"Damir Markota","pos":"PF","hgt":82,"weight":225,"imgURL":"http://www.nba.com/media/mediacentralns/damir_markota.jpg","born":{"year":1985,"loc":"Sarajevo, Bosnia"},"contract":{"amount":"","exp":""},"draft":{"round":"","pick":"","tid":"","originalTid":"","year":""},"ratings":[{"hgt":79,"stre":67,"spd":23,"jmp":73,"endu":23,"ins":73,"dnk":63,"ft":34,"fg":54,"tp":12,"blk":65,"stl":43,"drb":32,"pss":32,"reb":75,"pot":52,"skills":[]}]},{"tid":-2,"name":"Will Blalock","pos":"PG","hgt":72,"weight":205,"imgURL":"http://www.nba.com/media/mediacentralns/will_blalock.jpg","born":{"year":1983,"loc":"Boston, MA"},"contract":{"amount":"","exp":""},"draft":{"round":"","pick":"","tid":"","originalTid":"","year":""},"ratings":[{"hgt":7,"stre":45,"spd":56,"jmp":42,"endu":54,"ins":45,"dnk":54,"ft":63,"fg":66,"tp":53,"blk":45,"stl":45,"drb":66,"pss":62,"reb":34,"pot":54,"skills":[]}]},{"tid":-2,"name":"Lou Amundson","pos":"PF","hgt":81,"weight":225,"imgURL":"http://basketball.realgm.com/images/nba/4.2/profiles/photos/2006/Amundson_Lou_cle14.jpg","born":{"year":1982,"loc":"Ventura, CA"},"contract":{"amount":"","exp":""},"draft":{"round":"","pick":"","tid":"","originalTid":"","year":""},"ratings":[{"hgt":72,"stre":75,"spd":43,"jmp":43,"endu":45,"ins":55,"dnk":57,"ft":58,"fg":47,"tp":36,"blk":55,"stl":43,"drb":29,"pss":47,"reb":67,"pot":53,"skills":[]}]},{"tid":-2,"name":"J.J. Barea","pos":"G","hgt":72,"weight":178,"imgURL":"http://basketball.realgm.com/images/nba/4.2/profiles/photos/2006/Barea_JJ_min14.jpg","born":{"year":1984,"loc":"Mayaguez, Puerto Rico"},"contract":{"amount":"","exp":""},"draft":{"round":"","pick":"","tid":"","originalTid":"","year":""},"ratings":[{"hgt":7,"stre":43,"spd":86,"jmp":58,"endu":56,"ins":23,"dnk":65,"ft":72,"fg":68,"tp":63,"blk":36,"stl":60,"drb":67,"pss":62,"reb":33,"pot":58,"skills":[]}]},{"tid":-2,"name":"C.J. Watson","pos":"G","hgt":74,"weight":175,"imgURL":"http://basketball.realgm.com/images/nba/4.2/profiles/photos/2006/Watson_CJ_ind14.jpg","born":{"year":1984,"loc":"Las Vegas, NV"},"contract":{"amount":"","exp":""},"draft":{"round":"","pick":"","tid":"","originalTid":"","year":""},"ratings":[{"hgt":52,"stre":56,"spd":63,"jmp":56,"endu":62,"ins":45,"dnk":62,"ft":63,"fg":67,"tp":64,"blk":23,"stl":56,"drb":65,"pss":54,"reb":32,"pot":55,"skills":[]}]},{"tid":-2,"name":"Chris Quinn","pos":"G","hgt":74,"weight":175,"imgURL":"http://basketball.realgm.com/images/nba/4.2/profiles/photos/2006/Quinn_Chris_mia.jpg","born":{"year":1983,"loc":"New Orleans, LA"},"contract":{"amount":"","exp":""},"draft":{"round":"","pick":"","tid":"","originalTid":"","year":""},"ratings":[{"hgt":21,"stre":32,"spd":54,"jmp":56,"endu":46,"ins":42,"dnk":32,"ft":65,"fg":62,"tp":62,"blk":36,"stl":62,"drb":65,"pss":67,"reb":34,"pot":56,"skills":[]}]},{"tid":-2,"name":"Pops Mensah-Bonsu","pos":"F","hgt":81,"weight":235,"imgURL":"http://basketball.realgm.com/images/nba/4.2/profiles/photos/2006/Dwene_PopsMensah.jpg","born":{"year":1983,"loc":"London, United Kingdom"},"contract":{"amount":"","exp":""},"draft":{"round":"","pick":"","tid":"","originalTid":"","year":""},"ratings":[{"hgt":71,"stre":65,"spd":43,"jmp":63,"endu":56,"ins":65,"dnk":67,"ft":62,"fg":54,"tp":12,"blk":65,"stl":54,"drb":45,"pss":41,"reb":65,"pot":53,"skills":[]}]},{"tid":-2,"name":"Tarence Kinsey","pos":"GF","hgt":78,"weight":185,"imgURL":"http://basketball.realgm.com/images/nba/4.2/profiles/photos/2006/Kinsey_Tarence_cle.jpg","born":{"year":1984,"loc":"Tampa, FL"},"contract":{"amount":"","exp":""},"draft":{"round":"","pick":"","tid":"","originalTid":"","year":""},"ratings":[{"hgt":50,"stre":45,"spd":54,"jmp":45,"endu":57,"ins":54,"dnk":56,"ft":65,"fg":43,"tp":37,"blk":45,"stl":54,"drb":56,"pss":52,"reb":54,"pot":53,"skills":[]}]},{"tid":-2,"name":"Jeremy Richardson","pos":"SF","hgt":78,"weight":185,"imgURL":"http://basketball.realgm.com/images/nba/4.2/profiles/photos/2006/Richardson_Jeremy_orl.jpg","born":{"year":1984,"loc":"Allentown, PA"},"contract":{"amount":"","exp":""},"draft":{"round":"","pick":"","tid":"","originalTid":"","year":""},"ratings":[{"hgt":54,"stre":47,"spd":56,"jmp":64,"endu":52,"ins":54,"dnk":61,"ft":65,"fg":54,"tp":45,"blk":54,"stl":52,"drb":62,"pss":54,"reb":65,"pot":57,"skills":[]}]},{"tid":-2,"name":"Chris Copeland","pos":"PF","hgt":79,"weight":235,"imgURL":"http://basketball.realgm.com/images/nba/4.2/profiles/photos/2006/Copeland_Chris_ind14.jpg","born":{"year":1984,"loc":"Orange, NJ"},"contract":{"amount":"","exp":""},"draft":{"round":"","pick":"","tid":"","originalTid":"","year":""},"ratings":[{"hgt":60,"stre":59,"spd":52,"jmp":62,"endu":55,"ins":56,"dnk":54,"ft":62,"fg":55,"tp":56,"blk":54,"stl":65,"drb":41,"pss":51,"reb":62,"pot":58,"skills":[]}]},{"tid":-2,"name":"Thomas Gardner","pos":"SG","hgt":77,"weight":225,"imgURL":"http://basketball.realgm.com/images/nba/4.2/profiles/photos/2006/Gardner_Thomas_atl.jpg","born":{"year":1985,"loc":"Portland, OR"},"contract":{"amount":"","exp":""},"draft":{"round":"","pick":"","tid":"","originalTid":"","year":""},"ratings":[{"hgt":42,"stre":35,"spd":63,"jmp":63,"endu":56,"ins":25,"dnk":67,"ft":62,"fg":54,"tp":12,"blk":35,"stl":54,"drb":35,"pss":41,"reb":45,"pot":48,"skills":[]}]},{"tid":-2,"name":"Chris Hunter","pos":"SF","hgt":83,"weight":240,"imgURL":"http://basketball.realgm.com/images/nba/4.2/profiles/photos/2006/Hunter_Chris_dleague.jpg","born":{"year":1984,"loc":"Gary, IN"},"contract":{"amount":"","exp":""},"draft":{"round":"","pick":"","tid":"","originalTid":"","year":""},"ratings":[{"hgt":62,"stre":55,"spd":53,"jmp":63,"endu":56,"ins":35,"dnk":67,"ft":62,"fg":54,"tp":12,"blk":65,"stl":54,"drb":45,"pss":41,"reb":65,"pot":47,"skills":[]}]}]}