{"startingSeason":1998,
"players":[{"tid":-2,"name":"Michael Olowokandi","pos":"C","hgt":84,"weight":269,"imgURL":"http://a.espncdn.com/i/headshots/nba/players/65/621.jpg","born":{"year":1975,"loc":"Lagos, Nigeria"},"contract":{"amount":"","exp":""},"draft":{"round":"","pick":"","tid":"","originalTid":"","year":""},
"college":"Pacific","ratings":[{"hgt":87,"stre":80,"spd":65,"jmp":44,"endu":64,"ins":66,"dnk":59,"ft":54,"fg":54,"tp":0,"blk":74,"stl":43,"drb":33,"pss":54,"reb":77,"pot":59}],"skills":[]},{"tid":-2,"name":"Mike Bibby","pos":"PG","hgt":73,"weight":190,"imgURL":"http://a.espncdn.com/combiner/i?img=/i/headshots/nba/players/full/61.png&w=350&h=254","born":{"year":1978,"loc":"Cherry Hill, NJ"},"contract":{"amount":"","exp":""},"draft":{"round":"","pick":"","tid":"","originalTid":"","year":""},
"college":"Arizona","ratings":[{"hgt":14,"stre":44,"spd":69,"jmp":65,"endu":64,"ins":34,"dnk":64,"ft":43,"fg":60,"tp":44,"blk":54,"stl":65,"drb":77,"pss":76,"reb":54,"pot":66}],"skills":[]},{"tid":-2,"name":"Raef LaFrentz","pos":"FC","hgt":83,"weight":240,"imgURL":"http://assets.espn.go.com/i/headshots/nba/players/65/454.jpg","born":{"year":1976,"loc":"Hampton, IA"},"contract":{"amount":"","exp":""},"draft":{"round":"","pick":"","tid":"","originalTid":"","year":""},
"college":"Kansas","ratings":[{"hgt":86,"stre":58,"spd":56,"jmp":65,"endu":55,"ins":65,"dnk":65,"ft":45,"fg":66,"tp":45,"blk":54,"stl":34,"drb":44,"pss":54,"reb":34,"pot":58}],"skills":[]},{"tid":-2,"name":"Antawn Jamison","pos":"PF","hgt":80,"weight":223,"imgURL":"http://a.espncdn.com/combiner/i?img=/i/headshots/nba/players/full/385.png&w=350&h=254","born":{"year":1976,"loc":"Shreveport, LA"},"contract":{"amount":"","exp":""},"draft":{"round":"","pick":"","tid":"","originalTid":"","year":""},
"college":"North Carolina","ratings":[{"hgt":87,"stre":76,"spd":54,"jmp":67,"endu":65,"ins":75,"dnk":74,"ft":54,"fg":65,"tp":32,"blk":65,"stl":54,"drb":56,"pss":43,"reb":87,"pot":74}],"skills":[]},{"tid":-2,"name":"Vince Carter","pos":"GF","hgt":78,"weight":215,"imgURL":"http://4umf.com/wp-content/uploads/2013/01/vince-carter.png","born":{"year":1977,"loc":"Daytona Beach, FL"},"contract":{"amount":"","exp":""},"draft":{"round":"","pick":"","tid":"","originalTid":"","year":""},
"college":"North Carolina","ratings":[{"hgt":55,"stre":57,"spd":87,"jmp":94,"endu":87,"ins":56,"dnk":96,"ft":76,"fg":65,"tp":63,"blk":45,"stl":74,"drb":74,"pss":75,"reb":45,"pot":84}],"skills":[]},{"tid":-2,"name":"Robert Traylor","pos":"FC","hgt":80,"weight":284,"imgURL":"http://www.cavshistory.com/images/players/Robert_Traylor.jpg","born":{"year":1977,"loc":"Detroit, MI"},"contract":{"amount":"","exp":""},"draft":{"round":"","pick":"","tid":"","originalTid":"","year":""},
"college":"Michigan","ratings":[{"hgt":82,"stre":86,"spd":45,"jmp":40,"endu":55,"ins":54,"dnk":34,"ft":54,"fg":65,"tp":0,"blk":56,"stl":45,"drb":34,"pss":54,"reb":65,"pot":59}],"skills":[]},{"tid":-2,"name":"Jason Williams","pos":"PG","hgt":73,"weight":190,
"imgURL":"http://a.espncdn.com/combiner/i?img=/i/headshots/nba/players/full/933.png&w=350&h=254","born":{"year":1975,"loc":"Belle, WV"},"contract":{"amount":"","exp":""},"draft":{"round":"","pick":"","tid":"","originalTid":"","year":""},
"college":"Florida","ratings":[{"hgt":17,"stre":35,"spd":84,"jmp":65,"endu":70,"ins":35,"dnk":69,"ft":65,"fg":56,"tp":54,"blk":55,"stl":75,"drb":82,"pss":76,"reb":45,"pot":63}],"skills":[]},{"tid":-2,"name":"Larry Hughes","pos":"GF","hgt":77,"weight":184,"imgURL":"http://a.espncdn.com/combiner/i?img=/i/headshots/nba/players/full/356.png&w=350&h=254","born":{"year":1979,"loc":"St. Louis, MO"},"contract":{"amount":"","exp":""},"draft":{"round":"","pick":"","tid":"","originalTid":"","year":""},
"college":"Saint Louis","ratings":[{"hgt":45,"stre":30,"spd":67,"jmp":72,"endu":69,"ins":44,"dnk":74,"ft":65,"fg":72,"tp":64,"blk":34,"stl":64,"drb":58,"pss":57,"reb":54,"pot":67}],"skills":[]},{"tid":-2,"name":"Dirk Nowitzki","pos":"FC","hgt":84,"weight":237,"imgURL":"http://a.espncdn.com/combiner/i?img=/i/headshots/nba/players/full/609.png&w=350&h=254","born":{"year":1978,"loc":"Wurzburg, Germany"},"contract":{"amount":"","exp":""},"draft":{"round":"","pick":"","tid":"","originalTid":"","year":""},
"college":"Germany","ratings":[{"hgt":93,"stre":46,"spd":61,"jmp":75,"endu":45,"ins":60,"dnk":64,"ft":74,"fg":64,"tp":52,"blk":60,"stl":54,"drb":51,"pss":54,"reb":66,"pot":85}],"skills":[]},{"tid":-2,"name":"Paul Pierce","pos":"GF","hgt":78,"weight":230,"imgURL":"http://a.espncdn.com/combiner/i?img=/i/headshots/nba/players/full/662.png&w=350&h=254","born":{"year":1977,"loc":"Oakland, CA"},"contract":{"amount":"","exp":""},"draft":{"round":"","pick":"","tid":"","originalTid":"","year":""},
"college":"Kansas","ratings":[{"hgt":64,"stre":50,"spd":76,"jmp":76,"endu":82,"ins":39,"dnk":80,"ft":83,"fg":76,"tp":73,"blk":54,"stl":65,"drb":60,"pss":69,"reb":65,"pot":82}],"skills":[]},{"tid":-2,"name":"Bonzi Wells","pos":"GF","hgt":77,"weight":210,"imgURL":"http://espn.go.com/i/nba/profiles/players/65x90/3254.jpg","born":{"year":1976,"loc":"Muncie, IN"},"contract":{"amount":"","exp":""},"draft":{"round":"","pick":"","tid":"","originalTid":"","year":""},
"college":"Ball State","ratings":[{"hgt":54,"stre":35,"spd":72,"jmp":75,"endu":54,"ins":35,"dnk":60,"ft":65,"fg":45,"tp":53,"blk":65,"stl":45,"drb":65,"pss":45,"reb":65,"pot":62}],"skills":[]},{"tid":-2,"name":"Michael Doleac","pos":"C","hgt":83,"weight":262,"imgURL":"http://a.espncdn.com/i/headshots/nba/players/65/207.jpg","born":{"year":1977,"loc":"San Antonio, TX"},"contract":{"amount":"","exp":""},"draft":{"round":"","pick":"","tid":"","originalTid":"","year":""},
"college":"Utah","ratings":[{"hgt":85,"stre":72,"spd":35,"jmp":25,"endu":54,"ins":65,"dnk":54,"ft":45,"fg":55,"tp":0,"blk":66,"stl":45,"drb":25,"pss":45,"reb":74,"pot":55}],"skills":[]},{"tid":-2,"name":"Keon Clark","pos":"FC","hgt":83,"weight":220,"imgURL":"http://a.espncdn.com/i/headshots/nba/players/65/149.jpg","born":{"year":1975,"loc":"Danville, IL"},"contract":{"amount":"","exp":""},"draft":{"round":"","pick":"","tid":"","originalTid":"","year":""},
"college":"UNLV","ratings":[{"hgt":83,"stre":63,"spd":59,"jmp":75,"endu":57,"ins":62,"dnk":59,"ft":65,"fg":56,"tp":10,"blk":85,"stl":35,"drb":35,"pss":45,"reb":73,"pot":59}],"skills":[]},{"tid":-2,"name":"Michael Dickerson","pos":"SG","hgt":77,"weight":190,"imgURL":"http://a.espncdn.com/i/headshots/nba/players/65/203.jpg","born":{"year":1975,"loc":"Greenville, SC"},"contract":{"amount":"","exp":""},"draft":{"round":"","pick":"","tid":"","originalTid":"","year":""},
"college":"Arizona","ratings":[{"hgt":43,"stre":33,"spd":60,"jmp":54,"endu":65,"ins":45,"dnk":55,"ft":80,"fg":75,"tp":83,"blk":40,"stl":60,"drb":50,"pss":65,"reb":44,"pot":58}],"skills":[]},{"tid":-2,"name":"Matt Harpring","pos":"GF","hgt":79,"weight":231,"imgURL":"http://a.espncdn.com/i/headshots/nba/players/65/306.jpg","born":{"year":1976,"loc":"Cincinnati, OH"},"contract":{"amount":"","exp":""},"draft":{"round":"","pick":"","tid":"","originalTid":"","year":""},
"college":"Georgia Tech","ratings":[{"hgt":57,"stre":39,"spd":50,"jmp":44,"endu":55,"ins":44,"dnk":45,"ft":75,"fg":77,"tp":75,"blk":45,"stl":64,"drb":54,"pss":54,"reb":43,"pot":57}],"skills":[]},{"tid":-2,"name":"Bryce Drew","pos":"PG","hgt":74,"weight":185,"imgURL":"http://a.espncdn.com/i/headshots/nba/players/65/211.jpg","born":{"year":1974,"loc":"Baton Rouge, LA"},"contract":{"amount":"","exp":""},"draft":{"round":"","pick":"","tid":"","originalTid":"","year":""},
"college":"Valparaiso","ratings":[{"hgt":21,"stre":20,"spd":58,"jmp":47,"endu":45,"ins":27,"dnk":45,"ft":65,"fg":44,"tp":65,"blk":45,"stl":66,"drb":76,"pss":73,"reb":35,"pot":51}],"skills":[]},{"tid":-2,"name":"Rasho Nesterovic","pos":"C","hgt":84,"weight":248,"imgURL":"http://a.espncdn.com/i/headshots/nba/players/65/598.jpg","born":{"year":1976,"loc":"Ljubljana, Slovenia"},"contract":{"amount":"","exp":""},"draft":{"round":"","pick":"","tid":"","originalTid":"","year":""},
"college":"Slovenia","ratings":[{"hgt":88,"stre":75,"spd":45,"jmp":54,"endu":34,"ins":65,"dnk":56,"ft":65,"fg":56,"tp":0,"blk":66,"stl":43,"drb":34,"pss":55,"reb":45,"pot":58}],"skills":[]},{"tid":-2,"name":"Mirsad Turkcan","pos":"PF","hgt":81,"weight":236,"imgURL":"http://www.thedraftreview.com/history/drafted1998/images/mirsad-turkcan.jpg","born":{"year":1976,"loc":"Novi Pazar, Serbia"},"contract":{"amount":"","exp":""},"draft":{"round":"","pick":"","tid":"","originalTid":"","year":""},"ratings":[{"hgt":72,"stre":64,"spd":44,"jmp":65,"endu":55,"ins":65,"dnk":55,"ft":45,"fg":66,"tp":12,"blk":35,"stl":65,"drb":44,"pss":55,"reb":62,"pot":54}],"skills":[]},{"tid":-2,"name":"Pat Garrity","pos":"PF","hgt":81,"weight":238,"imgURL":"http://a.espncdn.com/i/headshots/nba/players/65/264.jpg","born":{"year":1976,"loc":"Las Vegas, NV"},"contract":{"amount":"","exp":""},"draft":{"round":"","pick":"","tid":"","originalTid":"","year":""},
"college":"Notre Dame","ratings":[{"hgt":74,"stre":65,"spd":54,"jmp":43,"endu":54,"ins":43,"dnk":46,"ft":55,"fg":69,"tp":75,"blk":65,"stl":44,"drb":55,"pss":45,"reb":65,"pot":56}],"skills":[]},{"tid":-2,"name":"Roshown McLeod","pos":"SF","hgt":80,"weight":221,"imgURL":"http://hssn-media.advance.net/NJ.com/news/fc9306887d20846cd5dcb4fb2d6467f5/Roshown%20McLeod.png","born":{"year":1975,"loc":"Jersey City, NJ"},"contract":{"amount":"","exp":""},"draft":{"round":"","pick":"","tid":"","originalTid":"","year":""},
"college":"Duke","ratings":[{"hgt":54,"stre":55,"spd":55,"jmp":65,"endu":44,"ins":45,"dnk":54,"ft":65,"fg":43,"tp":65,"blk":44,"stl":54,"drb":44,"pss":34,"reb":54,"pot":54}],"skills":[]},{"tid":-2,"name":"Ricky Davis","pos":"GF","hgt":78,"weight":195,"imgURL":"http://www.thedraftreview.com/history/drafted1998/images/ricky-davis.jpg","born":{"year":1979,"loc":"Las Vegas, NV"},"contract":{"amount":"","exp":""},"draft":{"round":"","pick":"","tid":"","originalTid":"","year":""},
"college":"Iowa","ratings":[{"hgt":50,"stre":45,"spd":70,"jmp":83,"endu":45,"ins":25,"dnk":84,"ft":54,"fg":45,"tp":55,"blk":65,"stl":45,"drb":62,"pss":45,"reb":65,"pot":67}],"skills":[]},{"tid":-2,"name":"Brian Skinner","pos":"FC","hgt":81,"weight":255,"imgURL":"http://a.espncdn.com/combiner/i?img=/i/headshots/nba/players/full/779.png&w=350&h=254","born":{"year":1976,"loc":"Temple, TX"},"contract":{"amount":"","exp":""},"draft":{"round":"","pick":"","tid":"","originalTid":"","year":""},
"college":"Baylor","ratings":[{"hgt":72,"stre":75,"spd":45,"jmp":45,"endu":49,"ins":54,"dnk":54,"ft":54,"fg":25,"tp":0,"blk":65,"stl":54,"drb":34,"pss":44,"reb":72,"pot":54}],"skills":[]},{"tid":-2,"name":"Tyronn Lue","pos":"PG","hgt":72,"weight":175,"imgURL":"http://a.espncdn.com/i/headshots/nba/players/65/489.jpg","born":{"year":1977,"loc":"Mexico, MO"},"contract":{"amount":"","exp":""},"draft":{"round":"","pick":"","tid":"","originalTid":"","year":""},
"college":"Nebraska","ratings":[{"hgt":7,"stre":31,"spd":74,"jmp":65,"endu":44,"ins":65,"dnk":45,"ft":65,"fg":77,"tp":45,"blk":65,"stl":45,"drb":65,"pss":67,"reb":38,"pot":57}],"skills":[]},{"tid":-2,"name":"Felipe Lopez","pos":"G","hgt":77,"weight":199,"imgURL":"http://a.espncdn.com/i/headshots/nba/players/65/485.jpg","born":{"year":1974,"loc":"Santo Domingo, Dominican Republic"},"contract":{"amount":"","exp":""},"draft":{"round":"","pick":"","tid":"","originalTid":"","year":""},
"college":"St. John's","ratings":[{"hgt":44,"stre":45,"spd":55,"jmp":75,"endu":44,"ins":54,"dnk":65,"ft":55,"fg":65,"tp":56,"blk":45,"stl":65,"drb":44,"pss":65,"reb":56,"pot":56}],"skills":[]},{"tid":-2,"name":"Al Harrington","pos":"FC","hgt":81,"weight":230,"imgURL":"http://a.espncdn.com/combiner/i?img=/i/headshots/nba/players/full/308.png&w=350&h=254","born":{"year":1980,"loc":"Orange, NJ"},"contract":{"amount":"","exp":""},"draft":{"round":"","pick":"","tid":"","originalTid":"","year":""},
"college":"St. Patrick HS (NJ)","ratings":[{"hgt":75,"stre":45,"spd":45,"jmp":65,"endu":55,"ins":45,"dnk":34,"ft":54,"fg":66,"tp":54,"blk":65,"stl":77,"drb":56,"pss":45,"reb":65,"pot":73}],"skills":[]},{"tid":-2,"name":"Sam Jacobson","pos":"PG","hgt":76,"weight":215,"imgURL":"http://www.latimes.com/includes/projects/img/lakers/bio_photos/sam_jacobson.jpg","born":{"year":1975,"loc":"Cottage Grove, MN"},"contract":{"amount":"","exp":""},"draft":{"round":"","pick":"","tid":"","originalTid":"","year":""},
"college":"Minnesota","ratings":[{"hgt":35,"stre":32,"spd":62,"jmp":55,"endu":53,"ins":34,"dnk":55,"ft":65,"fg":58,"tp":38,"blk":44,"stl":54,"drb":73,"pss":65,"reb":54,"pot":56}],"skills":[]},{"tid":-2,"name":"Vladimir Stepania","pos":"C","hgt":84,"weight":236,"imgURL":"http://a.espncdn.com/i/headshots/nba/players/65/805.jpg","born":{"year":1976,"loc":"Tbilissi, Georgia"},"contract":{"amount":"","exp":""},"draft":{"round":"","pick":"","tid":"","originalTid":"","year":""},
"college":"Slovenia","ratings":[{"hgt":90,"stre":55,"spd":50,"jmp":55,"endu":50,"ins":66,"dnk":45,"ft":66,"fg":45,"tp":0,"blk":55,"stl":55,"drb":45,"pss":60,"reb":45,"pot":55}],"skills":[]},{"tid":-2,"name":"Corey Benjamin","pos":"G","hgt":78,"weight":200,"imgURL":"http://a.espncdn.com/i/headshots/nba/players/65/52.jpg","born":{"year":1978,"loc":"Compton, CA"},"contract":{"amount":"","exp":""},"draft":{"round":"","pick":"","tid":"","originalTid":"","year":""},
"college":"Oregon State","ratings":[{"hgt":52,"stre":33,"spd":62,"jmp":66,"endu":45,"ins":23,"dnk":54,"ft":66,"fg":45,"tp":34,"blk":55,"stl":65,"drb":63,"pss":56,"reb":56,"pot":56}],"skills":[]},{"tid":-2,"name":"Nazr Mohammed","pos":"FC","hgt":82,"weight":221,"imgURL":"http://a.espncdn.com/combiner/i?img=/i/headshots/nba/players/full/568.png&w=350&h=254","born":{"year":1977,"loc":"Chicago, IL"},"contract":{"amount":"","exp":""},"draft":{"round":"","pick":"","tid":"","originalTid":"","year":""},
"college":"Kentucky","ratings":[{"hgt":80,"stre":75,"spd":45,"jmp":45,"endu":55,"ins":65,"dnk":45,"ft":65,"fg":55,"tp":0,"blk":74,"stl":65,"drb":25,"pss":45,"reb":77,"pot":57}],"skills":[]},{"tid":-2,"name":"Ansu Sesay","pos":"SF","hgt":81,"weight":225,"imgURL":"http://grfx.cstv.com/schools/ole/graphics/ansu-sesay.jpg","born":{"year":1976,"loc":"Greensboro, NC"},"contract":{"amount":"","exp":""},"draft":{"round":"","pick":"","tid":"","originalTid":"","year":""},
"college":"Mississippi","ratings":[{"hgt":71,"stre":44,"spd":61,"jmp":35,"endu":44,"ins":25,"dnk":60,"ft":65,"fg":45,"tp":44,"blk":45,"stl":65,"drb":44,"pss":54,"reb":66,"pot":54}],"skills":[]},{"tid":-2,"name":"Ruben Patterson","pos":"GF","hgt":77,"weight":224,"imgURL":"http://a.espncdn.com/i/headshots/nba/players/65/638.jpg","born":{"year":1975,"loc":"Cleveland, OH"},"contract":{"amount":"","exp":""},"draft":{"round":"","pick":"","tid":"","originalTid":"","year":""},
"college":"Cincinnati","ratings":[{"hgt":45,"stre":65,"spd":55,"jmp":45,"endu":35,"ins":35,"dnk":60,"ft":65,"fg":45,"tp":66,"blk":45,"stl":64,"drb":34,"pss":56,"reb":54,"pot":62}],"skills":[]},{"tid":-2,"name":"Rashard Lewis","pos":"SF","hgt":82,"weight":215,"imgURL":"http://a.espncdn.com/combiner/i?img=/i/headshots/nba/players/full/469.png&w=350&h=254","born":{"year":1979,"loc":"Pineville, LA"},"contract":{"amount":"","exp":""},"draft":{"round":"","pick":"","tid":"","originalTid":"","year":""},
"college":"Alief Elsik HS (TX)","ratings":[{"hgt":78,"stre":42,"spd":66,"jmp":65,"endu":34,"ins":45,"dnk":52,"ft":66,"fg":46,"tp":46,"blk":72,"stl":45,"drb":41,"pss":42,"reb":59,"pot":71}],"skills":[]},{"tid":-2,"name":"Jelani McCoy","pos":"C","hgt":82,"weight":245,"imgURL":"http://a.espncdn.com/i/headshots/nba/players/65/525.jpg","born":{"year":1977,"loc":"Oakland, CA"},"contract":{"amount":"","exp":""},"draft":{"round":"","pick":"","tid":"","originalTid":"","year":""},
"college":"UCLA","ratings":[{"hgt":79,"stre":64,"spd":43,"jmp":54,"endu":66,"ins":76,"dnk":56,"ft":44,"fg":65,"tp":0,"blk":56,"stl":34,"drb":54,"pss":36,"reb":65,"pot":55}],"skills":[]},{"tid":-2,"name":"Shammond Williams","pos":"G","hgt":73,"weight":201,"imgURL":"http://a.espncdn.com/i/headshots/nba/players/65/934.jpg","born":{"year":1975,"loc":"Bronx, NY"},"contract":{"amount":"","exp":""},"draft":{"round":"","pick":"","tid":"","originalTid":"","year":""},
"college":"North Carolina","ratings":[{"hgt":14,"stre":45,"spd":66,"jmp":45,"endu":35,"ins":65,"dnk":45,"ft":65,"fg":44,"tp":54,"blk":44,"stl":54,"drb":65,"pss":44,"reb":65,"pot":53}],"skills":[]},{"tid":-2,"name":"Bruno Sundov","pos":"C","hgt":86,"weight":220,"imgURL":"http://www.cavshistory.com/images/players/Bruno_Sundov.jpg","born":{"year":1980,"loc":"Split, Croatia"},"contract":{"amount":"","exp":""},"draft":{"round":"","pick":"","tid":"","originalTid":"","year":""},
"college":"Croatia","ratings":[{"hgt":95,"stre":65,"spd":34,"jmp":44,"endu":49,"ins":57,"dnk":54,"ft":65,"fg":34,"tp":10,"blk":64,"stl":34,"drb":44,"pss":44,"reb":67,"pot":49}],"skills":[]},{"tid":-2,"name":"Jerome James","pos":"C","hgt":84,"weight":300,"imgURL":"http://a.espncdn.com/i/headshots/nba/players/65/383.jpg","born":{"year":1975,"loc":"Tampa, FL"},"contract":{"amount":"","exp":""},"draft":{"round":"","pick":"","tid":"","originalTid":"","year":""},
"college":"Florida A&M","ratings":[{"hgt":83,"stre":74,"spd":30,"jmp":26,"endu":46,"ins":76,"dnk":65,"ft":76,"fg":56,"tp":0,"blk":77,"stl":56,"drb":25,"pss":34,"reb":75,"pot":53}],"skills":[]},{"tid":-2,"name":"Casey Shaw","pos":"C","hgt":83,"weight":260,"imgURL":"http://www.ibiblio.org/craig/draft/1998_draft/Players/images/shaw.gif","born":{"year":1975,"loc":"Lebannon, OH"},"contract":{"amount":"","exp":""},"draft":{"round":"","pick":"","tid":"","originalTid":"","year":""},
"college":"Toledo","ratings":[{"hgt":84,"stre":65,"spd":34,"jmp":35,"endu":36,"ins":56,"dnk":46,"ft":45,"fg":37,"tp":0,"blk":65,"stl":45,"drb":34,"pss":34,"reb":78,"pot":49}],"skills":[]},{"tid":-2,"name":"DeMarco Johnson","pos":"PF","hgt":81,"weight":245,"imgURL":"http://www.thedraftreview.com/history/drafted1998/images/demarco-johnson.jpg","born":{"year":1975,"loc":"Charlotte, NC"},"contract":{"amount":"","exp":""},"draft":{"round":"","pick":"","tid":"","originalTid":"","year":""},"ratings":[{"hgt":71,"stre":65,"spd":55,"jmp":65,"endu":56,"ins":55,"dnk":66,"ft":56,"fg":55,"tp":45,"blk":65,"stl":76,"drb":26,"pss":36,"reb":55,"pot":56}],"skills":[]},{"tid":-2,"name":"Rafer Alston","pos":"PG","hgt":74,"weight":171,"imgURL":"http://assets.espn.go.com/i/headshots/nba/players/65/11.jpg","born":{"year":1976,"loc":"New York, NY"},"contract":{"amount":"","exp":""},"draft":{"round":"","pick":"","tid":"","originalTid":"","year":""},
"college":"Fresno State","ratings":[{"hgt":21,"stre":42,"spd":86,"jmp":76,"endu":55,"ins":26,"dnk":70,"ft":54,"fg":54,"tp":55,"blk":45,"stl":65,"drb":85,"pss":35,"reb":65,"pot":58}],"skills":[]},{"tid":-2,"name":"Korleone Young","pos":"SF","hgt":79,"weight":213,"imgURL":"http://basketball.realgm.com/images/nba/4.2/profiles/photos/2006/Young_Korleone_nba.jpg","born":{"year":1978,"loc":"Wichita, KS"},"contract":{"amount":"","exp":""},"draft":{"round":"","pick":"","tid":"","originalTid":"","year":""},
"college":"Hargrave Military Academy","ratings":[{"hgt":57,"stre":44,"spd":65,"jmp":64,"endu":25,"ins":25,"dnk":55,"ft":76,"fg":34,"tp":45,"blk":45,"stl":55,"drb":46,"pss":46,"reb":56,"pot":62}],"skills":[]},{"tid":-2,"name":"Cuttino Mobley","pos":"GF","hgt":76,"weight":190,"imgURL":"http://assets.espn.go.com/i/headshots/nba/players/65/566.jpg","born":{"year":1975,"loc":"Phladelphia, PA"},"contract":{"amount":"","exp":""},"draft":{"round":"","pick":"","tid":"","originalTid":"","year":""},
"college":"Rhode Island","ratings":[{"hgt":36,"stre":45,"spd":65,"jmp":44,"endu":65,"ins":45,"dnk":65,"ft":76,"fg":77,"tp":82,"blk":55,"stl":76,"drb":55,"pss":76,"reb":56,"pot":62}],"skills":[]},{"tid":-2,"name":"Miles Simon","pos":"SG","hgt":75,"weight":202,"imgURL":"http://www.tradingcarddb.com/Images/Cards/Basketball/2835/2835-709929Fr.jpg","born":{"year":1975,"loc":"Stockholm, Sweden"},"contract":{"amount":"","exp":""},"draft":{"round":"","pick":"","tid":"","originalTid":"","year":""},
"college":"Arizona","ratings":[{"hgt":29,"stre":35,"spd":64,"jmp":65,"endu":44,"ins":65,"dnk":46,"ft":76,"fg":45,"tp":65,"blk":45,"stl":66,"drb":55,"pss":65,"reb":44,"pot":55}],"skills":[]},{"tid":-2,"name":"Jahidi White","pos":"FC","hgt":81,"weight":290,"imgURL":"http://a.espncdn.com/i/headshots/nba/players/65/911.jpg","born":{"year":1976,"loc":"St. Louis, MO"},"contract":{"amount":"","exp":""},"draft":{"round":"","pick":"","tid":"","originalTid":"","year":""},
"college":"Georgetown","ratings":[{"hgt":84,"stre":85,"spd":36,"jmp":45,"endu":45,"ins":45,"dnk":66,"ft":45,"fg":35,"tp":0,"blk":77,"stl":45,"drb":25,"pss":45,"reb":76,"pot":54}],"skills":[]},{"tid":-2,"name":"Sean Marks","pos":"FC","hgt":82,"weight":250,"imgURL":"http://a.espncdn.com/combiner/i?img=/i/headshots/nba/players/full/511.png&w=350&h=254","born":{"year":1975,"loc":"Auckland, New Zealand"},"contract":{"amount":"","exp":""},"draft":{"round":"","pick":"","tid":"","originalTid":"","year":""},
"college":"California","ratings":[{"hgt":82,"stre":65,"spd":44,"jmp":45,"endu":33,"ins":54,"dnk":66,"ft":45,"fg":64,"tp":5,"blk":45,"stl":66,"drb":45,"pss":33,"reb":64,"pot":53}],"skills":[]},{"tid":-2,"name":"Toby Bailey","pos":"SG","hgt":78,"weight":213,"imgURL":"http://www.thedraftreview.com/history/drafted1998/images/toby-bailey.jpg","born":{"year":1975,"loc":"Los Angeles, CA"},"contract":{"amount":"","exp":""},"draft":{"round":"","pick":"","tid":"","originalTid":"","year":""},
"college":"UCLA","ratings":[{"hgt":54,"stre":45,"spd":65,"jmp":45,"endu":45,"ins":55,"dnk":65,"ft":45,"fg":56,"tp":45,"blk":46,"stl":45,"drb":54,"pss":54,"reb":56,"pot":54}],"skills":[]},{"tid":-2,"name":"Andrae Patterson","pos":"PF","hgt":81,"weight":238,"imgURL":"http://www.thedraftreview.com/history/drafted1998/images/andrae-patterson.jpg","born":{"year":1975,"loc":"Riverside, CA"},"contract":{"amount":"","exp":""},"draft":{"round":"","pick":"","tid":"","originalTid":"","year":""},
"college":"Indiana","ratings":[{"hgt":72,"stre":65,"spd":45,"jmp":66,"endu":54,"ins":34,"dnk":55,"ft":65,"fg":44,"tp":65,"blk":65,"stl":45,"drb":65,"pss":44,"reb":54,"pot":55}],"skills":[]},{"tid":-2,"name":"Tyson Wheeler","pos":"PG","hgt":70,"weight":165,"imgURL":"http://www.thedraftreview.com/history/drafted1998/images/tyson-wheeler.jpg","born":{"year":1975,"loc":"New Britain, CT"},"contract":{"amount":"","exp":""},"draft":{"round":"","pick":"","tid":"","originalTid":"","year":""},
"college":"Rhode Island","ratings":[{"hgt":3,"stre":29,"spd":84,"jmp":64,"endu":55,"ins":23,"dnk":63,"ft":54,"fg":56,"tp":45,"blk":16,"stl":74,"drb":70,"pss":71,"reb":14,"pot":54}],"skills":[]},{"tid":-2,"name":"Ryan Stack","pos":"PF","hgt":83,"weight":215,"imgURL":"http://basketball.realgm.com/images/nba/4.2/profiles/photos/2006/Stack_Ryan_euro.jpg","born":{"year":1975,"loc":"Nashville, TN"},"contract":{"amount":"","exp":""},"draft":{"round":"","pick":"","tid":"","originalTid":"","year":""},
"college":"South Carolina","ratings":[{"hgt":65,"stre":45,"spd":44,"jmp":54,"endu":23,"ins":43,"dnk":55,"ft":45,"fg":65,"tp":45,"blk":66,"stl":45,"drb":34,"pss":54,"reb":44,"pot":49}],"skills":[]},{"tid":-2,"name":"Cory Carr","pos":"SG","hgt":75,"weight":210,"imgURL":"http://grfx.cstv.com/schools/text/sports/m-baskbl/images/players97/p-carr.jpg","born":{"year":1975,"loc":"Fordyce, AR"},"contract":{"amount":"","exp":""},"draft":{"round":"","pick":"","tid":"","originalTid":"","year":""},
"college":"Texas Tech","ratings":[{"hgt":29,"stre":44,"spd":65,"jmp":52,"endu":34,"ins":44,"dnk":54,"ft":65,"fg":45,"tp":66,"blk":45,"stl":66,"drb":45,"pss":35,"reb":65,"pot":52}],"skills":[]},{"tid":-2,"name":"Andrew Betts","pos":"C","hgt":85,"weight":275,"imgURL":"http://www.acb.com/fotos_cara/jugadores/JA5ELACB56.jpg","born":{"year":1977,"loc":"Ashby-de-la-Zouch, England"},"contract":{"amount":"","exp":""},"draft":{"round":"","pick":"","tid":"","originalTid":"","year":""},
"college":"Long Beach State","ratings":[{"hgt":85,"stre":74,"spd":35,"jmp":25,"endu":45,"ins":54,"dnk":65,"ft":65,"fg":45,"tp":0,"blk":55,"stl":45,"drb":35,"pss":50,"reb":65,"pot":50}],"skills":[]},{"tid":-2,"name":"Corey Brewer","pos":"G","hgt":74,"weight":190,"imgURL":"http://www.thedraftreview.com/history/drafted1998/images/corey-brewer.jpg","born":{"year":1975,"loc":"West Memphis, AR"},"contract":{"amount":"","exp":""},"draft":{"round":"","pick":"","tid":"","originalTid":"","year":""},
"college":"Oklahoma","ratings":[{"hgt":45,"stre":41,"spd":66,"jmp":56,"endu":45,"ins":66,"dnk":45,"ft":34,"fg":54,"tp":55,"blk":45,"stl":65,"drb":45,"pss":35,"reb":65,"pot":56}],"skills":[]},{"tid":-2,"name":"Derrick Dial","pos":"SG","hgt":76,"weight":184,"imgURL":"http://a.espncdn.com/i/headshots/nba/players/65/201.jpg","born":{"year":1975,"loc":"Detroit, MI"},"contract":{"amount":"","exp":""},"draft":{"round":"","pick":"","tid":"","originalTid":"","year":""},"ratings":[{"hgt":36,"stre":44,"spd":64,"jmp":54,"endu":34,"ins":24,"dnk":44,"ft":65,"fg":67,"tp":65,"blk":66,"stl":56,"drb":45,"pss":65,"reb":45,"pot":54}],"skills":[]},{"tid":-2,"name":"Greg Buckner","pos":"GF","hgt":76,"weight":210,"imgURL":"http://a.espncdn.com/i/headshots/nba/players/65/111.jpg","born":{"year":1976,"loc":"Hopkinsville, KY"},"contract":{"amount":"","exp":""},"draft":{"round":"","pick":"","tid":"","originalTid":"","year":""},
"college":"Clemson","ratings":[{"hgt":54,"stre":45,"spd":65,"jmp":66,"endu":45,"ins":53,"dnk":64,"ft":45,"fg":64,"tp":53,"blk":54,"stl":66,"drb":45,"pss":66,"reb":45,"pot":55}],"skills":[]},{"tid":-2,"name":"Tremaine Fowlkes","pos":"SF","hgt":80,"weight":220,"imgURL":"http://a.espncdn.com/i/headshots/nba/players/65/251.jpg","born":{"year":1976,"loc":"Los Angeles, CA"},"contract":{"amount":"","exp":""},"draft":{"round":"","pick":"","tid":"","originalTid":"","year":""},
"college":"Fresno State","ratings":[{"hgt":64,"stre":62,"spd":59,"jmp":34,"endu":54,"ins":45,"dnk":66,"ft":45,"fg":65,"tp":33,"blk":33,"stl":54,"drb":39,"pss":44,"reb":64,"pot":54}],"skills":[]},{"tid":-2,"name":"Ryan Bowen","pos":"GF","hgt":79,"weight":215,"imgURL":"http://a.espncdn.com/i/headshots/nba/players/65/84.jpg","born":{"year":1975,"loc":"Fort Madison, IA"},"contract":{"amount":"","exp":""},"draft":{"round":"","pick":"","tid":"","originalTid":"","year":""},"ratings":[{"hgt":57,"stre":36,"spd":45,"jmp":33,"endu":54,"ins":45,"dnk":47,"ft":65,"fg":65,"tp":77,"blk":55,"stl":55,"drb":45,"pss":55,"reb":55,"pot":55}],"skills":[]},{"tid":-2,"name":"J.R. Henderson","pos":"SF","hgt":80,"weight":226,"imgURL":"http://www.thedraftreview.com/history/drafted1998/images/jr-henderson.jpg","born":{"year":1976,"loc":"Bakersfield, CA"},"contract":{"amount":"","exp":""},"draft":{"round":"","pick":"","tid":"","originalTid":"","year":""},
"college":"UCLA","ratings":[{"hgt":65,"stre":44,"spd":54,"jmp":65,"endu":45,"ins":35,"dnk":54,"ft":65,"fg":45,"tp":45,"blk":45,"stl":65,"drb":45,"pss":65,"reb":44,"pot":56}],"skills":[]},{"tid":-2,"name":"Torraye Braggs","pos":"PF","hgt":80,"weight":245,"imgURL":"http://a.espncdn.com/i/headshots/nba/players/65/89.jpg","born":{"year":1976,"loc":"Fresno, CA"},"contract":{"amount":"","exp":""},"draft":{"round":"","pick":"","tid":"","originalTid":"","year":""},"ratings":[{"hgt":64,"stre":76,"spd":45,"jmp":65,"endu":56,"ins":45,"dnk":65,"ft":35,"fg":64,"tp":0,"blk":56,"stl":65,"drb":26,"pss":44,"reb":65,"pot":54}],"skills":[]},{"tid":-2,"name":"Maceo Baston","pos":"PF","hgt":81,"weight":215,"imgURL":"http://www.thedraftreview.com/history/drafted1998/images/maceo-baston.jpg","born":{"year":1975,"loc":"Corsicana, TX"},"contract":{"amount":"","exp":""},"draft":{"round":"","pick":"","tid":"","originalTid":"","year":""},"ratings":[{"hgt":71,"stre":65,"spd":65,"jmp":56,"endu":65,"ins":54,"dnk":65,"ft":65,"fg":45,"tp":25,"blk":55,"stl":45,"drb":35,"pss":33,"reb":65,"pot":53}],"skills":[]},{"tid":-2,"name":"Anthony Carter","pos":"PG","hgt":73,"weight":190,"imgURL":"http://basketball.realgm.com/images/nba/4.2/profiles/photos/2006/Carter_Anthony_DEN.jpg","born":{"year":1975,"loc":"Milwaukee, WI"},"contract":{"amount":"","exp":""},"draft":{"round":"","pick":"","tid":"","originalTid":"","year":""},"ratings":[{"hgt":14,"stre":35,"spd":66,"jmp":56,"endu":45,"ins":66,"dnk":45,"ft":34,"fg":54,"tp":55,"blk":45,"stl":65,"drb":72,"pss":66,"reb":35,"pot":56}],"skills":[]},{"tid":-2,"name":"Brad Miller","pos":"C","hgt":84,"weight":261,"imgURL":"http://basketball.realgm.com/images/nba/4.2/profiles/photos/2006/MILLER_BRAD_min_12.jpg","born":{"year":1976,"loc":"Fort Wayne, IN"},"contract":{"amount":"","exp":""},"draft":{"round":"","pick":"","tid":"","originalTid":"","year":""},"ratings":[{"hgt":92,"stre":76,"spd":55,"jmp":56,"endu":55,"ins":54,"dnk":65,"ft":65,"fg":45,"tp":45,"blk":55,"stl":45,"drb":35,"pss":63,"reb":65,"pot":58}],"skills":[]},{"tid":-2,"name":"Earl Boykins","pos":"G","hgt":65,"weight":135,"imgURL":"http://basketball.realgm.com/images/nba/4.2/profiles/photos/2006/Boykins_Earl_cha.jpg","born":{"year":1976,"loc":"Cleveland, OH"},"contract":{"amount":"","exp":""},"draft":{"round":"","pick":"","tid":"","originalTid":"","year":""},
"college":"Eastern Michigan","ratings":[{"hgt":0,"stre":45,"spd":86,"jmp":56,"endu":45,"ins":43,"dnk":65,"ft":34,"fg":54,"tp":55,"blk":45,"stl":65,"drb":75,"pss":55,"reb":65,"pot":58}],"skills":[]},{"tid":-2,"name":"Mike James","pos":"G","hgt":74,"weight":188,"imgURL":"http://basketball.realgm.com/images/nba/4.2/profiles/photos/2006/James_Mike_chi_1314.jpg","born":{"year":1975,"loc":"Copiague, NY"},"contract":{"amount":"","exp":""},"draft":{"round":"","pick":"","tid":"","originalTid":"","year":""},
"college":"Duquesne","ratings":[{"hgt":22,"stre":61,"spd":70,"jmp":56,"endu":48,"ins":45,"dnk":57,"ft":34,"fg":54,"tp":55,"blk":45,"stl":65,"drb":75,"pss":72,"reb":45,"pot":56}],"skills":[]},{"tid":-2,"name":"Zendon Hamilton","pos":"C","hgt":83,"weight":250,"imgURL":"http://basketball.realgm.com/images/nba/4.2/profiles/photos/2006/Hamilton_Zendon_cle.jpg","born":{"year":1975,"loc":"Floral Park, NY"},"contract":{"amount":"","exp":""},"draft":{"round":"","pick":"","tid":"","originalTid":"","year":""},"ratings":[{"hgt":86,"stre":76,"spd":43,"jmp":44,"endu":55,"ins":54,"dnk":65,"ft":65,"fg":45,"tp":20,"blk":55,"stl":45,"drb":35,"pss":44,"reb":65,"pot":54}],"skills":[]},{"tid":-2,"name":"Slava Medvedenko","pos":"F","hgt":82,"weight":250,"imgURL":"http://basketball.realgm.com/images/nba/4.2/profiles/photos/2006/Medvedenko_Slava_atl.jpg","born":{"year":1979,"loc":"Karapyshi, Ukraine"},"contract":{"amount":"","exp":""},"draft":{"round":"","pick":"","tid":"","originalTid":"","year":""},
"college":"Ukraine","ratings":[{"hgt":79,"stre":66,"spd":58,"jmp":56,"endu":35,"ins":54,"dnk":65,"ft":65,"fg":45,"tp":45,"blk":55,"stl":45,"drb":35,"pss":63,"reb":65,"pot":56}],"skills":[]},{"tid":-2,"name":"Peter Cornell","pos":"FC","hgt":83,"weight":245,"imgURL":"http://a.espncdn.com/i/headshots/nba/players/65/1033.jpg","born":{"year":1976,"loc":"Piedmont, CA"},"contract":{"amount":"","exp":""},"draft":{"round":"","pick":"","tid":"","originalTid":"","year":""},
"college":"Loyola Marymount","ratings":[{"hgt":86,"stre":76,"spd":35,"jmp":56,"endu":35,"ins":54,"dnk":65,"ft":65,"fg":25,"tp":0,"blk":55,"stl":45,"drb":25,"pss":53,"reb":65,"pot":49}],"skills":[]},{"tid":-2,"name":"Steve Goodrich","pos":"PF","hgt":82,"weight":220,"imgURL":"http://basketball.realgm.com/images/nba/4.2/profiles/photos/2006/Goodrich_Steve_nba.jpg","born":{"year":1976,"loc":"Philadelphia, PA"},"contract":{"amount":"","exp":""},"draft":{"round":"","pick":"","tid":"","originalTid":"","year":""},
"college":"Princeton","ratings":[{"hgt":78,"stre":71,"spd":32,"jmp":35,"endu":35,"ins":54,"dnk":55,"ft":35,"fg":45,"tp":35,"blk":45,"stl":45,"drb":35,"pss":33,"reb":60,"pot":48}],"skills":[]},{"tid":-2,"name":"Gerald Brown","pos":"G","hgt":76,"weight":210,"imgURL":"http://assets.espn.go.com/i/nba/profiles/players/3316.jpg","born":{"year":1975,"loc":"Los Angeles, CA"},"contract":{"amount":"","exp":""},"draft":{"round":"","pick":"","tid":"","originalTid":"","year":""},
"college":"Pepperdine","ratings":[{"hgt":36,"stre":45,"spd":66,"jmp":56,"endu":45,"ins":26,"dnk":55,"ft":34,"fg":54,"tp":55,"blk":45,"stl":65,"drb":68,"pss":65,"reb":35,"pot":54}],"skills":[]},{"tid":-2,"name":"Tyrone Nesby","pos":"SF","hgt":78,"weight":225,"imgURL":"http://basketball.realgm.com/images/nba/4.2/profiles/photos/2006/Nesby_Tyrone_nba.jpg","born":{"year":1976,"loc":"Cairo, IL"},"contract":{"amount":"","exp":""},"draft":{"round":"","pick":"","tid":"","originalTid":"","year":""},
"college":"UNLV","ratings":[{"hgt":50,"stre":56,"spd":77,"jmp":80,"endu":55,"ins":44,"dnk":65,"ft":65,"fg":35,"tp":45,"blk":55,"stl":45,"drb":35,"pss":53,"reb":65,"pot":55}],"skills":[]},
{"tid":-2,
"name":"Sarunas Jasikevicius",
"pos":"PG","hgt":76,"weight":202,"imgURL":"https://www.basketnews.lt/paveikslelis-25361-vbg.jpg",
"born":{"year":1976,"loc":"Kaunas, Lithuania"},"contract":{"amount":"","exp":""},"draft":{"round":"","pick":"","tid":"","originalTid":"","year":""},
"college":"Maryland","ratings":[{"hgt":35,"stre":24,"spd":60,"jmp":47,"endu":55,"ins":44,"dnk":55,"ft":85,"fg":72,"tp":66,"blk":35,"stl":69,"drb":83,"pss":76,"reb":33,"pot":56}],"skills":[]},{"tid":-2,"name":"Daniel Santiago","pos":"C","hgt":84,"weight":256,"imgURL":"http://basketball.realgm.com/images/nba/4.2/profiles/photos/2006/Santiago_Daniel_mil.jpg","born":{"year":1976,"loc":"Lubbock, TX"},"contract":{"amount":"","exp":""},"draft":{"round":"","pick":"","tid":"","originalTid":"","year":""},
"college":"Saint Vincent","ratings":[{"hgt":89,"stre":65,"spd":38,"jmp":41,"endu":45,"ins":66,"dnk":45,"ft":34,"fg":54,"tp":0,"blk":45,"stl":65,"drb":33,"pss":35,"reb":69,"pot":56}],"skills":[]}]
}