{"startingSeason":1989,"players":[{"tid":-2,"name":"Pervis Ellison","pos":"FC","hgt":81,"weight":210,"imgURL":"http://misterirrelevant.com/wp-content/uploads/2010/04/Pervis-Ellison-1990-Hoops.jpg","born":{"year":1967,"loc":"Savannah, GA"},"contract":{"amount":"","exp":""},"draft":{"round":"","pick":"","tid":"","orig. team":"","year":""},"college":"Louisville","ratings":[{"hgt":71,"stre":68,"spd":41,"jmp":56,"endu":63,"ins":65,"dnk":68,"ft":66,"fg":45,"tp":1,"blk":66,"stl":45,"drb":43,"pss":56,"reb":78,"pot":64}],"skills":[]},{"tid":-2,"name":"Danny Ferry","pos":"SF","hgt":82,"weight":230,"imgURL":"http://a.espncdn.com/i/headshots/nba/players/65/240.jpg","born":{"year":1966,"loc":"Hyattsville, MD"},"contract":{"amount":"","exp":""},"draft":{"round":"","pick":"","tid":"","orig. team":"","year":""},"college":"Duke","ratings":[{"hgt":79,"stre":66,"spd":54,"jmp":54,"endu":62,"ins":59,"dnk":57,"ft":78,"fg":65,"tp":55,"blk":23,"stl":53,"drb":62,"pss":43,"reb":66,"pot":63}],"skills":[]},{"tid":-2,"name":"Sean Elliott","pos":"SF","hgt":80,"weight":205,"imgURL":"http://lubbockonline.com/images/081799/elliottLR.jpg","born":{"year":1968,"loc":"Tucson, AZ"},"contract":{"amount":"","exp":""},"draft":{"round":"","pick":"","tid":"","orig. team":"","year":""},"college":"Arizona","ratings":[{"hgt":64,"stre":56,"spd":64,"jmp":64,"endu":63,"ins":43,"dnk":54,"ft":75,"fg":87,"tp":82,"blk":35,"stl":45,"drb":56,"pss":67,"reb":63,"pot":65}],"skills":[]},{"tid":-2,"name":"Glen Rice","pos":"SF","hgt":79,"weight":215,"imgURL":"http://blog.beaumontenterprise.com/newsworthy/files/2011/09/GLENRICE.jpg","born":{"year":1967,"loc":"Jacksonville, AR"},"contract":{"amount":"","exp":""},"draft":{"round":"","pick":"","tid":"","orig. team":"","year":""},"college":"Michigan","ratings":[{"hgt":58,"stre":54,"spd":71,"jmp":67,"endu":83,"ins":25,"dnk":68,"ft":83,"fg":86,"tp":85,"blk":41,"stl":45,"drb":65,"pss":63,"reb":44,"pot":75}],"skills":[]},{"tid":-2,"name":"J.R. Reid","pos":"FC","hgt":81,"weight":247,"imgURL":"https://36.media.tumblr.com/tumblr_luine3QNQd1qg5q72o1_500.jpg","born":{"year":1968,"loc":"Virginia Beach, VA"},"contract":{"amount":"","exp":""},"draft":{"round":"","pick":"","tid":"","orig. team":"","year":""},"college":"North Carolina","ratings":[{"hgt":76,"stre":72,"spd":26,"jmp":45,"endu":43,"ins":73,"dnk":76,"ft":56,"fg":54,"tp":14,"blk":56,"stl":45,"drb":38,"pss":45,"reb":87,"pot":57}],"skills":[]},{"tid":-2,"name":"Stacey King","pos":"FC","hgt":83,"weight":230,"imgURL":"http://www.thedraftreview.com/history/drafted1989/images/stacey-king.jpg","born":{"year":1967,"loc":"Lawton, OK"},"contract":{"amount":"","exp":""},"draft":{"round":"","pick":"","tid":"","orig. team":"","year":""},"college":"Oklahoma","ratings":[{"hgt":85,"stre":76,"spd":22,"jmp":48,"endu":48,"ins":73,"dnk":74,"ft":68,"fg":53,"tp":19,"blk":65,"stl":45,"drb":48,"pss":54,"reb":73,"pot":61}],"skills":[]},{"tid":-2,"name":"George McCloud","pos":"SF","hgt":78,"weight":205,"imgURL":"http://a.espncdn.com/i/headshots/nba/players/65/524.jpg","born":{"year":1967,"loc":"Daytona Beach, FL"},"contract":{"amount":"","exp":""},"draft":{"round":"","pick":"","tid":"","orig. team":"","year":""},"college":"Florida State","ratings":[{"hgt":52,"stre":45,"spd":64,"jmp":64,"endu":63,"ins":23,"dnk":35,"ft":64,"fg":65,"tp":45,"blk":46,"stl":57,"drb":62,"pss":56,"reb":52,"pot":59}],"skills":[]},{"tid":-2,"name":"Randy White","pos":"PF","hgt":80,"weight":240,"imgURL":"https://misfantasmasfavoritos.blogia.com/upload/externo-0a16d1768f42565ee1fd7a7fc78aa9c5.jpg","born":{"year":1967,"loc":"Shreveport, LA"},"contract":{"amount":"","exp":""},"draft":{"round":"","pick":"","tid":"","orig. team":"","year":""},"college":"Louisiana Tech","ratings":[{"hgt":64,"stre":67,"spd":45,"jmp":47,"endu":54,"ins":65,"dnk":63,"ft":64,"fg":42,"tp":27,"blk":73,"stl":46,"drb":47,"pss":53,"reb":75,"pot":58}],"skills":[]},{"tid":-2,"name":"Tom Hammonds","pos":"PF","hgt":81,"weight":215,"imgURL":"http://a.espncdn.com/i/headshots/nba/players/65/298.jpg","born":{"year":1967,"loc":"Fort Walton, FL"},"contract":{"amount":"","exp":""},"draft":{"round":"","pick":"","tid":"","orig. team":"","year":""},"college":"Georgia Tech","ratings":[{"hgt":72,"stre":63,"spd":48,"jmp":36,"endu":45,"ins":63,"dnk":67,"ft":67,"fg":54,"tp":0,"blk":60,"stl":54,"drb":45,"pss":53,"reb":75,"pot":56}],"skills":[]},{"tid":-2,"name":"Pooh Richardson","pos":"PG","hgt":73,"weight":"`180","imgURL":"http://blogs.twincities.com/timberwolves/files/2013/12/display_image.jpg","born":{"year":1966,"loc":"Philadelphia, PA"},"contract":{"amount":"","exp":""},"draft":{"round":"","pick":"","tid":"","orig. team":"","year":""},"college":"UCLA","ratings":[{"hgt":15,"stre":47,"spd":63,"jmp":63,"endu":66,"ins":15,"dnk":47,"ft":63,"fg":63,"tp":62,"blk":34,"stl":56,"drb":73,"pss":87,"reb":54,"pot":60}],"skills":[]},{"tid":-2,"name":"Nick Anderson","pos":"GF","hgt":78,"weight":205,"imgURL":"http://a.espncdn.com/i/headshots/nba/players/65/14.jpg","born":{"year":1968,"loc":"Chicago, IL"},"contract":{"amount":"","exp":""},"draft":{"round":"","pick":"","tid":"","orig. team":"","year":""},"college":"Illinois","ratings":[{"hgt":55,"stre":55,"spd":67,"jmp":64,"endu":64,"ins":37,"dnk":56,"ft":63,"fg":73,"tp":71,"blk":32,"stl":54,"drb":54,"pss":44,"reb":57,"pot":64}],"skills":[]},{"tid":-2,"name":"Mookie Blaylock","pos":"PG","hgt":72,"weight":180,"imgURL":"http://a.espncdn.com/i/headshots/nba/players/65/68.jpg","born":{"year":1967,"loc":"Garland, TX"},"contract":{"amount":"","exp":""},"draft":{"round":"","pick":"","tid":"","orig. team":"","year":""},"college":"Oklahoma","ratings":[{"hgt":12,"stre":38,"spd":75,"jmp":73,"endu":68,"ins":36,"dnk":67,"ft":77,"fg":64,"tp":53,"blk":23,"stl":63,"drb":82,"pss":88,"reb":56,"pot":72}],"skills":[]},{"tid":-2,"name":"Michael Smith","pos":"PF","hgt":82,"weight":225,"imgURL":"http://www.thedraftreview.com/history/drafted1989/images/michael-smith.jpg","born":{"year":1965,"loc":"Rochester, NY"},"contract":{"amount":"","exp":""},"draft":{"round":"","pick":"","tid":"","orig. team":"","year":""},"college":"Brigham Young","ratings":[{"hgt":73,"stre":63,"spd":45,"jmp":47,"endu":46,"ins":63,"dnk":55,"ft":85,"fg":57,"tp":26,"blk":32,"stl":54,"drb":54,"pss":58,"reb":63,"pot":53}],"skills":[]},{"tid":-2,"name":"Tim Hardaway","pos":"PG","hgt":72,"weight":175,"imgURL":"http://sports.espn.go.com/i/nba/profiles/players/0143.jpg","born":{"year":1966,"loc":"Chicago, IL"},"contract":{"amount":"","exp":""},"draft":{"round":"","pick":"","tid":"","orig. team":"","year":""},"college":"UTEP","ratings":[{"hgt":10,"stre":48,"spd":87,"jmp":83,"endu":73,"ins":36,"dnk":82,"ft":67,"fg":75,"tp":59,"blk":34,"stl":64,"drb":82,"pss":94,"reb":63,"pot":76}],"skills":[]},{"tid":-2,"name":"Todd Lichti","pos":"SG","hgt":76,"weight":205,"imgURL":"https://40.media.tumblr.com/tumblr_lxeowcN9kg1qzc69yo1_500.png","born":{"year":1967,"loc":"Walnut Creek, CA"},"contract":{"amount":"","exp":""},"draft":{"round":"","pick":"","tid":"","orig. team":"","year":""},"ratings":[{"hgt":36,"stre":48,"spd":56,"jmp":64,"endu":53,"ins":35,"dnk":37,"ft":65,"fg":54,"tp":54,"blk":56,"stl":54,"drb":65,"pss":65,"reb":53,"pot":57}],"skills":[]},{"tid":-2,"name":"Dana Barros","pos":"G","hgt":71,"weight":163,"imgURL":"http://a.espncdn.com/i/headshots/nba/players/65/40.jpg","born":{"year":1967,"loc":"Boston, MA"},"contract":{"amount":"","exp":""},"draft":{"round":"","pick":"","tid":"","orig. team":"","year":""},"college":"Boston College","ratings":[{"hgt":8,"stre":36,"spd":79,"jmp":76,"endu":58,"ins":22,"dnk":70,"ft":64,"fg":64,"tp":63,"blk":46,"stl":53,"drb":69,"pss":64,"reb":45,"pot":60}],"skills":[]},{"tid":-2,"name":"Shawn Kemp","pos":"FC","hgt":82,"weight":230,"imgURL":"http://i.imgur.com/AcwyX3P.png","born":{"year":1969,"loc":"Elkhart, IN"},"contract":{"amount":"","exp":""},"draft":{"round":"","pick":"","tid":"","orig. team":"","year":""},"college":"Trinity Valley CC","ratings":[{"hgt":84,"stre":67,"spd":65,"jmp":84,"endu":40,"ins":55,"dnk":63,"ft":63,"fg":33,"tp":7,"blk":75,"stl":56,"drb":36,"pss":43,"reb":72,"pot":74}],"skills":[]},{"tid":-2,"name":"B.J. Armstrong","pos":"PG","hgt":74,"weight":175,"imgURL":"http://www.iowalum.com/daa/images/armstrong.jpg","born":{"year":1967,"loc":"Detroit, MI"},"contract":{"amount":"","exp":""},"draft":{"round":"","pick":"","tid":"","orig. team":"","year":""},"ratings":[{"hgt":24,"stre":33,"spd":76,"jmp":65,"endu":63,"ins":23,"dnk":63,"ft":82,"fg":63,"tp":75,"blk":34,"stl":53,"drb":76,"pss":69,"reb":45,"pot":65}],"skills":[]},{"tid":-2,"name":"Kenny Payne","pos":"SF","hgt":80,"weight":195,
"imgURL":"http://thedraftreview.com/history/drafted1989/images/kenny-payne.jpg",
"born":{"year":1966,"loc":"Laurel, MS"},"contract":{"amount":"","exp":""},"draft":{"round":"","pick":"","tid":"","orig. team":"","year":""},"ratings":[{"hgt":64,"stre":56,"spd":62,"jmp":63,"endu":56,"ins":37,"dnk":42,"ft":64,"fg":63,"tp":53,"blk":54,"stl":56,"drb":47,"pss":56,"reb":56,"pot":56}],"skills":[]},{"tid":-2,"name":"Jeff Sanders","pos":"PF","hgt":80,"weight":225,"imgURL":"http://www.thedraftreview.com/history/drafted1989/images/jeff-sanders.jpg","born":{"year":1966,"loc":"Augusta, GA"},"contract":{"amount":"","exp":""},"draft":{"round":"","pick":"","tid":"","orig. team":"","year":""},"college":"Georgia Southern","ratings":[{"hgt":64,"stre":63,"spd":32,"jmp":53,"endu":64,"ins":65,"dnk":74,"ft":63,"fg":57,"tp":0,"blk":54,"stl":56,"drb":50,"pss":56,"reb":68,"pot":57}],"skills":[]},{"tid":-2,
"name":"Blue Edwards",
"pos":"GF","hgt":76,"weight":200,
"imgURL":"http://cdn.bleacherreport.net/images_root/slides/photos/000/680/561/72281084_display_image.jpg?1296459689","born":{"year":1965,"loc":"Washington, DC"},"contract":{"amount":"","exp":""},"draft":{"round":"","pick":"","tid":"","orig. team":"","year":""},"ratings":[{"hgt":36,"stre":54,"spd":67,"jmp":65,"endu":63,"ins":22,"dnk":58,"ft":64,"fg":63,"tp":65,"blk":54,"stl":56,"drb":54,"pss":64,"reb":56,"pot":59}],"skills":[]},{"tid":-2,"name":"Byron Irvin","pos":"SG","hgt":77,"weight":190,"imgURL":"http://www.tradingcarddb.com/Images/Cards/Basketball/2081/2081-662097Fr.jpg","born":{"year":1966,"loc":"LaGrange, IL"},"contract":{"amount":"","exp":""},"draft":{"round":"","pick":"","tid":"","orig. team":"","year":""},"ratings":[{"hgt":43,"stre":35,"spd":65,"jmp":64,"endu":63,"ins":43,"dnk":47,"ft":77,"fg":63,"tp":64,"blk":56,"stl":54,"drb":54,"pss":54,"reb":64,"pot":56}],"skills":[]},{"tid":-2,
"name":"Roy Marble",
"pos":"GF","hgt":78,"weight":190,
"imgURL":"http://media.mlive.com/sportsnow_impact/photo/11869835-large.jpg",
"born":{"year":1966,"loc":"Flint, MI"},"contract":{"amount":"","exp":""},"draft":{"round":"","pick":"","tid":"","orig. team":"","year":""},"college":"Iowa","ratings":[{"hgt":50,"stre":54,"spd":63,"jmp":64,"endu":57,"ins":43,"dnk":46,"ft":64,"fg":58,"tp":52,"blk":53,"stl":56,"drb":60,"pss":61,"reb":56,"pot":58}],"skills":[]},{"tid":-2,"name":"Anthony Cook","pos":"PF","hgt":81,"weight":205,"imgURL":"http://www.thedraftreview.com/history/drafted1989/images/anthony-cook.jpg","born":{"year":1967,"loc":"Los Angeles, CA"},"contract":{"amount":"","exp":""},"draft":{"round":"","pick":"","tid":"","orig. team":"","year":""},"ratings":[{"hgt":67,"stre":63,"spd":43,"jmp":45,"endu":45,"ins":65,"dnk":64,"ft":56,"fg":54,"tp":42,"blk":64,"stl":54,"drb":56,"pss":54,"reb":74,"pot":59}],"skills":[]},{"tid":-2,"name":"John Morton","pos":"GF","hgt":75,"weight":180,"imgURL":"http://thedraftreview.com/history/drafted1989/images/john-morton.jpg","born":{"year":1967,"loc":"Bronx, NY"},"contract":{"amount":"","exp":""},"draft":{"round":"","pick":"","tid":"","orig. team":"","year":""},"college":"Seton Hall","ratings":[{"hgt":29,"stre":44,"spd":64,"jmp":67,"endu":56,"ins":35,"dnk":34,"ft":65,"fg":56,"tp":34,"blk":56,"stl":54,"drb":54,"pss":64,"reb":54,"pot":56}],"skills":[]},{"tid":-2,"name":"Vlade Divac","pos":"C","hgt":85,"weight":243,"imgURL":"http://espn.go.com/i/nba/profiles/players/0084.jpg","born":{"year":1968,"loc":"Prijepolje, Serbia"},"contract":{"amount":"","exp":""},"draft":{"round":"","pick":"","tid":"","orig. team":"","year":""},"college":"Yugoslavia","ratings":[{"hgt":83,"stre":74,"spd":55,"jmp":53,"endu":64,"ins":76,"dnk":76,"ft":68,"fg":54,"tp":12,"blk":67,"stl":43,"drb":37,"pss":68,"reb":87,"pot":67}],"skills":[]},{"tid":-2,"name":"Kenny Battle","pos":"SG","hgt":78,"weight":210,"imgURL":"http://thedraftreview.com/history/drafted1989/images/kenny-battle.jpg","born":{"year":1964,"loc":"Aurora, IL"},"contract":{"amount":"","exp":""},"draft":{"round":"","pick":"","tid":"","orig. team":"","year":""},"ratings":[{"hgt":54,"stre":53,"spd":64,"jmp":73,"endu":63,"ins":43,"dnk":45,"ft":64,"fg":65,"tp":34,"blk":43,"stl":43,"drb":54,"pss":43,"reb":54,"pot":58}],"skills":[]},{"tid":-2,"name":"Sherman Douglas","pos":"PG","hgt":72,"weight":180,"imgURL":"http://static.bkref.com/images/players/douglsh01.jpg","born":{"year":1966,"loc":"Washington, DC"},"contract":{"amount":"","exp":""},"draft":{"round":"","pick":"","tid":"","orig. team":"","year":""},"ratings":[{"hgt":7,"stre":44,"spd":76,"jmp":68,"endu":59,"ins":23,"dnk":74,"ft":70,"fg":56,"tp":33,"blk":34,"stl":54,"drb":74,"pss":70,"reb":54,"pot":62}],"skills":[]},{"tid":-2,"name":"Dyron Nix","pos":"SF","hgt":79,"weight":210,"imgURL":"http://thedraftreview.com/history/drafted1989/images/dyron-nix.jpg","born":{"year":1967,"loc":"Meridian, MS"},"contract":{"amount":"","exp":""},"draft":{"round":"","pick":"","tid":"","orig. team":"","year":""},"college":"Tennessee","ratings":[{"hgt":58,"stre":56,"spd":62,"jmp":63,"endu":55,"ins":43,"dnk":38,"ft":65,"fg":54,"tp":21,"blk":54,"stl":53,"drb":48,"pss":47,"reb":63,"pot":55}],"skills":[]},{"tid":-2,"name":"Frank Kornet","pos":"PF","hgt":81,"weight":225,"imgURL":"http://grfx.cstv.com/schools/vand/graphics/auto/frank-kornet-chc-2-300.jpg","born":{"year":1967,"loc":"Lexington, KY"},"contract":{"amount":"","exp":""},"draft":{"round":"","pick":"","tid":"","orig. team":"","year":""},"ratings":[{"hgt":71,"stre":63,"spd":43,"jmp":43,"endu":49,"ins":56,"dnk":58,"ft":54,"fg":47,"tp":33,"blk":62,"stl":56,"drb":34,"pss":52,"reb":71,"pot":57}],"skills":[]},{"tid":-2,"name":"Jeff Martin","pos":"G","hgt":77,"weight":195,"imgURL":"http://www.tradingcarddb.com/Images/Cards/Basketball/2089/2089-664423Bk.jpg","born":{"year":1967,"loc":"Cherry Valley, AR"},"contract":{"amount":"","exp":""},"draft":{"round":"","pick":"","tid":"","orig. team":"","year":""},"college":"Murray State","ratings":[{"hgt":45,"stre":48,"spd":64,"jmp":67,"endu":54,"ins":37,"dnk":42,"ft":64,"fg":64,"tp":54,"blk":43,"stl":54,"drb":67,"pss":55,"reb":64,"pot":56}],"skills":[]},{"tid":-2,"name":"Stanley Brundy","pos":"SF","hgt":78,"weight":210,"imgURL":"http://thedraftreview.com/history/drafted1989/images/stanley-brundy.jpg","born":{"year":1967,"loc":"New Orleans, LA"},"contract":{"amount":"","exp":""},"draft":{"round":"","pick":"","tid":"","orig. team":"","year":""},"college":"DePaul","ratings":[{"hgt":50,"stre":50,"spd":56,"jmp":55,"endu":46,"ins":43,"dnk":44,"ft":55,"fg":57,"tp":44,"blk":44,"stl":54,"drb":37,"pss":42,"reb":63,"pot":51}],"skills":[]},{"tid":-2,"name":"Jay Edwards","pos":"SG","hgt":76,"weight":185,"imgURL":"http://thedraftreview.com/history/drafted1989/images/jay-edwards.jpg","born":{"year":1969,"loc":"Muncie, IN"},"contract":{"amount":"","exp":""},"draft":{"round":"","pick":"","tid":"","orig. team":"","year":""},"college":"Indiana","ratings":[{"hgt":36,"stre":37,"spd":63,"jmp":67,"endu":64,"ins":43,"dnk":43,"ft":65,"fg":65,"tp":62,"blk":57,"stl":64,"drb":63,"pss":65,"reb":64,"pot":63}],"skills":[]},{"tid":-2,"name":"Gary Leonard","pos":"C","hgt":85,"weight":250,"imgURL":"http://thedraftreview.com/history/drafted1989/images/gary-leonard.jpg","born":{"year":1967,"loc":"Belleville, IL"},"contract":{"amount":"","exp":""},"draft":{"round":"","pick":"","tid":"","orig. team":"","year":""},"college":"Missouri","ratings":[{"hgt":78,"stre":74,"spd":43,"jmp":56,"endu":54,"ins":63,"dnk":63,"ft":54,"fg":46,"tp":0,"blk":64,"stl":35,"drb":27,"pss":36,"reb":67,"pot":53}],"skills":[]},{"tid":-2,"name":"Pat Durham","pos":"SF","hgt":79,"weight":210,"imgURL":"http://thedraftreview.com/history/drafted1989/images/pat-durham.jpg","born":{"year":1967,"loc":"Dallas, TX"},"contract":{"amount":"","exp":""},"draft":{"round":"","pick":"","tid":"","orig. team":"","year":""},"college":"Colorado State","ratings":[{"hgt":57,"stre":53,"spd":60,"jmp":56,"endu":52,"ins":43,"dnk":48,"ft":65,"fg":54,"tp":32,"blk":53,"stl":58,"drb":34,"pss":46,"reb":59,"pot":53}],"skills":[]},{"tid":-2,"name":"Clifford Robinson","pos":"FC","hgt":82,"weight":225,"imgURL":"http://www.nba.com/media/playerfile/clifford_robinson.jpg","born":{"year":1966,"loc":"Buffalo, NY"},"contract":{"amount":"","exp":""},"draft":{"round":"","pick":"","tid":"","orig. team":"","year":""},"college":"Connecticut","ratings":[{"hgt":93,"stre":62,"spd":55,"jmp":63,"endu":34,"ins":49,"dnk":54,"ft":56,"fg":54,"tp":21,"blk":53,"stl":53,"drb":31,"pss":45,"reb":42,"pot":64}],"skills":[]},{"tid":-2,"name":"Michael Ansley","pos":"SF","hgt":79,"weight":225,"imgURL":"http://rivista-cdn.orlandomagazine.com/Orlando-Magazine/January-2014/Ansley%2C%20M_OrlandoMagic.jpg","born":{"year":1967,"loc":"Birmingham, AL"},"contract":{"amount":"","exp":""},"draft":{"round":"","pick":"","tid":"","orig. team":"","year":""},"college":"Alabama","ratings":[{"hgt":57,"stre":56,"spd":58,"jmp":59,"endu":55,"ins":34,"dnk":45,"ft":63,"fg":64,"tp":63,"blk":56,"stl":53,"drb":62,"pss":57,"reb":56,"pot":53}],"skills":[]},{"tid":-2,"name":"Doug West","pos":"SG","hgt":78,"weight":200,"imgURL":"http://static.giantbomb.com/uploads/scale_small/0/2986/612351-doug_west.jpg","born":{"year":1967,"loc":"Altoona, PA"},"contract":{"amount":"","exp":""},"draft":{"round":"","pick":"","tid":"","orig. team":"","year":""},"college":"Villanova","ratings":[{"hgt":54,"stre":42,"spd":65,"jmp":64,"endu":64,"ins":37,"dnk":43,"ft":44,"fg":56,"tp":54,"blk":64,"stl":54,"drb":55,"pss":45,"reb":54,"pot":58}],"skills":[]},{"tid":-2,"name":"Ed Horton","pos":"PF","hgt":80,"weight":230,"imgURL":"http://thedraftreview.com/history/drafted1989/images/ed-horton.jpg","born":{"year":1967,"loc":"Springfield, IL"},"contract":{"amount":"","exp":""},"draft":{"round":"","pick":"","tid":"","orig. team":"","year":""},"college":"Iowa","ratings":[{"hgt":76,"stre":64,"spd":34,"jmp":43,"endu":54,"ins":65,"dnk":65,"ft":56,"fg":54,"tp":21,"blk":67,"stl":43,"drb":39,"pss":43,"reb":67,"pot":56}],"skills":[]},{"tid":-2,"name":"Dino Radja","pos":"FC","hgt":83,"weight":225,"imgURL":"http://www.interbasket.net/players/radja.jpg","born":{"year":1967,"loc":"Split, Croatia"},"contract":{"amount":"","exp":""},"draft":{"round":"","pick":"","tid":"","orig. team":"","year":""},"college":"Croatia","ratings":[{"hgt":83,"stre":64,"spd":43,"jmp":43,"endu":54,"ins":75,"dnk":83,"ft":63,"fg":43,"tp":14,"blk":76,"stl":43,"drb":32,"pss":46,"reb":76,"pot":68}],"skills":[]},{"tid":-2,"name":"Doug Roth","pos":"C","hgt":83,"weight":255,"imgURL":"http://www.thedraftreview.com/history/drafted1989/images/doug-roth.jpg","born":{"year":1967,"loc":"Knoxville, TN"},"contract":{"amount":"","exp":""},"draft":{"round":"","pick":"","tid":"","orig. team":"","year":""},"college":"Tennessee","ratings":[{"hgt":77,"stre":66,"spd":23,"jmp":32,"endu":45,"ins":56,"dnk":52,"ft":65,"fg":44,"tp":0,"blk":73,"stl":53,"drb":23,"pss":37,"reb":67,"pot":49}],"skills":[]},{"tid":-2,"name":"Michael Cutright","pos":"SG","hgt":76,"weight":210,"imgURL":"http://www.thedraftreview.com/history/drafted1989/images/michael-cutright.jpg","born":{"year":1967,"loc":"Zwolle, LA"},"contract":{"amount":"","exp":""},"draft":{"round":"","pick":"","tid":"","orig. team":"","year":""},"college":"McNeese State","ratings":[{"hgt":36,"stre":39,"spd":57,"jmp":78,"endu":54,"ins":27,"dnk":63,"ft":56,"fg":56,"tp":25,"blk":45,"stl":32,"drb":34,"pss":36,"reb":53,"pot":56}],"skills":[]},{"tid":-2,"name":"Chucky Brown","pos":"PF","hgt":79,"weight":214,"imgURL":"http://www.latimes.com/includes/projects/img/lakers/bio_photos/chucky_brown.jpg","born":{"year":1968,"loc":"New York, NY"},"contract":{"amount":"","exp":""},"draft":{"round":"","pick":"","tid":"","orig. team":"","year":""},"college":"NC State","ratings":[{"hgt":63,"stre":63,"spd":21,"jmp":43,"endu":52,"ins":65,"dnk":56,"ft":54,"fg":43,"tp":65,"blk":43,"stl":54,"drb":48,"pss":43,"reb":76,"pot":56}],"skills":[]},{"tid":-2,"name":"Aleksander Djordjevic","pos":"SG","hgt":74,"weight":198,"imgURL":"http://i.imgur.com/WfroVRO.png","born":{"year":1967,"loc":"Belgrade, Serbia"},"contract":{"amount":"","exp":""},"draft":{"round":"","pick":"","tid":"","orig. team":"","year":""},"ratings":[{"hgt":21,"stre":22,"spd":57,"jmp":58,"endu":56,"ins":22,"dnk":64,"ft":75,"fg":57,"tp":56,"blk":25,"stl":56,"drb":53,"pss":38,"reb":25,"pot":56}],"skills":[]},{"tid":-2,"name":"Scott Haffner","pos":"PG","hgt":75,"weight":180,"imgURL":"http://cdn.solecollector.com/media/sneakers/images/Scott_haffner_Nike_air_alpha_force.jpg","born":{"year":1966,"loc":"Terre Haute, IN"},"contract":{"amount":"","exp":""},"draft":{"round":"","pick":"","tid":"","orig. team":"","year":""},"college":"Evansville","ratings":[{"hgt":29,"stre":39,"spd":63,"jmp":64,"endu":53,"ins":34,"dnk":32,"ft":63,"fg":63,"tp":31,"blk":23,"stl":43,"drb":71,"pss":75,"reb":54,"pot":49}],"skills":[]},{"tid":-2,"name":"Ricky Blanton","pos":"SF","hgt":79,"weight":215,"imgURL":"http://www.thedraftreview.com/history/drafted1989/images/ricky-blanton.jpg","born":{"year":1966,"loc":"Miami, FL"},"contract":{"amount":"","exp":""},"draft":{"round":"","pick":"","tid":"","orig. team":"","year":""},"ratings":[{"hgt":56,"stre":54,"spd":61,"jmp":54,"endu":47,"ins":23,"dnk":43,"ft":43,"fg":55,"tp":43,"blk":43,"stl":54,"drb":43,"pss":45,"reb":54,"pot":49}],"skills":[]},{"tid":-2,"name":"Andrew Gaze","pos":"GF","hgt":79,"weight":212,"imgURL":"http://basketball.realgm.com/images/nba/4.2/profiles/photos/2006/Gaze_Andrew_nba.jpg","born":{"year":1965,"loc":"Melbourne, Australia"},"contract":{"amount":"","exp":""},"draft":{"round":"","pick":"","tid":"","orig. team":"","year":""},"college":"Seton Hall","ratings":[{"hgt":57,"stre":49,"spd":50,"jmp":55,"endu":47,"ins":35,"dnk":54,"ft":82,"fg":54,"tp":62,"blk":37,"stl":33,"drb":36,"pss":37,"reb":47,"pot":50}],"skills":[]},{"tid":-2,"name":"Junie Lewis","pos":"G","hgt":73,"weight":180,"imgURL":"http://www.thedraftreview.com/history/drafted1989/images/junie-lewis.jpg","born":{"year":1966,"loc":"Abington, PA"},"contract":{"amount":"","exp":""},"draft":{"round":"","pick":"","tid":"","orig. team":"","year":""},"college":"South Alabama","ratings":[{"hgt":14,"stre":20,"spd":65,"jmp":43,"endu":48,"ins":33,"dnk":52,"ft":65,"fg":53,"tp":57,"blk":32,"stl":55,"drb":73,"pss":66,"reb":32,"pot":55}],"skills":[]},{"tid":-2,"name":"Haywoode Workman","pos":"PG","hgt":74,"weight":180,"imgURL":"http://www.nba.com/pacers/sites/pacers/files/haywoode_workman_240.jpg","born":{"year":1966,"loc":"Charlotte, NC"},"contract":{"amount":"","exp":""},"draft":{"round":"","pick":"","tid":"","orig. team":"","year":""},"ratings":[{"hgt":21,"stre":33,"spd":66,"jmp":54,"endu":49,"ins":24,"dnk":34,"ft":65,"fg":69,"tp":59,"blk":32,"stl":54,"drb":74,"pss":66,"reb":56,"pot":54}],"skills":[]},{"tid":-2,"name":"Brian Quinnett","pos":"SF","hgt":80,"weight":235,"imgURL":"https://i.imgur.com/JNqC1eG.png","born":{"year":1966,"loc":"Pullman, WA"},"contract":{"amount":"","exp":""},"draft":{"round":"","pick":"","tid":"","orig. team":"","year":""},"college":"Washington State","ratings":[{"hgt":64,"stre":37,"spd":43,"jmp":54,"endu":33,"ins":43,"dnk":54,"ft":65,"fg":34,"tp":54,"blk":54,"stl":65,"drb":34,"pss":43,"reb":54,"pot":47}],"skills":[]},{"tid":-2,"name":"Mike Morrison","pos":"SG","hgt":76,"weight":195,"imgURL":"http://grfx.cstv.com/schools/locl/graphics/auto/mike-morrison.jpg","born":{"year":1967,"loc":"Washington, DC"},"contract":{"amount":"","exp":""},"draft":{"round":"","pick":"","tid":"","orig. team":"","year":""},"college":"Loyola (MD)","ratings":[{"hgt":35,"stre":34,"spd":56,"jmp":54,"endu":66,"ins":23,"dnk":43,"ft":54,"fg":65,"tp":34,"blk":34,"stl":66,"drb":54,"pss":43,"reb":45,"pot":48}],"skills":[]},{"tid":-2,"name":"Greg Grant","pos":"PG","hgt":67,"weight":140,"imgURL":"http://www.thedraftreview.com/history/drafted1989/images/greg-grant.jpg","born":{"year":1966,"loc":"Trenton, NJ"},"contract":{"amount":"","exp":""},"draft":{"round":"","pick":"","tid":"","orig. team":"","year":""},"college":"Trenton State","ratings":[{"hgt":17,"stre":46,"spd":64,"jmp":63,"endu":54,"ins":43,"dnk":44,"ft":66,"fg":57,"tp":54,"blk":34,"stl":66,"drb":72,"pss":68,"reb":32,"pot":56}],"skills":[]},{"tid":-2,"name":"Jeff Hodge","pos":"G","hgt":74,"weight":175,"imgURL":"http://thedraftreview.com/history/drafted1989/images/jeff-hodge.jpg","born":{"year":1966,"loc":"Birmingham, AL"},"contract":{"amount":"","exp":""},"draft":{"round":"","pick":"","tid":"","orig. team":"","year":""},"college":"South Alabama","ratings":[{"hgt":21,"stre":37,"spd":65,"jmp":46,"endu":55,"ins":32,"dnk":34,"ft":65,"fg":57,"tp":62,"blk":13,"stl":65,"drb":63,"pss":65,"reb":43,"pot":47}],"skills":[]},{"tid":-2,"name":"Toney Mack","pos":"G","hgt":76,"weight":205,"imgURL":"http://www.thedraftreview.com/history/drafted1989/images/toney-mack.jpg","born":{"year":1967,"loc":"Brandon, FL"},"contract":{"amount":"","exp":""},"draft":{"round":"","pick":"","tid":"","orig. team":"","year":""},"college":"Georgia","ratings":[{"hgt":36,"stre":42,"spd":62,"jmp":42,"endu":53,"ins":44,"dnk":44,"ft":63,"fg":62,"tp":54,"blk":25,"stl":56,"drb":64,"pss":65,"reb":36,"pot":55}],"skills":[]},{"tid":-2,"name":"Terry Davis","pos":"FC","hgt":81,"weight":225,"imgURL":"http://basketball.realgm.com/images/nba/4.2/profiles/photos/2006/Davis_Terry_nba.jpg","born":{"year":1967,"loc":"Danville, VA"},"contract":{"amount":"","exp":""},"draft":{"round":"","pick":"","tid":"","orig. team":"","year":""},"college":"Virginia Union","ratings":[{"hgt":71,"stre":76,"spd":34,"jmp":43,"endu":56,"ins":53,"dnk":57,"ft":65,"fg":34,"tp":0,"blk":58,"stl":43,"drb":28,"pss":54,"reb":65,"pot":54}],"skills":[]},{"tid":-2,"name":"Chris Childs","pos":"SG","hgt":75,"weight":195,"imgURL":"http://i.imgur.com/0UxHWp9.jpg","born":{"year":1967,"loc":"Bakersfield, CA"},"contract":{"amount":"","exp":""},"draft":{"round":"","pick":"","tid":"","orig. team":"","year":""},"college":"Boise State","ratings":[{"hgt":29,"stre":35,"spd":67,"jmp":53,"endu":63,"ins":25,"dnk":57,"ft":62,"fg":65,"tp":62,"blk":34,"stl":65,"drb":67,"pss":64,"reb":32,"pot":58}],"skills":[]},{"tid":-2,"name":"Jaren Jackson","pos":"SG","hgt":76,"weight":190,"imgURL":"http://www.tradingcarddb.com/Images/Cards/Basketball/2863/2863-714140Fr.jpg","born":{"year":1967,"loc":"New Orleans, LA"},"contract":{"amount":"","exp":""},"draft":{"round":"","pick":"","tid":"","orig. team":"","year":""},"college":"Georgetown","ratings":[{"hgt":36,"stre":44,"spd":67,"jmp":42,"endu":57,"ins":33,"dnk":45,"ft":65,"fg":61,"tp":66,"blk":43,"stl":62,"drb":65,"pss":66,"reb":43,"pot":55}],"skills":[]},{"tid":-2,"name":"Adrian Caldwell","pos":"PF","hgt":80,"weight":265,"imgURL":"http://www.clutchfans.net/images/profiles/Adrian_Caldwell.jpg","born":{"year":1966,"loc":"Falls County, TX"},"contract":{"amount":"","exp":""},"draft":{"round":"","pick":"","tid":"","orig. team":"","year":""},"college":"Lamar","ratings":[{"hgt":64,"stre":72,"spd":22,"jmp":54,"endu":56,"ins":64,"dnk":67,"ft":53,"fg":43,"tp":12,"blk":65,"stl":54,"drb":33,"pss":43,"reb":65,"pot":55}],"skills":[]},{"tid":-2,"name":"Paul Graham","pos":"SG","hgt":78,"weight":200,"imgURL":"http://www.tradingcarddb.com/Images/Cards/Basketball/2164/2164-194Fr.jpg","born":{"year":1967,"loc":"Philadelphia, PA"},"contract":{"amount":"","exp":""},"draft":{"round":"","pick":"","tid":"","orig. team":"","year":""},"college":"Ohio","ratings":[{"hgt":50,"stre":45,"spd":62,"jmp":63,"endu":54,"ins":22,"dnk":62,"ft":66,"fg":45,"tp":72,"blk":27,"stl":69,"drb":46,"pss":42,"reb":65,"pot":58}],"skills":[]},{"tid":-2,"name":"Mike Higgins","pos":"F","hgt":81,"weight":220,"imgURL":"http://www.latimes.com/includes/projects/img/lakers/bio_photos/mike_higgins.jpg","born":{"year":1967,"loc":"Grand Island, NE"},"contract":{"amount":"","exp":""},"draft":{"round":"","pick":"","tid":"","orig. team":"","year":""},"college":"Northern Colorado","ratings":[{"hgt":71,"stre":54,"spd":47,"jmp":56,"endu":63,"ins":63,"dnk":56,"ft":53,"fg":43,"tp":12,"blk":58,"stl":43,"drb":44,"pss":56,"reb":62,"pot":54}],"skills":[]},{"tid":-2,"name":"Byron Dinkins","pos":"G","hgt":73,"weight":170,"imgURL":"http://www.legendsofbasketball.com/wp-content/uploads/2013/01/Byron-Dinkins.jpg","born":{"year":1967,"loc":"Charlotte, NC"},"contract":{"amount":"","exp":""},"draft":{"round":"","pick":"","tid":"","orig. team":"","year":""},"college":"Charlotte","ratings":[{"hgt":15,"stre":45,"spd":65,"jmp":45,"endu":65,"ins":43,"dnk":47,"ft":63,"fg":57,"tp":53,"blk":66,"stl":47,"drb":45,"pss":43,"reb":64,"pot":56}],"skills":[]},{"tid":-2,"name":"Lanard Copeland","pos":"G","hgt":78,"weight":190,"imgURL":"http://www.tradingcarddb.com/Images/Cards/Basketball/2086/2086-664047Fr.jpg","born":{"year":1965,"loc":"Atlanta, GA"},"contract":{"amount":"","exp":""},"draft":{"round":"","pick":"","tid":"","orig. team":"","year":""},"college":"Georgia State","ratings":[{"hgt":45,"stre":46,"spd":62,"jmp":47,"endu":56,"ins":43,"dnk":46,"ft":54,"fg":58,"tp":56,"blk":33,"stl":54,"drb":56,"pss":57,"reb":54,"pot":50}],"skills":[]},{"tid":-2,"name":"Mark Hughes","pos":"C","hgt":82,"weight":250,"imgURL":"http://www.mashf.com/Mark%20Hughes.JPG","born":{"year":1966,"loc":"Muskegon, MI"},"contract":{"amount":"","exp":""},"draft":{"round":"","pick":"","tid":"","orig. team":"","year":""},"college":"Michigan","ratings":[{"hgt":79,"stre":63,"spd":43,"jmp":38,"endu":52,"ins":77,"dnk":76,"ft":64,"fg":24,"tp":0,"blk":78,"stl":45,"drb":31,"pss":31,"reb":88,"pot":54}],"skills":[]},{"tid":-2,"name":"Eric Johnson","pos":"PG","hgt":74,"weight":205,"imgURL":"http://www.tradingcarddb.com/Images/Cards/Basketball/2081/2081-280Fr.jpg","born":{"year":1966,"loc":"Brooklyn, NY"},"contract":{"amount":"","exp":""},"draft":{"round":"","pick":"","tid":"","orig. team":"","year":""},"ratings":[{"hgt":21,"stre":45,"spd":78,"jmp":43,"endu":48,"ins":42,"dnk":54,"ft":77,"fg":63,"tp":65,"blk":12,"stl":64,"drb":71,"pss":80,"reb":22,"pot":52}],"skills":[]},{"tid":-2,"name":"Stan Kimbrough","pos":"PG","hgt":71,"weight":153,"imgURL":"http://img.comc.com/i/Basketball/1990-91/ProCards-CBA/169/Stan-Kimbrough.jpg?id=42859556-5851-4743-862e-424714c8581e&size=zoom","born":{"year":1966,"loc":"Tuscaloosa, AL"},"contract":{"amount":"","exp":""},"draft":{"round":"","pick":"","tid":"","orig. team":"","year":""},"ratings":[{"hgt":4,"stre":22,"spd":78,"jmp":63,"endu":48,"ins":22,"dnk":54,"ft":77,"fg":53,"tp":55,"blk":12,"stl":84,"drb":74,"pss":72,"reb":22,"pot":49}],"skills":[]},{"tid":-2,"name":"Clifford Lett","pos":"G","hgt":75,"weight":170,"imgURL":"http://img.comc.com/i/Basketball/1989-90/ProCards-CBA/55/Clifford-Lett.jpg?id=7fb8d8d9-2544-43f0-8e87-d736871f39ae&size=zoom","born":{"year":1965,"loc":"Pensacola, FL"},"contract":{"amount":"","exp":""},"draft":{"round":"","pick":"","tid":"","orig. team":"","year":""},"ratings":[{"hgt":28,"stre":34,"spd":68,"jmp":43,"endu":48,"ins":32,"dnk":44,"ft":77,"fg":55,"tp":45,"blk":12,"stl":64,"drb":65,"pss":69,"reb":22,"pot":46}],"skills":[]},{"tid":-2,"name":"Charles Smith","pos":"PG","hgt":73,"weight":160,"imgURL":"http://a.espncdn.com/photo/2010/1021/nba_g_smith11_200.jpg","born":{"year":1967,"loc":"Washington, DC"},"contract":{"amount":"","exp":""},"draft":{"round":"","pick":"","tid":"","orig. team":"","year":""},"ratings":[{"hgt":14,"stre":43,"spd":74,"jmp":43,"endu":50,"ins":42,"dnk":54,"ft":77,"fg":65,"tp":10,"blk":12,"stl":58,"drb":71,"pss":78,"reb":32,"pot":55}],"skills":[]},{"tid":-2,"name":"Howard Wright","pos":"F","hgt":80,"weight":220,"imgURL":"http://image.cdnllnwnl.xosnetwork.com/fls/30600/old_site/images/6220490.jpeg","born":{"year":1967,"loc":"San Diego, CA"},"contract":{"amount":"","exp":""},"draft":{"round":"","pick":"","tid":"","orig. team":"","year":""},"ratings":[{"hgt":64,"stre":54,"spd":47,"jmp":56,"endu":63,"ins":63,"dnk":56,"ft":53,"fg":43,"tp":12,"blk":58,"stl":43,"drb":44,"pss":56,"reb":62,"pot":54}],"skills":[]},{"tid":-2,"name":"Steve Bucknall","pos":"GF","hgt":78,"weight":215,"imgURL":"http://www.hoopsfix.com/wp-content/uploads/2010/11/Steve-Bucknall-Los-Angeles-Lakers.jpg","born":{"year":1966,"loc":"London, United Kingdom"},"contract":{"amount":"","exp":""},"draft":{"round":"","pick":"","tid":"","orig. team":"","year":""},"ratings":[{"hgt":42,"stre":44,"spd":68,"jmp":43,"endu":48,"ins":32,"dnk":54,"ft":77,"fg":55,"tp":45,"blk":12,"stl":64,"drb":51,"pss":55,"reb":22,"pot":49}],"skills":[]},{"tid":-2,"name":"Tony Dawson","pos":"F","hgt":79,"weight":215,"imgURL":"http://www.nolefan.org/basketball/mug_dawson_tony.jpg","born":{"year":1967,"loc":"Kinston, NC"},"contract":{"amount":"","exp":""},"draft":{"round":"","pick":"","tid":"","orig. team":"","year":""},"college":"Florida State","ratings":[{"hgt":56,"stre":54,"spd":47,"jmp":56,"endu":43,"ins":63,"dnk":56,"ft":53,"fg":43,"tp":12,"blk":58,"stl":43,"drb":44,"pss":56,"reb":62,"pot":50}],"skills":[]}]}