{"startingSeason":1996,"players":[{"tid":-2,"name":"Allen Iverson","pos":"G","hgt":72,"weight":165,"imgURL":"https://i.imgur.com/5e78kEa.png","born":{"year":1975,"loc":"Hampton, VA"},"contract":{"amount":"","exp":""},"draft":{"round":"","pick":"","team":"","orig. team":"","year":""},"college":"Georgetown","ratings":[{"hgt":13,"stre":62,"spd":97,"jmp":93,"endu":83,"ins":70,"dnk":94,"ft":88,"fg":87,"tp":73,"blk":53,"stl":86,"drb":80,"pss":71,"reb":56,"pot":82}],"skills":[]},{"tid":-2,"name":"Marcus Camby","pos":"FC","hgt":83,"weight":220,"imgURL":"http://a.espncdn.com/combiner/i?img=/i/headshots/nba/players/full/125.png&w=350&h=254","born":{"year":1974,"loc":"Hartford, CT"},"contract":{"amount":"","exp":""},"draft":{"round":"","pick":"","team":"","orig. team":"","year":""},"college":"UMass","ratings":[{"hgt":84,"stre":76,"spd":54,"jmp":66,"endu":54,"ins":78,"dnk":67,"ft":54,"fg":36,"tp":0,"blk":85,"stl":43,"drb":33,"pss":54,"reb":81,"pot":75}],"skills":[]},{"tid":-2,"name":"Shareef Abdur-Rahim","pos":"F","hgt":81,"weight":225,"imgURL":"http://espn.go.com/i/nba/profiles/players/65x90/3098.jpg","born":{"year":1976,"loc":"Marietta, GA"},"contract":{"amount":"","exp":""},"draft":{"round":"","pick":"","team":"","orig. team":"","year":""},"college":"California","ratings":[{"hgt":74,"stre":57,"spd":66,"jmp":70,"endu":80,"ins":74,"dnk":72,"ft":68,"fg":69,"tp":53,"blk":69,"stl":62,"drb":53,"pss":51,"reb":68,"pot":74}],"skills":[]},{"tid":-2,"name":"Stephon Marbury","pos":"PG","hgt":74,"weight":180,"imgURL":"http://assets.espn.go.com/i/headshots/nba/players/65/509.jpg","born":{"year":1977,"loc":"Brooklyn, NY"},"contract":{"amount":"","exp":""},"draft":{"round":"","pick":"","team":"","orig. team":"","year":""},"college":"Georgia Tech","ratings":[{"hgt":22,"stre":52,"spd":86,"jmp":82,"endu":63,"ins":52,"dnk":84,"ft":67,"fg":76,"tp":63,"blk":43,"stl":76,"drb":76,"pss":59,"reb":53,"pot":74}],"skills":[]},{"tid":-2,"name":"Ray Allen","pos":"SG","hgt":77,"weight":205,"imgURL":"http://a.espncdn.com/combiner/i?img=/i/headshots/nba/players/full/9.png&w=350&h=254","born":{"year":1975,"loc":"Merced, CA"},"contract":{"amount":"","exp":""},"draft":{"round":"","pick":"","team":"","orig. team":"","year":""},"college":"Connecticut","ratings":[{"hgt":43,"stre":45,"spd":76,"jmp":87,"endu":76,"ins":44,"dnk":72,"ft":87,"fg":84,"tp":83,"blk":32,"stl":43,"drb":64,"pss":74,"reb":56,"pot":75}],"skills":[]},{"tid":-2,"name":"Antoine Walker","pos":"PF","hgt":80,"weight":224,"imgURL":"https://i.imgur.com/mXv6VAe.png","born":{"year":1976,"loc":"Chicago, IL"},"contract":{"amount":"","exp":""},"draft":{"round":"","pick":"","team":"","orig. team":"","year":""},"college":"Kentucky","ratings":[{"hgt":66,"stre":56,"spd":54,"jmp":71,"endu":67,"ins":67,"dnk":64,"ft":65,"fg":43,"tp":59,"blk":65,"stl":54,"drb":56,"pss":65,"reb":85,"pot":70}],"skills":[]},{"tid":-2,"name":"Lorenzen Wright","pos":"C","hgt":83,"weight":225,"imgURL":"http://a.espncdn.com/i/headshots/nba/players/65/959.jpg","born":{"year":1975,"loc":"Memphis, TN"},"contract":{"amount":"","exp":""},"draft":{"round":"","pick":"","team":"","orig. team":"","year":""},"college":"Memphis","ratings":[{"hgt":84,"stre":74,"spd":32,"jmp":67,"endu":54,"ins":67,"dnk":65,"ft":62,"fg":34,"tp":1,"blk":65,"stl":45,"drb":43,"pss":45,"reb":88,"pot":58}],"skills":[]},{"tid":-2,"name":"Kerry Kittles","pos":"SG","hgt":77,"weight":179,"imgURL":"http://a.espncdn.com/i/headshots/nba/players/65/437.jpg","born":{"year":1974,"loc":"Dayton, OH"},"contract":{"amount":"","exp":""},"draft":{"round":"","pick":"","team":"","orig. team":"","year":""},"college":"Villanova","ratings":[{"hgt":44,"stre":35,"spd":70,"jmp":70,"endu":34,"ins":35,"dnk":65,"ft":76,"fg":86,"tp":83,"blk":44,"stl":60,"drb":55,"pss":64,"reb":45,"pot":70}],"skills":[]},{"tid":-2,"name":"Samaki Walker","pos":"FC","hgt":81,"weight":240,"imgURL":"http://a.espncdn.com/i/headshots/nba/players/65/882.jpg","born":{"year":1976,"loc":"Columbus, OH"},"contract":{"amount":"","exp":""},"draft":{"round":"","pick":"","team":"","orig. team":"","year":""},"college":"Louisville","ratings":[{"hgt":71,"stre":75,"spd":52,"jmp":64,"endu":52,"ins":58,"dnk":65,"ft":45,"fg":65,"tp":0,"blk":66,"stl":45,"drb":32,"pss":54,"reb":76,"pot":57}],"skills":[]},{"tid":-2,"name":"Erick Dampier","pos":"C","hgt":83,"weight":265,"imgURL":"http://a.espncdn.com/combiner/i?img=/i/headshots/nba/players/full/181.png&w=350&h=254","born":{"year":1975,"loc":"Jackson, MS"},"contract":{"amount":"","exp":""},"draft":{"round":"","pick":"","team":"","orig. team":"","year":""},"college":"Mississippi State","ratings":[{"hgt":86,"stre":86,"spd":45,"jmp":65,"endu":59,"ins":80,"dnk":65,"ft":45,"fg":54,"tp":54,"blk":34,"stl":43,"drb":54,"pss":65,"reb":66,"pot":58}],"skills":[]},{"tid":-2,"name":"Todd Fuller","pos":"C","hgt":83,"weight":255,"imgURL":"http://www.thedraftreview.com/history/drafted1996/images/todd-fuller.jpg","born":{"year":1974,"loc":"Fayetteville, NC"},"contract":{"amount":"","exp":""},"draft":{"round":"","pick":"","team":"","orig. team":"","year":""},"college":"NC State","ratings":[{"hgt":86,"stre":73,"spd":40,"jmp":55,"endu":58,"ins":63,"dnk":60,"ft":68,"fg":65,"tp":0,"blk":77,"stl":44,"drb":25,"pss":45,"reb":70,"pot":56}],"skills":[]},{"tid":-2,"name":"Vitaly Potapenko","pos":"C","hgt":82,"weight":280,"imgURL":"http://i.imgur.com/efvSN8y.png","born":{"year":1975,"loc":"Kiev, Ukraine"},"contract":{"amount":"","exp":""},"draft":{"round":"","pick":"","team":"","orig. team":"","year":""},"college":"Wright State","ratings":[{"hgt":79,"stre":78,"spd":55,"jmp":45,"endu":64,"ins":56,"dnk":65,"ft":55,"fg":65,"tp":0,"blk":47,"stl":65,"drb":65,"pss":64,"reb":65,"pot":60}],"skills":[]},{"tid":-2,"name":"Kobe Bryant","pos":"SG","hgt":78,"weight":200,"imgURL":"http://i.imgur.com/kjsU9Dn.png","born":{"year":1978,"loc":"Philadelphia, PA"},"contract":{"amount":"","exp":""},"draft":{"round":"","pick":"","team":"","orig. team":"","year":""},"college":"Lower Merion HS (PA)","ratings":[{"hgt":55,"stre":37,"spd":81,"jmp":85,"endu":43,"ins":55,"dnk":62,"ft":77,"fg":59,"tp":57,"blk":48,"stl":45,"drb":59,"pss":42,"reb":59,"pot":85}],"skills":[]},{"tid":-2,"name":"Peja Stojakovic","pos":"SF","hgt":81,"weight":220,"imgURL":"http://a.espncdn.com/combiner/i?img=/i/headshots/nba/players/full/813.png&w=350&h=254","born":{"year":1977,"loc":"Slavoska Pozega, Croatia"},"contract":{"amount":"","exp":""},"draft":{"round":"","pick":"","team":"","orig. team":"","year":""},"college":"Serbia","ratings":[{"hgt":71,"stre":36,"spd":63,"jmp":64,"endu":54,"ins":34,"dnk":50,"ft":64,"fg":81,"tp":86,"blk":54,"stl":54,"drb":56,"pss":56,"reb":53,"pot":70}],"skills":[]},{"tid":-2,"name":"Steve Nash","pos":"PG","hgt":75,"weight":195,"imgURL":"http://a.espncdn.com/combiner/i?img=/i/headshots/nba/players/full/592.png&w=350&h=254","born":{"year":1974,"loc":"Johannesburg, South Africa"},"contract":{"amount":"","exp":""},"draft":{"round":"","pick":"","team":"","orig. team":"","year":""},"college":"Santa Clara","ratings":[{"hgt":28,"stre":47,"spd":84,"jmp":64,"endu":84,"ins":15,"dnk":40,"ft":84,"fg":57,"tp":72,"blk":7,"stl":63,"drb":87,"pss":100,"reb":55,"pot":82}],"skills":[]},{"tid":-2,"name":"Tony Delk","pos":"G","hgt":73,"weight":189,"imgURL":"http://a.espncdn.com/i/headshots/nba/players/65/198.jpg","born":{"year":1974,"loc":"Covington, TN"},"contract":{"amount":"","exp":""},"draft":{"round":"","pick":"","team":"","orig. team":"","year":""},"college":"Kentucky","ratings":[{"hgt":15,"stre":45,"spd":72,"jmp":65,"endu":58,"ins":44,"dnk":34,"ft":65,"fg":65,"tp":54,"blk":24,"stl":66,"drb":68,"pss":65,"reb":54,"pot":58}],"skills":[]},{"tid":-2,"name":"Jermaine O'Neal","pos":"FC","hgt":83,"weight":226,"imgURL":"http://a.espncdn.com/combiner/i?img=/i/headshots/nba/players/full/615.png&w=350&h=254","born":{"year":1978,"loc":"Columbia, SC"},"contract":{"amount":"","exp":""},"draft":{"round":"","pick":"","team":"","orig. team":"","year":""},"college":"Eau Claire HS","ratings":[{"hgt":86,"stre":64,"spd":67,"jmp":74,"endu":44,"ins":58,"dnk":53,"ft":84,"fg":56,"tp":23,"blk":72,"stl":45,"drb":44,"pss":45,"reb":69,"pot":77}],"skills":[]},{"tid":-2,"name":"John Wallace","pos":"SF","hgt":80,"weight":225,"imgURL":"http://cdn.slamonline.com/wp-content/uploads/2014/04/JOHNKNICKS.jpg","born":{"year":1974,"loc":"Rochester, NY"},"contract":{"amount":"","exp":""},"draft":{"round":"","pick":"","team":"","orig. team":"","year":""},"college":"Syracuse","ratings":[{"hgt":64,"stre":54,"spd":45,"jmp":54,"endu":65,"ins":45,"dnk":54,"ft":34,"fg":54,"tp":44,"blk":23,"stl":43,"drb":54,"pss":66,"reb":43,"pot":56}],"skills":[]},{"tid":-2,"name":"Walter McCarty","pos":"PF","hgt":82,"weight":230,"imgURL":"http://a.espncdn.com/i/headshots/nba/players/65/522.jpg","born":{"year":1974,"loc":"Evansville, IN"},"contract":{"amount":"","exp":""},"draft":{"round":"","pick":"","team":"","orig. team":"","year":""},"college":"Kentucky","ratings":[{"hgt":78,"stre":54,"spd":56,"jmp":65,"endu":34,"ins":54,"dnk":65,"ft":44,"fg":65,"tp":34,"blk":54,"stl":66,"drb":54,"pss":34,"reb":44,"pot":58}],"skills":[]},{"tid":-2,"name":"Zydrunas Ilgauskas","pos":"C","hgt":87,"weight":238,"imgURL":"http://media.tumblr.com/tumblr_lkwlw0xdvm1qh4jcw.png","born":{"year":1975,"loc":"Kaunas, Lithuania"},"contract":{"amount":"","exp":""},"draft":{"round":"","pick":"","team":"","orig. team":"","year":""},"college":"Lithuania","ratings":[{"hgt":90,"stre":78,"spd":43,"jmp":74,"endu":63,"ins":86,"dnk":83,"ft":67,"fg":56,"tp":12,"blk":89,"stl":43,"drb":32,"pss":34,"reb":89,"pot":67}],"skills":[]},{"tid":-2,"name":"Dontae' Jones","pos":"SF","hgt":80,"weight":220,"imgURL":"http://www.tradingcarddb.com/Images/Cards/Basketball/2462/2462-293Fr.jpg","born":{"year":1975,"loc":"Nashville, TN"},"contract":{"amount":"","exp":""},"draft":{"round":"","pick":"","team":"","orig. team":"","year":""},"college":"Rutgers","ratings":[{"hgt":64,"stre":54,"spd":55,"jmp":34,"endu":54,"ins":65,"dnk":34,"ft":56,"fg":45,"tp":66,"blk":34,"stl":54,"drb":44,"pss":54,"reb":65,"pot":54}],"skills":[]},{"tid":-2,"name":"Roy Rogers","pos":"PF","hgt":82,"weight":235,"imgURL":"http://www.thedraftreview.com/history/drafted1996/images/roy-rogers.jpg","born":{"year":1973,"loc":"Linden, AL"},"contract":{"amount":"","exp":""},"draft":{"round":"","pick":"","team":"","orig. team":"","year":""},"college":"Alabama","ratings":[{"hgt":79,"stre":60,"spd":46,"jmp":45,"endu":64,"ins":55,"dnk":53,"ft":65,"fg":35,"tp":0,"blk":86,"stl":46,"drb":35,"pss":40,"reb":75,"pot":56}],"skills":[]},{"tid":-2,"name":"Efthimi Rentzias","pos":"C","hgt":83,"weight":250,"imgURL":"http://1.bp.blogspot.com/_tx9T-G5kJRU/S23RLGVFi1I/AAAAAAAABa0/jVkzTLLFsFc/s320/n_f_c_barcelona_baloncesto-285992.jpg","born":{"year":1976,"loc":"Trikala, Greece"},"contract":{"amount":"","exp":""},"draft":{"round":"","pick":"","team":"","orig. team":"","year":""},"college":"Greece","ratings":[{"hgt":86,"stre":74,"spd":34,"jmp":65,"endu":45,"ins":68,"dnk":67,"ft":56,"fg":43,"tp":17,"blk":58,"stl":54,"drb":43,"pss":43,"reb":68,"pot":55}],"skills":[]},{"tid":-2,"name":"Derek Fisher","pos":"G","hgt":73,"weight":210,"imgURL":"http://a.espncdn.com/combiner/i?img=/i/headshots/nba/players/full/246.png&w=350&h=254","born":{"year":1974,"loc":"Little Rock, AR"},"contract":{"amount":"","exp":""},"draft":{"round":"","pick":"","team":"","orig. team":"","year":""},"college":"Arkansans-Little Rock","ratings":[{"hgt":28,"stre":43,"spd":86,"jmp":86,"endu":73,"ins":43,"dnk":35,"ft":78,"fg":65,"tp":69,"blk":43,"stl":56,"drb":74,"pss":65,"reb":56,"pot":59}],"skills":[]},{"tid":-2,"name":"Martin Muursepp","pos":"PF","hgt":81,"weight":235,"imgURL":"https://cache.osta.ee/iv2/auctions/1_1_4813868.jpg","born":{"year":1974,"loc":"Tallinn, Estonia"},"contract":{"amount":"","exp":""},"draft":{"round":"","pick":"","team":"","orig. team":"","year":""},"college":"Estonia","ratings":[{"hgt":71,"stre":55,"spd":56,"jmp":46,"endu":53,"ins":54,"dnk":67,"ft":65,"fg":54,"tp":54,"blk":54,"stl":65,"drb":36,"pss":46,"reb":70,"pot":56}],"skills":[]},{"tid":-2,"name":"Jerome Williams","pos":"PF","hgt":81,"weight":206,"imgURL":"http://a.espncdn.com/i/headshots/nba/players/65/930.jpg","born":{"year":1973,"loc":"Washington, DC"},"contract":{"amount":"","exp":""},"draft":{"round":"","pick":"","team":"","orig. team":"","year":""},"college":"Georgetown","ratings":[{"hgt":76,"stre":70,"spd":55,"jmp":55,"endu":65,"ins":54,"dnk":76,"ft":45,"fg":34,"tp":5,"blk":57,"stl":47,"drb":45,"pss":54,"reb":65,"pot":57}],"skills":[]},{"tid":-2,"name":"Brian Evans","pos":"SF","hgt":80,"weight":220,"imgURL":"http://home.comcast.net/~dyeskie/bevans.jpg","born":{"year":1973,"loc":"Rockford, IL"},"contract":{"amount":"","exp":""},"draft":{"round":"","pick":"","team":"","orig. team":"","year":""},"college":"Indiana","ratings":[{"hgt":65,"stre":55,"spd":56,"jmp":51,"endu":45,"ins":65,"dnk":34,"ft":32,"fg":43,"tp":5,"blk":65,"stl":46,"drb":56,"pss":56,"reb":54,"pot":52}],"skills":[]},{"tid":-2,"name":"Priest Lauderdale","pos":"C","hgt":88,"weight":325,"imgURL":"http://exnba.com/wp-content/uploads/2012/10/9e8af7a2-266d-4a65-b96c-49470661a9d8.jpg","born":{"year":1973,"loc":"Chicago, IL"},"contract":{"amount":"","exp":""},"draft":{"round":"","pick":"","team":"","orig. team":"","year":""},"college":"Central State","ratings":[{"hgt":92,"stre":86,"spd":27,"jmp":45,"endu":42,"ins":53,"dnk":55,"ft":77,"fg":27,"tp":0,"blk":74,"stl":36,"drb":16,"pss":32,"reb":80,"pot":52}],"skills":[]},{"tid":-2,"name":"Travis Knight","pos":"C","hgt":84,"weight":235,"imgURL":"http://a.espncdn.com/i/headshots/nba/players/65/439.jpg","born":{"year":1974,"loc":"Salt Lake City, UT"},"contract":{"amount":"","exp":""},"draft":{"round":"","pick":"","team":"","orig. team":"","year":""},"college":"Connecticut","ratings":[{"hgt":86,"stre":70,"spd":30,"jmp":30,"endu":70,"ins":80,"dnk":70,"ft":60,"fg":40,"tp":30,"blk":80,"stl":50,"drb":40,"pss":30,"reb":80,"pot":54}],"skills":[]},{"tid":-2,"name":"Othella Harrington","pos":"FC","hgt":81,"weight":235,"imgURL":"http://a.espncdn.com/i/headshots/nba/players/65/307.jpg","born":{"year":1974,"loc":"Jackson, MS"},"contract":{"amount":"","exp":""},"draft":{"round":"","pick":"","team":"","orig. team":"","year":""},"college":"Georgetown","ratings":[{"hgt":76,"stre":80,"spd":44,"jmp":60,"endu":55,"ins":66,"dnk":60,"ft":16,"fg":35,"tp":0,"blk":63,"stl":54,"drb":35,"pss":37,"reb":71,"pot":56}],"skills":[]},{"tid":-2,"name":"Mark Hendrickson","pos":"PF","hgt":81,"weight":220,"imgURL":"http://phillysportshistory.com/wp-content/uploads/2011/06/hendrickson-278x400.jpg","born":{"year":1974,"loc":"Mount Vernon, WA"},"contract":{"amount":"","exp":""},"draft":{"round":"","pick":"","team":"","orig. team":"","year":""},"college":"Washington State","ratings":[{"hgt":71,"stre":67,"spd":46,"jmp":44,"endu":45,"ins":55,"dnk":65,"ft":56,"fg":55,"tp":27,"blk":57,"stl":45,"drb":45,"pss":33,"reb":56,"pot":55}],"skills":[]},{"tid":-2,"name":"Ryan Minor","pos":"F","hgt":79,"weight":220,"imgURL":"http://www.thedraftreview.com/history/drafted1996/images/ryan-minor.jpg","born":{"year":1974,"loc":"Canton, OH"},"contract":{"amount":"","exp":""},"draft":{"round":"","pick":"","team":"","orig. team":"","year":""},"college":"Oklahoma","ratings":[{"hgt":57,"stre":45,"spd":65,"jmp":45,"endu":43,"ins":35,"dnk":45,"ft":65,"fg":54,"tp":55,"blk":66,"stl":56,"drb":35,"pss":44,"reb":56,"pot":52}],"skills":[]},{"tid":-2,"name":"Moochie Norris","pos":"PG","hgt":73,"weight":175,"imgURL":"http://a.espncdn.com/i/headshots/nba/players/65/608.jpg","born":{"year":1973,"loc":"Washington, DC"},"contract":{"amount":"","exp":""},"draft":{"round":"","pick":"","team":"","orig. team":"","year":""},"college":"West Florida","ratings":[{"hgt":14,"stre":45,"spd":76,"jmp":74,"endu":54,"ins":15,"dnk":53,"ft":54,"fg":65,"tp":45,"blk":65,"stl":76,"drb":75,"pss":65,"reb":26,"pot":57}],"skills":[]},{"tid":-2,"name":"Shawn Harvey","pos":"G","hgt":76,"weight":180,"imgURL":"http://www.thedraftreview.com/history/drafted1996/images/shawn-harvey.jpg","born":{"year":1973,"loc":"Philadelphia, PA"},"contract":{"amount":"","exp":""},"draft":{"round":"","pick":"","team":"","orig. team":"","year":""},"college":"West Virginia State","ratings":[{"hgt":35,"stre":45,"spd":76,"jmp":74,"endu":54,"ins":25,"dnk":53,"ft":54,"fg":65,"tp":45,"blk":65,"stl":76,"drb":45,"pss":65,"reb":36,"pot":52}],"skills":[]},{"tid":-2,"name":"Joseph Blair","pos":"PF","hgt":82,"weight":251,"imgURL":"http://basketball.realgm.com/images/nba/4.2/profiles/photos/2006/Blair_Joseph_chi.jpg","born":{"year":1974,"loc":"Akron, OH"},"contract":{"amount":"","exp":""},"draft":{"round":"","pick":"","team":"","orig. team":"","year":""},"college":"Arizona","ratings":[{"hgt":78,"stre":68,"spd":35,"jmp":45,"endu":53,"ins":65,"dnk":45,"ft":65,"fg":44,"tp":25,"blk":66,"stl":56,"drb":25,"pss":34,"reb":66,"pot":51}],"skills":[]},{"tid":-2,"name":"Doron Sheffer","pos":"G","hgt":77,"weight":200,"imgURL":"http://www.basket.co.il/pics/2007/players/player_315.jpg","born":{"year":1972,"loc":"Ramat Efal, Israel"},"contract":{"amount":"","exp":""},"draft":{"round":"","pick":"","team":"","orig. team":"","year":""},"college":"Connecticut","ratings":[{"hgt":43,"stre":45,"spd":66,"jmp":64,"endu":54,"ins":25,"dnk":33,"ft":54,"fg":55,"tp":45,"blk":35,"stl":56,"drb":45,"pss":65,"reb":44,"pot":50}],"skills":[]},{"tid":-2,"name":"Jeff McInnis","pos":"G","hgt":76,"weight":190,"imgURL":"http://a.espncdn.com/i/headshots/nba/players/65/535.jpg","born":{"year":1974,"loc":"Charlotte, NC"},"contract":{"amount":"","exp":""},"draft":{"round":"","pick":"","team":"","orig. team":"","year":""},"college":"North Carolina","ratings":[{"hgt":36,"stre":53,"spd":62,"jmp":53,"endu":57,"ins":35,"dnk":66,"ft":54,"fg":59,"tp":59,"blk":56,"stl":65,"drb":77,"pss":72,"reb":44,"pot":56}],"skills":[]},{"tid":-2,"name":"Steve Hamer","pos":"C","hgt":84,"weight":245,"imgURL":"http://www.thedraftreview.com/history/drafted1996/images/steve-hamer.jpg","born":{"year":1973,"loc":"Memphis, TN"},"contract":{"amount":"","exp":""},"draft":{"round":"","pick":"","team":"","orig. team":"","year":""},"college":"Tennessee","ratings":[{"hgt":85,"stre":76,"spd":45,"jmp":34,"endu":24,"ins":54,"dnk":64,"ft":76,"fg":45,"tp":23,"blk":54,"stl":65,"drb":18,"pss":56,"reb":45,"pot":49}],"skills":[]},{"tid":-2,"name":"Russ Millard","pos":"F","hgt":80,"weight":240,"imgURL":"http://www.thedraftreview.com/history/drafted1996/images/russ-millard.jpg","born":{"year":1973,"loc":"Bradenton, FL"},"contract":{"amount":"","exp":""},"draft":{"round":"","pick":"","team":"","orig. team":"","year":""},"college":"Iowa","ratings":[{"hgt":65,"stre":45,"spd":55,"jmp":45,"endu":43,"ins":45,"dnk":45,"ft":65,"fg":44,"tp":45,"blk":56,"stl":56,"drb":35,"pss":44,"reb":62,"pot":48}],"skills":[]},{"tid":-2,"name":"Marcus Mann","pos":"F","hgt":80,"weight":245,"imgURL":"http://www.thedraftreview.com/history/drafted1996/images/marcus-mann.jpg","born":{"year":1973,"loc":"Carthage, MS"},"contract":{"amount":"","exp":""},"draft":{"round":"","pick":"","team":"","orig. team":"","year":""},"college":"Mississippi Valley State","ratings":[{"hgt":65,"stre":45,"spd":59,"jmp":45,"endu":47,"ins":45,"dnk":45,"ft":65,"fg":44,"tp":45,"blk":46,"stl":56,"drb":45,"pss":54,"reb":56,"pot":47}],"skills":[]},{"tid":-2,"name":"Jason Sasser","pos":"SF","hgt":79,"weight":225,"imgURL":"http://www.nba.com/media/dleague/siouxfalls/20_greatest_players_sasser_400.jpg","born":{"year":1974,"loc":"Denton, TX"},"contract":{"amount":"","exp":""},"draft":{"round":"","pick":"","team":"","orig. team":"","year":""},"college":"Texas State","ratings":[{"hgt":57,"stre":45,"spd":65,"jmp":45,"endu":43,"ins":35,"dnk":45,"ft":65,"fg":44,"tp":55,"blk":56,"stl":56,"drb":35,"pss":54,"reb":56,"pot":52}],"skills":[]},{"tid":-2,"name":"Randy Livingston","pos":"PG","hgt":76,"weight":209,"imgURL":"http://curtisjphillips.tripod.com/sitebuildercontent/sitebuilderpictures/randy.jpg","born":{"year":1975,"loc":"New Orleans, LA"},"contract":{"amount":"","exp":""},"draft":{"round":"","pick":"","team":"","orig. team":"","year":""},"college":"LSU","ratings":[{"hgt":35,"stre":45,"spd":66,"jmp":54,"endu":55,"ins":44,"dnk":65,"ft":34,"fg":54,"tp":54,"blk":41,"stl":60,"drb":68,"pss":70,"reb":45,"pot":56}],"skills":[]},{"tid":-2,"name":"Ben Davis","pos":"PF","hgt":81,"weight":240,"imgURL":"http://www.thedraftreview.com/history/drafted1996/images/ben-davis.jpg","born":{"year":1972,"loc":"Vero Beach, FL"},"contract":{"amount":"","exp":""},"draft":{"round":"","pick":"","team":"","orig. team":"","year":""},"college":"Arizona","ratings":[{"hgt":73,"stre":66,"spd":46,"jmp":46,"endu":54,"ins":58,"dnk":61,"ft":56,"fg":45,"tp":0,"blk":76,"stl":56,"drb":32,"pss":46,"reb":76,"pot":52}],"skills":[]},{"tid":-2,"name":"Malik Rose","pos":"PF","hgt":79,"weight":250,"imgURL":"http://a.espncdn.com/i/headshots/nba/players/65/739.jpg","born":{"year":1974,"loc":"Philadelphia, PA"},"contract":{"amount":"","exp":""},"draft":{"round":"","pick":"","team":"","orig. team":"","year":""},"college":"Drexel","ratings":[{"hgt":61,"stre":75,"spd":45,"jmp":65,"endu":55,"ins":65,"dnk":56,"ft":45,"fg":65,"tp":5,"blk":76,"stl":45,"drb":32,"pss":56,"reb":76,"pot":59}],"skills":[]},{"tid":-2,"name":"Joe Vogel","pos":"C","hgt":83,"weight":255,"imgURL":"http://www.eurobasket.com/AcPhotos_Players/Vogel_Joe.jpg","born":{"year":1973,"loc":"North Platte, NE"},"contract":{"amount":"","exp":""},"draft":{"round":"","pick":"","team":"","orig. team":"","year":""},"college":"Colorado State","ratings":[{"hgt":85,"stre":65,"spd":34,"jmp":43,"endu":44,"ins":34,"dnk":53,"ft":65,"fg":76,"tp":0,"blk":65,"stl":34,"drb":35,"pss":45,"reb":65,"pot":51}],"skills":[]},{"tid":-2,"name":"Marcus Brown","pos":"G","hgt":75,"weight":185,"imgURL":"http://www.basketnews.lt/paveikslelis-16015-vbg.jpg","born":{"year":1974,"loc":"West Memphis, AR"},"contract":{"amount":"","exp":""},"draft":{"round":"","pick":"","team":"","orig. team":"","year":""},"college":"Murray State","ratings":[{"hgt":29,"stre":36,"spd":62,"jmp":64,"endu":66,"ins":26,"dnk":76,"ft":55,"fg":65,"tp":45,"blk":34,"stl":54,"drb":66,"pss":76,"reb":54,"pot":53}],"skills":[]},{"tid":-2,"name":"Ron Riley","pos":"SG","hgt":77,"weight":205,"imgURL":"http://www.thedraftreview.com/history/drafted1996/images/ron-riley.jpg","born":{"year":1973,"loc":"Las Vegas, NV"},"contract":{"amount":"","exp":""},"draft":{"round":"","pick":"","team":"","orig. team":"","year":""},"college":"Arizona State","ratings":[{"hgt":43,"stre":35,"spd":64,"jmp":53,"endu":65,"ins":34,"dnk":54,"ft":65,"fg":34,"tp":54,"blk":45,"stl":35,"drb":65,"pss":64,"reb":56,"pot":49}],"skills":[]},{"tid":-2,"name":"Jamie Feick","pos":"FC","hgt":81,"weight":255,"imgURL":"http://a.espncdn.com/i/headshots/nba/players/65/239.jpg","born":{"year":1974,"loc":"Lexington, OH"},"contract":{"amount":"","exp":""},"draft":{"round":"","pick":"","team":"","orig. team":"","year":""},"college":"Michigan","ratings":[{"hgt":72,"stre":71,"spd":45,"jmp":64,"endu":64,"ins":65,"dnk":45,"ft":35,"fg":66,"tp":27,"blk":56,"stl":45,"drb":35,"pss":45,"reb":66,"pot":55}],"skills":[]},{"tid":-2,"name":"Amal McCaskill","pos":"C","hgt":83,"weight":235,"imgURL":"http://a.espncdn.com/i/headshots/nba/players/65/1039.jpg","born":{"year":1973,"loc":"Maywood, IL"},"contract":{"amount":"","exp":""},"draft":{"round":"","pick":"","team":"","orig. team":"","year":""},"college":"Marquette","ratings":[{"hgt":86,"stre":65,"spd":34,"jmp":53,"endu":54,"ins":34,"dnk":53,"ft":65,"fg":76,"tp":0,"blk":65,"stl":34,"drb":25,"pss":45,"reb":65,"pot":54}],"skills":[]},{"tid":-2,"name":"Terrell Bell","pos":"PF","hgt":82,"weight":240,"imgURL":"http://www.thedraftreview.com/history/drafted1996/images/terrell-bell.jpg","born":{"year":1973,"loc":"Athens, GA"},"contract":{"amount":"","exp":""},"draft":{"round":"","pick":"","team":"","orig. team":"","year":""},"college":"Georgia","ratings":[{"hgt":78,"stre":55,"spd":24,"jmp":54,"endu":40,"ins":65,"dnk":34,"ft":54,"fg":50,"tp":0,"blk":53,"stl":33,"drb":43,"pss":25,"reb":65,"pot":49}],"skills":[]},{"tid":-2,"name":"Chris Robinson","pos":"SG","hgt":77,"weight":200,"imgURL":"http://www.tradingcarddb.com/Images/Cards/Basketball/2642/2642-697642Fr.jpg","born":{"year":1974,"loc":"Columbus, GA"},"contract":{"amount":"","exp":""},"draft":{"round":"","pick":"","team":"","orig. team":"","year":""},"ratings":[{"hgt":42,"stre":35,"spd":65,"jmp":53,"endu":65,"ins":34,"dnk":54,"ft":65,"fg":34,"tp":66,"blk":45,"stl":35,"drb":55,"pss":46,"reb":56,"pot":52}],"skills":[]},{"tid":-2,"name":"Mark Pope","pos":"PF","hgt":82,"weight":235,"imgURL":"http://a.espncdn.com/i/headshots/nba/players/65/667.jpg","born":{"year":1972,"loc":"Omaha, NE"},"contract":{"amount":"","exp":""},"draft":{"round":"","pick":"","team":"","orig. team":"","year":""},"ratings":[{"hgt":79,"stre":65,"spd":33,"jmp":54,"endu":34,"ins":66,"dnk":45,"ft":34,"fg":54,"tp":44,"blk":34,"stl":54,"drb":66,"pss":45,"reb":35,"pot":49}],"skills":[]},{"tid":-2,"name":"Jeff Nordgaard","pos":"PF","hgt":79,"weight":225,"imgURL":"http://thesummitleague.org/pros/Jeff_Nordgaard_Bucks-4.jpg","born":{"year":1973,"loc":"Dawson, MN"},"contract":{"amount":"","exp":""},"draft":{"round":"","pick":"","team":"","orig. team":"","year":""},"ratings":[{"hgt":59,"stre":66,"spd":24,"jmp":54,"endu":55,"ins":65,"dnk":34,"ft":54,"fg":66,"tp":45,"blk":53,"stl":33,"drb":43,"pss":54,"reb":55,"pot":49}],"skills":[]},{"tid":-2,"name":"Shandon Anderson","pos":"GF","hgt":78,"weight":208,"imgURL":"http://a.espncdn.com/i/headshots/nba/players/65/17.jpg","born":{"year":1973,"loc":"Atlanta, GA"},"contract":{"amount":"","exp":""},"draft":{"round":"","pick":"","team":"","orig. team":"","year":""},"ratings":[{"hgt":52,"stre":25,"spd":63,"jmp":54,"endu":34,"ins":24,"dnk":66,"ft":75,"fg":65,"tp":76,"blk":56,"stl":45,"drb":44,"pss":54,"reb":34,"pot":59}],"skills":[]},{"tid":-2,"name":"Ronnie Henderson","pos":"G","hgt":76,"weight":206,"imgURL":"http://www.tradingcarddb.com/Images/Cards/Basketball/75933/75933-44Fr.jpg","born":{"year":1974,"loc":"Gulfport, MS"},"contract":{"amount":"","exp":""},"draft":{"round":"","pick":"","team":"","orig. team":"","year":""},"ratings":[{"hgt":36,"stre":34,"spd":24,"jmp":54,"endu":55,"ins":65,"dnk":34,"ft":54,"fg":66,"tp":45,"blk":53,"stl":33,"drb":43,"pss":54,"reb":55,"pot":46}],"skills":[]},{"tid":-2,"name":"Reggie Geary","pos":"PG","hgt":74,"weight":187,"imgURL":"http://www.cavshistory.com/images/players/Reggie_Geary.jpg","born":{"year":1973,"loc":"Trenton, NJ"},"contract":{"amount":"","exp":""},"draft":{"round":"","pick":"","team":"","orig. team":"","year":""},"ratings":[{"hgt":21,"stre":34,"spd":66,"jmp":32,"endu":32,"ins":44,"dnk":54,"ft":65,"fg":44,"tp":54,"blk":65,"stl":45,"drb":64,"pss":65,"reb":54,"pot":50}],"skills":[]},{"tid":-2,"name":"Drew Barry","pos":"G","hgt":77,"weight":191,"imgURL":"http://grfx.cstv.com/photos/schools/geot/sports/m-baskbl/auto_action/5643047.jpeg","born":{"year":1973,"loc":"Oakland, CA"},"contract":{"amount":"","exp":""},"draft":{"round":"","pick":"","team":"","orig. team":"","year":""},"ratings":[{"hgt":43,"stre":27,"spd":66,"jmp":54,"endu":66,"ins":45,"dnk":34,"ft":55,"fg":64,"tp":44,"blk":34,"stl":55,"drb":67,"pss":74,"reb":34,"pot":50}],"skills":[]},{"tid":-2,"name":"Darnell Robinson","pos":"C","hgt":83,"weight":270,"imgURL":"http://www.thedraftreview.com/history/drafted1996/images/darnell-robinson.jpg","born":{"year":1974,"loc":"Oakland, CA"},"contract":{"amount":"","exp":""},"draft":{"round":"","pick":"","team":"","orig. team":"","year":""},"ratings":[{"hgt":85,"stre":66,"spd":24,"jmp":54,"endu":45,"ins":65,"dnk":34,"ft":54,"fg":26,"tp":0,"blk":53,"stl":33,"drb":23,"pss":37,"reb":66,"pot":49}],"skills":[]},{"tid":-2,"name":"Ben Wallace","pos":"FC","hgt":81,"weight":240,"imgURL":"http://basketball.realgm.com/images/nba/4.2/profiles/photos/2006/Wallace_Ben_det_12.jpg","born":{"year":1974,"loc":"White Hall, AL"},"contract":{"amount":"","exp":""},"draft":{"round":"","pick":"","team":"","orig. team":"","year":""},"college":"Virginia Union","ratings":[{"hgt":82,"stre":92,"spd":34,"jmp":64,"endu":55,"ins":65,"dnk":44,"ft":4,"fg":6,"tp":0,"blk":63,"stl":63,"drb":33,"pss":44,"reb":75,"pot":66}],"skills":[]},{"tid":-2,"name":"Chucky Atkins","pos":"G","hgt":71,"weight":185,"imgURL":"http://basketball.realgm.com/images/nba/4.2/profiles/photos/2006/Atkins_Chucky_den.jpg","born":{"year":1974,"loc":"Orlando, FL"},"contract":{"amount":"","exp":""},"draft":{"round":"","pick":"","team":"","orig. team":"","year":""},"ratings":[{"hgt":2,"stre":34,"spd":67,"jmp":54,"endu":66,"ins":25,"dnk":34,"ft":55,"fg":64,"tp":44,"blk":34,"stl":55,"drb":68,"pss":64,"reb":34,"pot":57}],"skills":[]},{"tid":-2,"name":"Adrian Griffin","pos":"GF","hgt":77,"weight":217,"imgURL":"http://basketball.realgm.com/images/nba/4.2/profiles/photos/2006/Griffin_Adrian_sea.jpg","born":{"year":1974,"loc":"Wichita, KS"},"contract":{"amount":"","exp":""},"draft":{"round":"","pick":"","team":"","orig. team":"","year":""},"ratings":[{"hgt":43,"stre":50,"spd":54,"jmp":54,"endu":56,"ins":45,"dnk":34,"ft":65,"fg":64,"tp":50,"blk":34,"stl":55,"drb":45,"pss":64,"reb":34,"pot":56}],"skills":[]},{"tid":-2,"name":"Erick Strickland","pos":"G","hgt":75,"weight":210,"imgURL":"http://basketball.realgm.com/images/nba/4.2/profiles/photos/2006/Strickland_Erick_dal.jpg","born":{"year":1973,"loc":"Opelika, AL"},"contract":{"amount":"","exp":""},"draft":{"round":"","pick":"","team":"","orig. team":"","year":""},"ratings":[{"hgt":29,"stre":34,"spd":64,"jmp":54,"endu":56,"ins":25,"dnk":34,"ft":55,"fg":64,"tp":44,"blk":34,"stl":55,"drb":60,"pss":64,"reb":34,"pot":57}],"skills":[]},{"tid":-2,"name":"Darvin Ham","pos":"GF","hgt":79,"weight":220,"imgURL":"http://basketball.realgm.com/images/nba/4.2/profiles/photos/2006/Ham_Darvin_dal.jpg","born":{"year":1973,"loc":"Saginaw, MI"},"contract":{"amount":"","exp":""},"draft":{"round":"","pick":"","team":"","orig. team":"","year":""},"ratings":[{"hgt":54,"stre":64,"spd":34,"jmp":84,"endu":66,"ins":45,"dnk":81,"ft":5,"fg":64,"tp":44,"blk":34,"stl":55,"drb":45,"pss":64,"reb":34,"pot":52}],"skills":[]},{"tid":-2,"name":"Art Long","pos":"PF","hgt":81,"weight":250,"imgURL":"http://basketball.realgm.com/images/nba/4.2/profiles/photos/2006/Long_Art_nba.jpg","born":{"year":1972,"loc":"Rochester, NY"},"contract":{"amount":"","exp":""},"draft":{"round":"","pick":"","team":"","orig. team":"","year":""},"ratings":[{"hgt":65,"stre":34,"spd":24,"jmp":54,"endu":55,"ins":65,"dnk":34,"ft":54,"fg":66,"tp":8,"blk":53,"stl":33,"drb":43,"pss":54,"reb":55,"pot":49}],"skills":[]},{"tid":-2,"name":"Will Cunningham","pos":"C","hgt":83,"weight":250,"imgURL":"http://i.imgur.com/W5IN8j1.png","born":{"year":1974,"loc":"Augusta, GA"},"contract":{"amount":"","exp":""},"draft":{"round":"","pick":"","team":"","orig. team":"","year":""},"college":"Temple","ratings":[{"hgt":85,"stre":65,"spd":50,"jmp":54,"endu":45,"ins":50,"dnk":34,"ft":54,"fg":26,"tp":0,"blk":68,"stl":62,"drb":23,"pss":34,"reb":66,"pot":49}],"skills":[]},{"tid":-2,"name":"Juaquin Hawkins","pos":"SF","hgt":79,"weight":220,"imgURL":"http://basketball.realgm.com/images/nba/4.2/profiles/photos/2006/Hawkins_Juaquin_nba.jpg","born":{"year":1973,"loc":"Lynwood, CA"},"contract":{"amount":"","exp":""},"draft":{"round":"","pick":"","team":"","orig. team":"","year":""},"ratings":[{"hgt":57,"stre":34,"spd":24,"jmp":54,"endu":55,"ins":65,"dnk":34,"ft":54,"fg":66,"tp":45,"blk":53,"stl":33,"drb":43,"pss":54,"reb":55,"pot":49}],"skills":[]},{"tid":-2,"name":"Rusty LaRue","pos":"PG","hgt":74,"weight":210,"imgURL":"http://basketball.realgm.com/images/nba/4.2/profiles/photos/2006/LaRue_Rusty_nba.jpg","born":{"year":1973,"loc":"Winston-Salem, NC"},"contract":{"amount":"","exp":""},"draft":{"round":"","pick":"","team":"","orig. team":"","year":""},"ratings":[{"hgt":21,"stre":20,"spd":55,"jmp":54,"endu":46,"ins":25,"dnk":44,"ft":55,"fg":64,"tp":44,"blk":34,"stl":55,"drb":75,"pss":64,"reb":34,"pot":50}],"skills":[]},{"tid":-2,"name":"Ira Bowman","pos":"SG","hgt":77,"weight":195,"imgURL":"http://basketball.realgm.com/images/nba/4.2/profiles/photos/2006/Bowman_Ira_nba.jpg","born":{"year":1973,"loc":"Newark, NJ"},"contract":{"amount":"","exp":""},"draft":{"round":"","pick":"","team":"","orig. team":"","year":""},"ratings":[{"hgt":54,"stre":64,"spd":34,"jmp":54,"endu":66,"ins":45,"dnk":34,"ft":55,"fg":64,"tp":44,"blk":34,"stl":55,"drb":45,"pss":64,"reb":34,"pot":50}],"skills":[]},{"tid":-2,"name":"Ben Handlogten","pos":"PF","hgt":82,"weight":240,"imgURL":"http://basketball.realgm.com/images/nba/4.2/profiles/photos/2006/Handlogten_Ben_njn.jpg","born":{"year":1973,"loc":"Grand Rapids, MI"},"contract":{"amount":"","exp":""},"draft":{"round":"","pick":"","team":"","orig. team":"","year":""},"college":"Western Michigan","ratings":[{"hgt":77,"stre":59,"spd":24,"jmp":54,"endu":55,"ins":65,"dnk":44,"ft":54,"fg":26,"tp":0,"blk":53,"stl":33,"drb":43,"pss":54,"reb":75,"pot":49}],"skills":[]},{"tid":-2,"name":"Horacio Llamas","pos":"C","hgt":83,"weight":285,"imgURL":"http://basketball.realgm.com/images/nba/4.2/profiles/photos/2006/Llamas_Horacio_nba.jpg","born":{"year":1973,"loc":"El Rosario, Mexico"},"contract":{"amount":"","exp":""},"draft":{"round":"","pick":"","team":"","orig. team":"","year":""},"college":"Grand Canyon","ratings":[{"hgt":83,"stre":59,"spd":24,"jmp":44,"endu":45,"ins":55,"dnk":34,"ft":54,"fg":66,"tp":0,"blk":53,"stl":33,"drb":13,"pss":54,"reb":55,"pot":49}],"skills":[]}]}