{"startingSeason":1995,"players":[{"tid":-2,"name":"Joe Smith","pos":"FC","hgt":82,"weight":225,"imgURL":"http://a.espncdn.com/combiner/i?img=/i/headshots/nba/players/full/788.png&w=350&h=254","born":{"year":1975,"loc":"Norfolk, VA"},"contract":{"amount":"","exp":""},"draft":{"round":"","pick":"","tid":"","orig. team":"","year":""},"college":"Maryland","ratings":[{"hgt":80,"stre":75,"spd":58,"jmp":67,"endu":72,"ins":75,"dnk":75,"ft":74,"fg":62,"tp":12,"blk":74,"stl":56,"drb":40,"pss":56,"reb":82,"pot":64}],"skills":[]},{"tid":-2,"name":"Antonio McDyess","pos":"FC","hgt":81,"weight":220,"imgURL":"http://a.espncdn.com/combiner/i?img=/i/headshots/nba/players/full/530.png&w=350&h=254","born":{"year":1974,"loc":"Quitman, MS"},"contract":{"amount":"","exp":""},"draft":{"round":"","pick":"","tid":"","orig. team":"","year":""},"college":"Alabama","ratings":[{"hgt":85,"stre":65,"spd":37,"jmp":85,"endu":53,"ins":75,"dnk":72,"ft":64,"fg":54,"tp":23,"blk":64,"stl":54,"drb":35,"pss":34,"reb":75,"pot":69}],"skills":[]},{"tid":-2,"name":"Jerry Stackhouse","pos":"GF","hgt":78,"weight":218,"imgURL":"http://a.espncdn.com/combiner/i?img=/i/headshots/nba/players/full/802.png&w=350&h=254","born":{"year":1974,"loc":"Kinston, NC"},"contract":{"amount":"","exp":""},"draft":{"round":"","pick":"","tid":"","orig. team":"","year":""},"college":"North Carolina","ratings":[{"hgt":53,"stre":46,"spd":83,"jmp":85,"endu":70,"ins":60,"dnk":85,"ft":78,"fg":84,"tp":65,"blk":32,"stl":70,"drb":60,"pss":62,"reb":42,"pot":66}],"skills":[]},{"tid":-2,"name":"Rasheed Wallace","pos":"FC","hgt":82,"weight":230,"imgURL":"http://a.espncdn.com/combiner/i?img=/i/headshots/nba/players/full/883.png&w=350&h=254","born":{"year":1974,"loc":"Philadelphia, PA"},"contract":{"amount":"","exp":""},"draft":{"round":"","pick":"","tid":"","orig. team":"","year":""},"college":"North Carolina","ratings":[{"hgt":83,"stre":72,"spd":56,"jmp":67,"endu":65,"ins":76,"dnk":74,"ft":63,"fg":45,"tp":21,"blk":64,"stl":54,"drb":43,"pss":43,"reb":75,"pot":67}],"skills":[]},{"tid":-2,"name":"Kevin Garnett","pos":"FC","hgt":83,"weight":253,"imgURL":"http://a.espncdn.com/combiner/i?img=/i/headshots/nba/players/full/261.png&w=350&h=254","born":{"year":1976,"loc":"Mauldin, SC"},"contract":{"amount":"","exp":""},"draft":{"round":"","pick":"","tid":"","orig. team":"","year":""},"college":"Farragut HS (IL)","ratings":[{"hgt":86,"stre":50,"spd":61,"jmp":67,"endu":35,"ins":52,"dnk":57,"ft":72,"fg":51,"tp":18,"blk":64,"stl":44,"drb":33,"pss":42,"reb":65,"pot":82}],"skills":[]},{"tid":-2,"name":"Bryant Reeves","pos":"C","hgt":84,"weight":275,"imgURL":"http://a.espncdn.com/i/headshots/nba/players/65/695.jpg","born":{"year":1973,"loc":"Fort Smith, AR"},"contract":{"amount":"","exp":""},"draft":{"round":"","pick":"","tid":"","orig. team":"","year":""},"college":"Oklahoma State","ratings":[{"hgt":92,"stre":82,"spd":34,"jmp":54,"endu":66,"ins":76,"dnk":74,"ft":65,"fg":43,"tp":0,"blk":69,"stl":54,"drb":22,"pss":33,"reb":78,"pot":63}],"skills":[]},{"tid":-2,"name":"Damon Stoudamire","pos":"PG","hgt":70,"weight":171,"imgURL":"http://www.djagile.com/wp-content/uploads/2011/11/8CAB41B81FBB5CE6E98E4418DC8C67.jpg","born":{"year":1973,"loc":"Portland, OR"},"contract":{"amount":"","exp":""},"draft":{"round":"","pick":"","tid":"","orig. team":"","year":""},"college":"Arizona","ratings":[{"hgt":11,"stre":32,"spd":83,"jmp":72,"endu":72,"ins":34,"dnk":73,"ft":78,"fg":65,"tp":69,"blk":34,"stl":63,"drb":82,"pss":83,"reb":33,"pot":66}],"skills":[]},{"tid":-2,"name":"Shawn Respert","pos":"SG","hgt":73,"weight":195,"imgURL":"http://25.media.tumblr.com/tumblr_m4ikziraJf1qa47iwo1_500.jpg","born":{"year":1972,"loc":"Detroit, MI"},"contract":{"amount":"","exp":""},"draft":{"round":"","pick":"","tid":"","orig. team":"","year":""},"college":"Michigan State","ratings":[{"hgt":15,"stre":46,"spd":74,"jmp":64,"endu":57,"ins":46,"dnk":43,"ft":64,"fg":55,"tp":56,"blk":34,"stl":67,"drb":55,"pss":56,"reb":43,"pot":60}],"skills":[]},{"tid":-2,"name":"Ed O'Bannon","pos":"GF","hgt":80,"weight":222,"imgURL":"http://www.tradingcarddb.com/Images/Cards/Basketball/2422/2422-51Fr.jpg","born":{"year":1972,"loc":"Los Angeles, CA"},"contract":{"amount":"","exp":""},"draft":{"round":"","pick":"","tid":"","orig. team":"","year":""},"college":"UCLA","ratings":[{"hgt":46,"stre":54,"spd":65,"jmp":45,"endu":60,"ins":35,"dnk":65,"ft":54,"fg":65,"tp":54,"blk":30,"stl":34,"drb":54,"pss":45,"reb":52,"pot":61}],"skills":[]},{"tid":-2,"name":"Kurt Thomas","pos":"FC","hgt":81,"weight":230,"imgURL":"http://a.espncdn.com/combiner/i?img=/i/headshots/nba/players/full/846.png&w=350&h=254","born":{"year":1972,"loc":"Dallas, TX"},"contract":{"amount":"","exp":""},"draft":{"round":"","pick":"","tid":"","orig. team":"","year":""},"college":"Texas Christian","ratings":[{"hgt":75,"stre":68,"spd":55,"jmp":64,"endu":53,"ins":55,"dnk":65,"ft":45,"fg":35,"tp":0,"blk":65,"stl":45,"drb":39,"pss":44,"reb":73,"pot":59}],"skills":[]},{"tid":-2,"name":"Gary Trent","pos":"PF","hgt":80,"weight":250,"imgURL":"http://a.espncdn.com/i/headshots/nba/players/65/858.jpg","born":{"year":1974,"loc":"Columbus, OH"},"contract":{"amount":"","exp":""},"draft":{"round":"","pick":"","tid":"","orig. team":"","year":""},"college":"Ohio","ratings":[{"hgt":65,"stre":66,"spd":52,"jmp":52,"endu":57,"ins":66,"dnk":65,"ft":65,"fg":60,"tp":0,"blk":66,"stl":56,"drb":46,"pss":45,"reb":72,"pot":58}],"skills":[]},{"tid":-2,"name":"Cherokee Parks","pos":"FC","hgt":83,"weight":235,"imgURL":"http://a.espncdn.com/i/headshots/nba/players/65/637.jpg","born":{"year":1972,"loc":"Huntington Beach, CA"},"contract":{"amount":"","exp":""},"draft":{"round":"","pick":"","tid":"","orig. team":"","year":""},"college":"Duke","ratings":[{"hgt":86,"stre":73,"spd":45,"jmp":35,"endu":54,"ins":63,"dnk":65,"ft":45,"fg":53,"tp":10,"blk":45,"stl":34,"drb":24,"pss":45,"reb":64,"pot":55}],"skills":[]},{"tid":-2,"name":"Corliss Williamson","pos":"PF","hgt":79,"weight":245,"imgURL":"http://www.conwaypedia.net/sites/default/files/images/williams-corliss-0919.jpg","born":{"year":1973,"loc":"Russellville, AR"},"contract":{"amount":"","exp":""},"draft":{"round":"","pick":"","tid":"","orig. team":"","year":""},"college":"Arkansas","ratings":[{"hgt":64,"stre":65,"spd":53,"jmp":54,"endu":65,"ins":65,"dnk":55,"ft":76,"fg":45,"tp":4,"blk":43,"stl":54,"drb":40,"pss":50,"reb":72,"pot":59}],"skills":[]},{"tid":-2,"name":"Eric Williams","pos":"GF","hgt":80,"weight":220,"imgURL":"http://a.espncdn.com/i/headshots/nba/players/65/929.jpg","born":{"year":1972,"loc":"Newark, NJ"},"contract":{"amount":"","exp":""},"draft":{"round":"","pick":"","tid":"","orig. team":"","year":""},"college":"Providence","ratings":[{"hgt":65,"stre":55,"spd":69,"jmp":64,"endu":60,"ins":54,"dnk":64,"ft":75,"fg":63,"tp":44,"blk":32,"stl":61,"drb":43,"pss":54,"reb":63,"pot":58}],"skills":[]},{"tid":-2,"name":"Brent Barry","pos":"SG","hgt":78,"weight":185,"imgURL":"http://a.espncdn.com/i/headshots/nba/players/65/42.jpg","born":{"year":1971,"loc":"Hempstead, NY"},"contract":{"amount":"","exp":""},"draft":{"round":"","pick":"","tid":"","orig. team":"","year":""},"college":"Oregon State","ratings":[{"hgt":54,"stre":33,"spd":63,"jmp":85,"endu":60,"ins":35,"dnk":82,"ft":35,"fg":64,"tp":76,"blk":54,"stl":64,"drb":61,"pss":54,"reb":34,"pot":58}],"skills":[]},{"tid":-2,"name":"Alan Henderson","pos":"PF","hgt":81,"weight":235,"imgURL":"http://www.cavshistory.com/images/players/Alan_Henderson.jpg","born":{"year":1972,"loc":"Indianapolis, IN"},"contract":{"amount":"","exp":""},"draft":{"round":"","pick":"","tid":"","orig. team":"","year":""},"college":"Indiana","ratings":[{"hgt":72,"stre":63,"spd":55,"jmp":59,"endu":62,"ins":64,"dnk":63,"ft":70,"fg":65,"tp":0,"blk":58,"stl":43,"drb":24,"pss":54,"reb":73,"pot":59}],"skills":[]},{"tid":-2,"name":"Bob Sura","pos":"G","hgt":77,"weight":200,"imgURL":"http://a.espncdn.com/i/headshots/nba/players/65/825.jpg","born":{"year":1973,"loc":"Wilkes-Barre, PA"},"contract":{"amount":"","exp":""},"draft":{"round":"","pick":"","tid":"","orig. team":"","year":""},"college":"Florida State","ratings":[{"hgt":43,"stre":45,"spd":66,"jmp":79,"endu":54,"ins":43,"dnk":67,"ft":64,"fg":54,"tp":54,"blk":55,"stl":44,"drb":58,"pss":43,"reb":54,"pot":59}],"skills":[]},{"tid":-2,"name":"Theo Ratliff","pos":"FC","hgt":82,"weight":225,"imgURL":"http://a.espncdn.com/combiner/i?img=/i/headshots/nba/players/full/687.png&w=350&h=254","born":{"year":1973,"loc":"Demopolis, AL"},"contract":{"amount":"","exp":""},"draft":{"round":"","pick":"","tid":"","orig. team":"","year":""},"college":"Wyoming","ratings":[{"hgt":82,"stre":75,"spd":65,"jmp":73,"endu":50,"ins":50,"dnk":44,"ft":55,"fg":26,"tp":0,"blk":86,"stl":53,"drb":24,"pss":54,"reb":73,"pot":59}],"skills":[]},{"tid":-2,"name":"Randolph Childress","pos":"PG","hgt":74,"weight":188,"imgURL":"http://www.thedraftreview.com/history/drafted1995/images/randolph-childress.jpg","born":{"year":1972,"loc":"Washington, DC"},"contract":{"amount":"","exp":""},"draft":{"round":"","pick":"","tid":"","orig. team":"","year":""},"college":"Wake Forest","ratings":[{"hgt":20,"stre":34,"spd":65,"jmp":66,"endu":56,"ins":24,"dnk":53,"ft":84,"fg":65,"tp":52,"blk":27,"stl":45,"drb":76,"pss":68,"reb":21,"pot":55}],"skills":[]},{"tid":-2,"name":"Jason Caffey","pos":"PF","hgt":80,"weight":255,"imgURL":"http://a.espncdn.com/i/headshots/nba/players/65/122.jpg","born":{"year":1973,"loc":"Mobile, AL"},"contract":{"amount":"","exp":""},"draft":{"round":"","pick":"","tid":"","orig. team":"","year":""},"college":"Alabama","ratings":[{"hgt":71,"stre":70,"spd":54,"jmp":53,"endu":55,"ins":34,"dnk":54,"ft":70,"fg":54,"tp":0,"blk":65,"stl":45,"drb":35,"pss":38,"reb":70,"pot":56}],"skills":[]},{"tid":-2,"name":"Michael Finley","pos":"GF","hgt":79,"weight":215,"imgURL":"http://assets.espn.go.com/i/headshots/nba/players/65/242.jpg","born":{"year":1973,"loc":"Melrose Park, IL"},"contract":{"amount":"","exp":""},"draft":{"round":"","pick":"","tid":"","orig. team":"","year":""},"college":"Wisconsin","ratings":[{"hgt":58,"stre":54,"spd":66,"jmp":64,"endu":58,"ins":40,"dnk":62,"ft":76,"fg":59,"tp":62,"blk":45,"stl":35,"drb":54,"pss":65,"reb":62,"pot":68}],"skills":[]},{"tid":-2,"name":"George Zidek","pos":"C","hgt":84,"weight":250,"imgURL":"https://mercymercyjeromekersey.files.wordpress.com/2013/09/george-zidek.jpg","born":{"year":1973,"loc":"Zlin, Czech Republic"},"contract":{"amount":"","exp":""},"draft":{"round":"","pick":"","tid":"","orig. team":"","year":""},"college":"UCLA","ratings":[{"hgt":92,"stre":83,"spd":25,"jmp":53,"endu":54,"ins":63,"dnk":54,"ft":77,"fg":54,"tp":0,"blk":35,"stl":34,"drb":39,"pss":21,"reb":73,"pot":56}],"skills":[]},{"tid":-2,"name":"Travis Best","pos":"PG","hgt":71,"weight":182,"imgURL":"http://a.espncdn.com/i/headshots/nba/players/65/58.jpg","born":{"year":1972,"loc":"Springfield, MA"},"contract":{"amount":"","exp":""},"draft":{"round":"","pick":"","tid":"","orig. team":"","year":""},"college":"Georgia Tech","ratings":[{"hgt":5,"stre":44,"spd":88,"jmp":59,"endu":54,"ins":54,"dnk":65,"ft":45,"fg":65,"tp":46,"blk":76,"stl":45,"drb":75,"pss":71,"reb":34,"pot":59}],"skills":[]},{"tid":-2,"name":"Loren Meyer","pos":"FC","hgt":82,"weight":257,"imgURL":"http://www.tradingcarddb.com/Images/Cards/Basketball/2336/2336-684204Fr.jpg","born":{"year":1972,"loc":"Emmetsburg, IO"},"contract":{"amount":"","exp":""},"draft":{"round":"","pick":"","tid":"","orig. team":"","year":""},"college":"Iowa State","ratings":[{"hgt":79,"stre":65,"spd":44,"jmp":55,"endu":49,"ins":65,"dnk":45,"ft":68,"fg":52,"tp":24,"blk":65,"stl":42,"drb":34,"pss":43,"reb":73,"pot":56}],"skills":[]},{"tid":-2,"name":"David Vaughn III","pos":"PF","hgt":81,"weight":240,"imgURL":"http://www.thedraftreview.com/history/drafted1995/images/david-vaughn.jpg","born":{"year":1973,"loc":"Tulsa, OK"},"contract":{"amount":"","exp":""},"draft":{"round":"","pick":"","tid":"","orig. team":"","year":""},"college":"Memphis","ratings":[{"hgt":73,"stre":65,"spd":55,"jmp":55,"endu":39,"ins":53,"dnk":57,"ft":34,"fg":44,"tp":0,"blk":45,"stl":35,"drb":25,"pss":40,"reb":68,"pot":52}],"skills":[]},{"tid":-2,"name":"Sherell Ford","pos":"SF","hgt":79,"weight":210,"imgURL":"http://www.thedraftreview.com/history/drafted1995/images/sherrell-ford.jpg","born":{"year":1972,"loc":"Baton Rouge, LA"},"contract":{"amount":"","exp":""},"draft":{"round":"","pick":"","tid":"","orig. team":"","year":""},"college":"UIC","ratings":[{"hgt":45,"stre":44,"spd":44,"jmp":54,"endu":44,"ins":55,"dnk":45,"ft":45,"fg":44,"tp":45,"blk":46,"stl":34,"drb":44,"pss":45,"reb":45,"pot":51}],"skills":[]},{"tid":-2,"name":"Mario Bennett","pos":"PF","hgt":78,"weight":235,"imgURL":"http://www.thedraftreview.com/history/drafted1995/images/mario-bennett.jpg","born":{"year":1973,"loc":"Denton, TX"},"contract":{"amount":"","exp":""},"draft":{"round":"","pick":"","tid":"","orig. team":"","year":""},"college":"Arizona State","ratings":[{"hgt":64,"stre":72,"spd":45,"jmp":35,"endu":46,"ins":54,"dnk":46,"ft":54,"fg":64,"tp":0,"blk":65,"stl":46,"drb":28,"pss":46,"reb":45,"pot":52}],"skills":[]},{"tid":-2,"name":"Greg Ostertag","pos":"C","hgt":86,"weight":280,"imgURL":"http://a.espncdn.com/i/headshots/nba/players/65/622.jpg","born":{"year":1973,"loc":"Dallas, TX"},"contract":{"amount":"","exp":""},"draft":{"round":"","pick":"","tid":"","orig. team":"","year":""},"college":"Kansas","ratings":[{"hgt":84,"stre":87,"spd":25,"jmp":35,"endu":42,"ins":54,"dnk":65,"ft":65,"fg":64,"tp":0,"blk":69,"stl":54,"drb":35,"pss":35,"reb":75,"pot":56}],"skills":[]},{"tid":-2,"name":"Cory Alexander","pos":"G","hgt":73,"weight":185,"imgURL":"http://www.thedraftreview.com/history/drafted1995/images/cory-alexander.jpg","born":{"year":1973,"loc":"Waynesboro, VA"},"contract":{"amount":"","exp":""},"draft":{"round":"","pick":"","tid":"","orig. team":"","year":""},"college":"Virginia","ratings":[{"hgt":15,"stre":34,"spd":64,"jmp":55,"endu":55,"ins":24,"dnk":55,"ft":34,"fg":52,"tp":43,"blk":55,"stl":64,"drb":72,"pss":65,"reb":44,"pot":53}],"skills":[]},{"tid":-2,"name":"Lou Roe","pos":"SF","hgt":79,"weight":220,"imgURL":"http://www.thedraftreview.com/history/drafted1995/images/lou-roe.jpg","born":{"year":1972,"loc":"Atlantic City, NJ"},"contract":{"amount":"","exp":""},"draft":{"round":"","pick":"","tid":"","orig. team":"","year":""},"college":"UMass","ratings":[{"hgt":54,"stre":59,"spd":45,"jmp":35,"endu":50,"ins":43,"dnk":56,"ft":45,"fg":49,"tp":43,"blk":54,"stl":45,"drb":40,"pss":56,"reb":44,"pot":54}],"skills":[]},{"tid":-2,"name":"Dragan Tarlac","pos":"C","hgt":82,"weight":260,"imgURL":"http://i305.photobucket.com/albums/nn205/chibully/all-time%20bulls/DraganTarlac.jpg","born":{"year":1973,"loc":"Belgrade, Serbia"},"contract":{"amount":"","exp":""},"draft":{"round":"","pick":"","tid":"","orig. team":"","year":""},"college":"Serbia","ratings":[{"hgt":82,"stre":77,"spd":45,"jmp":55,"endu":45,"ins":53,"dnk":66,"ft":45,"fg":33,"tp":0,"blk":74,"stl":45,"drb":42,"pss":51,"reb":66,"pot":56}],"skills":[]},{"tid":-2,"name":"Terrence Rencher","pos":"PG","hgt":75,"weight":185,"imgURL":"http://www.halloffamememorabilia.com/images/products/p-490423-terrence-rencher-autographed-hand-signed-1995-classic-basketball-card-hc-f0ewue9fpb.jpg","born":{"year":1973,"loc":"Bronx, NY"},"contract":{"amount":"","exp":""},"draft":{"round":"","pick":"","tid":"","orig. team":"","year":""},"college":"Texas","ratings":[{"hgt":29,"stre":36,"spd":65,"jmp":55,"endu":42,"ins":25,"dnk":44,"ft":54,"fg":66,"tp":45,"blk":53,"stl":24,"drb":74,"pss":66,"reb":34,"pot":50}],"skills":[]},{"tid":-2,"name":"Junior Burrough","pos":"PF","hgt":80,"weight":242,"imgURL":"http://www.celticstats.com/pic/juniorburrough.jpg","born":{"year":1973,"loc":"Charlotte, NC"},"contract":{"amount":"","exp":""},"draft":{"round":"","pick":"","tid":"","orig. team":"","year":""},"college":"Virginia","ratings":[{"hgt":68,"stre":55,"spd":41,"jmp":66,"endu":46,"ins":55,"dnk":65,"ft":54,"fg":45,"tp":0,"blk":47,"stl":53,"drb":33,"pss":44,"reb":66,"pot":54}],"skills":[]},{"tid":-2,"name":"Andrew DeClercq","pos":"C","hgt":82,"weight":230,"imgURL":"http://www.turbodaddy.net/badschotz/wp-content/uploads/2011/09/Andrew_DeClercq.jpg","born":{"year":1973,"loc":"Detroit, MI"},"contract":{"amount":"","exp":""},"draft":{"round":"","pick":"","tid":"","orig. team":"","year":""},"ratings":[{"hgt":79,"stre":65,"spd":35,"jmp":63,"endu":55,"ins":55,"dnk":65,"ft":54,"fg":65,"tp":0,"blk":64,"stl":54,"drb":54,"pss":43,"reb":68,"pot":58}],"skills":[]},{"tid":-2,"name":"Jimmy King","pos":"SG","hgt":77,"weight":210,"imgURL":"http://www.thedraftreview.com/history/drafted1995/images/jimmy-king.jpg","born":{"year":1973,"loc":"South Bend, IN"},"contract":{"amount":"","exp":""},"draft":{"round":"","pick":"","tid":"","orig. team":"","year":""},"ratings":[{"hgt":54,"stre":35,"spd":63,"jmp":54,"endu":55,"ins":35,"dnk":65,"ft":45,"fg":45,"tp":34,"blk":43,"stl":64,"drb":43,"pss":54,"reb":43,"pot":52}],"skills":[]},{"tid":-2,"name":"Lawrence Moten","pos":"SG","hgt":77,"weight":185,"imgURL":"http://www.orangehoops.org/photos/Lawrence%20Moten.jpg","born":{"year":1972,"loc":"Washington, DC"},"contract":{"amount":"","exp":""},"draft":{"round":"","pick":"","tid":"","orig. team":"","year":""},"ratings":[{"hgt":43,"stre":45,"spd":65,"jmp":54,"endu":54,"ins":33,"dnk":53,"ft":63,"fg":34,"tp":59,"blk":35,"stl":34,"drb":55,"pss":34,"reb":54,"pot":54}],"skills":[]},{"tid":-2,"name":"Frankie King","pos":"G","hgt":73,"weight":185,"imgURL":"http://www.tradingcarddb.com/Images/Cards/Basketball/2410/2410-686688Fr.jpg","born":{"year":1972,"loc":"Baxley, GA"},"contract":{"amount":"","exp":""},"draft":{"round":"","pick":"","tid":"","orig. team":"","year":""},"ratings":[{"hgt":14,"stre":33,"spd":62,"jmp":54,"endu":44,"ins":25,"dnk":45,"ft":65,"fg":45,"tp":64,"blk":45,"stl":34,"drb":54,"pss":65,"reb":45,"pot":56}],"skills":[]},{"tid":-2,"name":"Rashard Griffith","pos":"C","hgt":83,"weight":275,"imgURL":"http://basketball.realgm.com/images/nba/4.2/profiles/photos/2006/Griffith_Rashard_orl.jpg","born":{"year":1974,"loc":"Chicago, IL"},"contract":{"amount":"","exp":""},"draft":{"round":"","pick":"","tid":"","orig. team":"","year":""},"college":"Wisconsin","ratings":[{"hgt":85,"stre":65,"spd":55,"jmp":56,"endu":34,"ins":44,"dnk":56,"ft":45,"fg":45,"tp":0,"blk":52,"stl":44,"drb":27,"pss":20,"reb":60,"pot":58}],"skills":[]},{"tid":-2,"name":"Donny Marshall","pos":"SF","hgt":79,"weight":230,"imgURL":"http://graphics.fansonly.com/photos/schools/conn/sports/m-baskbl/UC_marshalldonny.jpg","born":{"year":1972,"loc":"Detroit, MI"},"contract":{"amount":"","exp":""},"draft":{"round":"","pick":"","tid":"","orig. team":"","year":""},"ratings":[{"hgt":52,"stre":45,"spd":60,"jmp":62,"endu":45,"ins":53,"dnk":53,"ft":44,"fg":55,"tp":45,"blk":35,"stl":44,"drb":50,"pss":54,"reb":45,"pot":51}],"skills":[]},{"tid":-2,"name":"Dwayne Whitfield","pos":"PF","hgt":81,"weight":240,"imgURL":"http://www.thedraftreview.com/history/drafted1995/images/dwayne-whitfield.jpg","born":{"year":1972,"loc":"Aberdeen, MS"},"contract":{"amount":"","exp":""},"draft":{"round":"","pick":"","tid":"","orig. team":"","year":""},"ratings":[{"hgt":71,"stre":63,"spd":33,"jmp":53,"endu":53,"ins":54,"dnk":54,"ft":62,"fg":34,"tp":0,"blk":34,"stl":54,"drb":34,"pss":34,"reb":64,"pot":56}],"skills":[]},{"tid":-2,"name":"Erik Meek","pos":"FC","hgt":82,"weight":245,"imgURL":"http://www.thedraftreview.com/history/drafted1995/images/erik-meek.jpg","born":{"year":1973,"loc":"San Diego, CA"},"contract":{"amount":"","exp":""},"draft":{"round":"","pick":"","tid":"","orig. team":"","year":""},"college":"Duke","ratings":[{"hgt":78,"stre":65,"spd":33,"jmp":56,"endu":34,"ins":54,"dnk":66,"ft":45,"fg":55,"tp":10,"blk":54,"stl":66,"drb":45,"pss":45,"reb":65,"pot":51}],"skills":[]},{"tid":-2,"name":"Donnie Boyce","pos":"SG","hgt":77,"weight":196,"imgURL":"http://www.tradingcarddb.com/Images/Cards/Basketball/2462/2462-203Fr.jpg","born":{"year":1973,"loc":"Chicago, IL"},"contract":{"amount":"","exp":""},"draft":{"round":"","pick":"","tid":"","orig. team":"","year":""},"college":"Colorado","ratings":[{"hgt":54,"stre":26,"spd":62,"jmp":62,"endu":43,"ins":54,"dnk":62,"ft":43,"fg":54,"tp":24,"blk":54,"stl":34,"drb":54,"pss":64,"reb":45,"pot":47}],"skills":[]},{"tid":-2,"name":"Eric Snow","pos":"G","hgt":75,"weight":190,"imgURL":"http://media.philly.com/images/20100211_dn_g1high11s.JPG","born":{"year":1973,"loc":"Canton, OH"},"contract":{"amount":"","exp":""},"draft":{"round":"","pick":"","tid":"","orig. team":"","year":""},"college":"Michigan State","ratings":[{"hgt":29,"stre":46,"spd":66,"jmp":54,"endu":51,"ins":34,"dnk":57,"ft":34,"fg":52,"tp":54,"blk":35,"stl":57,"drb":75,"pss":74,"reb":44,"pot":58}],"skills":[]},{"tid":-2,"name":"Anthony Pelle",
"pos":"C","hgt":84,"weight":260,"imgURL":"http://thedraftreview.com/history/drafted1995/images/anthony-pelle.jpg","born":{"year":1972,"loc":"New York City, NY"},"contract":{"amount":"","exp":""},"draft":{"round":"","pick":"","tid":"","orig. team":"","year":""},"ratings":[{"hgt":90,"stre":65,"spd":46,"jmp":46,"endu":34,"ins":54,"dnk":56,"ft":45,"fg":55,"tp":25,"blk":64,"stl":46,"drb":45,"pss":25,"reb":45,"pot":48}],"skills":[]},{"tid":-2,"name":"Troy Brown","pos":"F","hgt":80,"weight":238,"imgURL":"http://i.imgur.com/hedzQ0X.jpg?1","born":{"year":1971,"loc":"Lynn, MA"},"contract":{"amount":"","exp":""},"draft":{"round":"","pick":"","tid":"","orig. team":"","year":""},"ratings":[{"hgt":64,"stre":55,"spd":50,"jmp":56,"endu":34,"ins":54,"dnk":46,"ft":55,"fg":55,"tp":35,"blk":54,"stl":34,"drb":45,"pss":40,"reb":45,"pot":52}],"skills":[]},{"tid":-2,"name":"George Banks","pos":"PF","hgt":79,"weight":210,"imgURL":"http://www.eurobasket.com/photos/Banks_George.jpg","born":{"year":1972,"loc":"Rillito, AZ"},"contract":{"amount":"","exp":""},"draft":{"round":"","pick":"","tid":"","orig. team":"","year":""},"ratings":[{"hgt":54,"stre":65,"spd":46,"jmp":56,"endu":34,"ins":54,"dnk":66,"ft":45,"fg":55,"tp":30,"blk":54,"stl":66,"drb":45,"pss":65,"reb":45,"pot":50}],"skills":[]},{"tid":-2,"name":"Tyus Edney","pos":"PG","hgt":70,"weight":152,"imgURL":"http://i.imgur.com/eiJzXfs.jpg","born":{"year":1973,"loc":"Gardena, CA"},"contract":{"amount":"","exp":""},"draft":{"round":"","pick":"","tid":"","orig. team":"","year":""},"ratings":[{"hgt":5,"stre":35,"spd":82,"jmp":54,"endu":55,"ins":55,"dnk":34,"ft":54,"fg":55,"tp":65,"blk":35,"stl":65,"drb":80,"pss":72,"reb":47,"pot":65}],"skills":[]},{"tid":-2,"name":"Mark Davis","pos":"SF","hgt":79,"weight":210,"imgURL":"http://www.thedraftreview.com/history/drafted1995/images/mark-davis.jpg","born":{"year":1973,"loc":"Thibodaux, LA"},"contract":{"amount":"","exp":""},"draft":{"round":"","pick":"","tid":"","orig. team":"","year":""},"ratings":[{"hgt":65,"stre":57,"spd":50,"jmp":34,"endu":51,"ins":54,"dnk":55,"ft":36,"fg":54,"tp":55,"blk":35,"stl":64,"drb":25,"pss":45,"reb":54,"pot":54}],"skills":[]},{"tid":-2,"name":"Jerome Allen","pos":"SG","hgt":76,"weight":184,"imgURL":"https://marshallreview.files.wordpress.com/2012/06/allen1.jpg","born":{"year":1973,"loc":"Philadelphia, PA"},"contract":{"amount":"","exp":""},"draft":{"round":"","pick":"","tid":"","orig. team":"","year":""},"ratings":[{"hgt":36,"stre":34,"spd":64,"jmp":54,"endu":49,"ins":64,"dnk":34,"ft":45,"fg":34,"tp":54,"blk":45,"stl":64,"drb":65,"pss":66,"reb":44,"pot":56}],"skills":[]},{"tid":-2,"name":"Martin Lewis","pos":"SG","hgt":77,"weight":210,"imgURL":"http://www.thedraftreview.com/history/drafted1995/images/martin-lewis.jpg","born":{"year":1975,"loc":"Liberal, KS"},"contract":{"amount":"","exp":""},"draft":{"round":"","pick":"","tid":"","orig. team":"","year":""},"college":"Seward County CC","ratings":[{"hgt":44,"stre":46,"spd":55,"jmp":65,"endu":50,"ins":35,"dnk":50,"ft":65,"fg":54,"tp":55,"blk":65,"stl":34,"drb":60,"pss":65,"reb":55,"pot":52}],"skills":[]},{"tid":-2,"name":"Dejan Bodiroga","pos":"SF","hgt":81,"weight":243,"imgURL":"http://www.interbasket.net/players/bodiroga.jpg","born":{"year":1973,"loc":"Klek, Serbia"},"contract":{"amount":"","exp":""},"draft":{"round":"","pick":"","tid":"","orig. team":"","year":""},"ratings":[{"hgt":71,"stre":44,"spd":58,"jmp":56,"endu":34,"ins":34,"dnk":57,"ft":45,"fg":55,"tp":45,"blk":54,"stl":55,"drb":55,"pss":65,"reb":45,"pot":58}],"skills":[]},{"tid":-2,"name":"Fred Hoiberg","pos":"SG","hgt":76,"weight":203,"imgURL":"http://a.espncdn.com/i/headshots/nba/players/65/339.jpg","born":{"year":1972,"loc":"Lincoln, NE"},"contract":{"amount":"","exp":""},"draft":{"round":"","pick":"","tid":"","orig. team":"","year":""},"ratings":[{"hgt":35,"stre":34,"spd":62,"jmp":43,"endu":54,"ins":25,"dnk":45,"ft":85,"fg":82,"tp":80,"blk":34,"stl":66,"drb":50,"pss":51,"reb":34,"pot":56}],"skills":[]},{"tid":-2,"name":"Constantin Popa","pos":"C","hgt":87,"weight":235,"imgURL":"http://www.thedraftreview.com/history/drafted1995/images/constantin-popa.jpg","born":{"year":1971,"loc":"Bucharest, Romania"},"contract":{"amount":"","exp":""},"draft":{"round":"","pick":"","tid":"","orig. team":"","year":""},"college":"Miami (FL)","ratings":[{"hgt":93,"stre":60,"spd":36,"jmp":26,"endu":34,"ins":54,"dnk":46,"ft":45,"fg":55,"tp":15,"blk":54,"stl":46,"drb":25,"pss":45,"reb":65,"pot":54}],"skills":[]},{"tid":-2,"name":"Eurelijus Zukauskas","pos":"C","hgt":86,"weight":260,"imgURL":"http://i.imgur.com/XazBoMk.jpg","born":{"year":1973,"loc":"Klaipeda, Lithuania"},"contract":{"amount":"","exp":""},"draft":{"round":"","pick":"","tid":"","orig. team":"","year":""},"college":"Lithuania","ratings":[{"hgt":92,"stre":65,"spd":46,"jmp":36,"endu":44,"ins":54,"dnk":56,"ft":45,"fg":55,"tp":0,"blk":54,"stl":36,"drb":25,"pss":45,"reb":68,"pot":55}],"skills":[]},{"tid":-2,"name":"Michael McDonald","pos":"C","hgt":82,"weight":232,"imgURL":"http://www.thedraftreview.com/history/drafted1995/images/michael-mcdonald.jpg","born":{"year":1969,"loc":"Longview, TX"},"contract":{"amount":"","exp":""},"draft":{"round":"","pick":"","tid":"","orig. team":"","year":""},"college":"New Orleans","ratings":[{"hgt":78,"stre":60,"spd":40,"jmp":45,"endu":32,"ins":45,"dnk":34,"ft":54,"fg":34,"tp":0,"blk":54,"stl":34,"drb":24,"pss":50,"reb":63,"pot":50}],"skills":[]},{"tid":-2,"name":"Chris Carr","pos":"GF","hgt":77,"weight":207,"imgURL":"http://www.thedraftreview.com/history/drafted1995/images/chris-carr.jpg","born":{"year":1974,"loc":"Ironton, MO"},"contract":{"amount":"","exp":""},"draft":{"round":"","pick":"","tid":"","orig. team":"","year":""},"college":"Southern Illinois","ratings":[{"hgt":44,"stre":44,"spd":65,"jmp":87,"endu":54,"ins":44,"dnk":70,"ft":65,"fg":45,"tp":45,"blk":44,"stl":54,"drb":50,"pss":45,"reb":65,"pot":56}],"skills":[]},{"tid":-2,"name":"Cuonzo Martin","pos":"SG","hgt":77,"weight":213,"imgURL":"http://i.imgur.com/bewevzP.png","born":{"year":1971,"loc":"St. Louis, MO"},"contract":{"amount":"","exp":""},"draft":{"round":"","pick":"","tid":"","orig. team":"","year":""},"college":"Purdue","ratings":[{"hgt":43,"stre":45,"spd":64,"jmp":52,"endu":40,"ins":41,"dnk":45,"ft":55,"fg":54,"tp":64,"blk":34,"stl":54,"drb":65,"pss":45,"reb":36,"pot":52}],"skills":[]},{"tid":-2,"name":"Don Reid","pos":"PF","hgt":80,"weight":250,"imgURL":"http://a.espncdn.com/i/headshots/nba/players/65/697.jpg","born":{"year":1973,"loc":"Washington, DC"},"contract":{"amount":"","exp":""},"draft":{"round":"","pick":"","tid":"","orig. team":"","year":""},"college":"Georgetown","ratings":[{"hgt":65,"stre":73,"spd":46,"jmp":54,"endu":34,"ins":54,"dnk":66,"ft":45,"fg":55,"tp":0,"blk":54,"stl":66,"drb":25,"pss":55,"reb":68,"pot":54}],"skills":[]},{"tid":-2,"name":"Kevin Ollie","pos":"G","hgt":76,"weight":195,"imgURL":"http://basketball.realgm.com/images/nba/4.2/profiles/photos/2006/Ollie_Kevin_okc.jpg","born":{"year":1972,"loc":"Dallas, TX"},"contract":{"amount":"","exp":""},"draft":{"round":"","pick":"","tid":"","orig. team":"","year":""},"ratings":[{"hgt":36,"stre":34,"spd":65,"jmp":55,"endu":58,"ins":26,"dnk":45,"ft":55,"fg":54,"tp":64,"blk":34,"stl":54,"drb":70,"pss":70,"reb":35,"pot":56}],"skills":[]},{"tid":-2,"name":"Rick Brunson","pos":"PG","hgt":76,"weight":190,"imgURL":"http://basketball.realgm.com/images/nba/4.2/profiles/photos/2006/Brunson_Rick_nba.jpg","born":{"year":1972,"loc":"Syracuse, NY"},"contract":{"amount":"","exp":""},"draft":{"round":"","pick":"","tid":"","orig. team":"","year":""},"ratings":[{"hgt":36,"stre":34,"spd":65,"jmp":45,"endu":55,"ins":36,"dnk":45,"ft":55,"fg":54,"tp":64,"blk":34,"stl":54,"drb":65,"pss":59,"reb":33,"pot":54}],"skills":[]},{"tid":-2,
"name":"Matt Maloney",
"pos":"PG","hgt":75,"weight":192,
"imgURL":"http://www.clutchfans.net/images/profiles/Matt_Maloney.jpg",
"born":{"year":1971,"loc":"Silver Spring, MD"},"contract":{"amount":"","exp":""},"draft":{"round":"","pick":"","tid":"","orig. team":"","year":""},"college":"Penn","ratings":[{"hgt":29,"stre":31,"spd":70,"jmp":56,"endu":44,"ins":54,"dnk":66,"ft":45,"fg":55,"tp":45,"blk":44,"stl":66,"drb":75,"pss":65,"reb":45,"pot":56}],"skills":[]},{"tid":-2,"name":"John Amaechi","pos":"C","hgt":82,"weight":270,"imgURL":"http://basketball.realgm.com/images/nba/4.2/profiles/photos/2006/Amaechi_John_nba.jpg","born":{"year":1970,"loc":"Boston, MA"},"contract":{"amount":"","exp":""},"draft":{"round":"","pick":"","tid":"","orig. team":"","year":""},"college":"Penn State","ratings":[{"hgt":74,"stre":85,"spd":36,"jmp":56,"endu":34,"ins":54,"dnk":66,"ft":45,"fg":55,"tp":45,"blk":54,"stl":66,"drb":45,"pss":65,"reb":45,"pot":56}],"skills":[]},{"tid":-2,"name":"Corey Beck","pos":"G","hgt":73,"weight":190,"imgURL":"http://www.hogstats.com/images/coreybeck.jpg","born":{"year":1971,"loc":"Memphis, TN"},"contract":{"amount":"","exp":""},"draft":{"round":"","pick":"","tid":"","orig. team":"","year":""},"college":"Arkansas","ratings":[{"hgt":14,"stre":24,"spd":66,"jmp":45,"endu":65,"ins":56,"dnk":45,"ft":55,"fg":54,"tp":64,"blk":34,"stl":54,"drb":65,"pss":45,"reb":65,"pot":52}],"skills":[]},{"tid":-2,"name":"John Coker","pos":"C","hgt":84,"weight":253,"imgURL":"http://www.truthaboutit.net/pictures/john-coker.jpg","born":{"year":1971,"loc":"Richland, WA"},"contract":{"amount":"","exp":""},"draft":{"round":"","pick":"","tid":"","orig. team":"","year":""},"college":"Boise State","ratings":[{"hgt":92,"stre":65,"spd":36,"jmp":36,"endu":44,"ins":54,"dnk":66,"ft":45,"fg":55,"tp":0,"blk":66,"stl":54,"drb":45,"pss":41,"reb":66,"pot":49}],"skills":[]},{"tid":-2,"name":"Michael Hawkins","pos":"PG","hgt":72,"weight":178,"imgURL":"http://2.bp.blogspot.com/-u_8n4GpLSkk/UiiJ9xgY7EI/AAAAAAAACrw/o0chpRGGKtU/s1600/michael%20hawkins%20celtics.JPG","born":{"year":1972,"loc":"Canton, OH"},"contract":{"amount":"","exp":""},"draft":{"round":"","pick":"","tid":"","orig. team":"","year":""},"college":"Xavier","ratings":[{"hgt":7,"stre":24,"spd":64,"jmp":56,"endu":52,"ins":31,"dnk":55,"ft":80,"fg":54,"tp":59,"blk":34,"stl":54,"drb":75,"pss":83,"reb":45,"pot":50}],"skills":[]},{"tid":-2,"name":"Gerard King","pos":"FC","hgt":81,"weight":230,"imgURL":"http://basketball.realgm.com/images/nba/4.2/profiles/photos/2006/King_Gerald_nba.jpg","born":{"year":1972,"loc":"New Orleans, LA"},"contract":{"amount":"","exp":""},"draft":{"round":"","pick":"","tid":"","orig. team":"","year":""},"ratings":[{"hgt":71,"stre":65,"spd":36,"jmp":56,"endu":34,"ins":54,"dnk":66,"ft":63,"fg":25,"tp":0,"blk":39,"stl":66,"drb":35,"pss":42,"reb":45,"pot":52}],"skills":[]},{"tid":-2,"name":"Ruben Wolkowyski","pos":"FC","hgt":82,"weight":270,"imgURL":"http://basketball.realgm.com/images/nba/4.2/profiles/photos/2006/Wolkowyski_Ruben_nba.jpg","born":{"year":1973,"loc":"Juan Jose Castelli, Argentina"},"contract":{"amount":"","exp":""},"draft":{"round":"","pick":"","tid":"","orig. team":"","year":""},"ratings":[{"hgt":79,"stre":65,"spd":46,"jmp":44,"endu":34,"ins":54,"dnk":60,"ft":45,"fg":55,"tp":15,"blk":54,"stl":66,"drb":45,"pss":35,"reb":65,"pot":54}],"skills":[]},{"tid":-2,"name":"Nate Driggers","pos":"SG","hgt":77,"weight":215,"imgURL":"http://i.imgur.com/96dFZXB.png","born":{"year":1973,"loc":"Chicago, IL"},"contract":{"amount":"","exp":""},"draft":{"round":"","pick":"","tid":"","orig. team":"","year":""},"ratings":[{"hgt":54,"stre":34,"spd":65,"jmp":45,"endu":45,"ins":56,"dnk":45,"ft":55,"fg":54,"tp":64,"blk":34,"stl":54,"drb":55,"pss":45,"reb":65,"pot":48}],"skills":[]},{"tid":-2,"name":"Clint McDaniel","pos":"SG","hgt":76,"weight":180,"imgURL":"http://www.hogstats.com/images/clintmcdaniel.jpg","born":{"year":1972,"loc":"Tulsa, OK"},"contract":{"amount":"","exp":""},"draft":{"round":"","pick":"","tid":"","orig. team":"","year":""},"ratings":[{"hgt":35,"stre":32,"spd":64,"jmp":45,"endu":49,"ins":26,"dnk":45,"ft":75,"fg":54,"tp":59,"blk":21,"stl":54,"drb":57,"pss":45,"reb":58,"pot":50}],"skills":[]},{"tid":-2,"name":"Larry Sykes","pos":"PF","hgt":81,"weight":255,"imgURL":"http://i.imgur.com/aKb6htQ.png","born":{"year":1973,"loc":"Toledo, OH"},"contract":{"amount":"","exp":""},"draft":{"round":"","pick":"","tid":"","orig. team":"","year":""},"ratings":[{"hgt":71,"stre":65,"spd":33,"jmp":56,"endu":34,"ins":54,"dnk":56,"ft":45,"fg":55,"tp":0,"blk":54,"stl":27,"drb":45,"pss":35,"reb":45,"pot":47}],"skills":[]}]}