{"startingSeason":1991,"players":[{"tid":-2,"name":"Larry Johnson","pos":"PF","hgt":78,"weight":250,"imgURL":"http://i.imgur.com/GOSgP9R.png","born":{"year":1969,"loc":"Tyler, TX"},"contract":{"amount":"","exp":""},"draft":{"round":"","pick":"","tid":"","originalTid":"","year":"1991"},"college":"UNLV","ratings":[{"hgt":57,"stre":72,"spd":58,"jmp":65,"endu":68,"ins":67,"dnk":77,"ft":78,"fg":66,"tp":52,"blk":64,"stl":63,"drb":56,"pss":65,"reb":80,"pot":76}],"skills":[]},{"tid":-2,"name":"Kenny Anderson","pos":"PG","hgt":72,"weight":168,"imgURL":"http://a.espncdn.com/i/headshots/nba/players/65/15.jpg","born":{"year":1970,"loc":"Queens, NY"},"contract":{"amount":"","exp":""},"draft":{"round":"","pick":"","tid":"","originalTid":"","year":"1991"},"college":"Georgia Tech","ratings":[{"hgt":8,"stre":42,"spd":86,"jmp":77,"endu":75,"ins":43,"dnk":76,"ft":77,"fg":75,"tp":58,"blk":52,"stl":69,"drb":76,"pss":78,"reb":55,"pot":71}],"skills":[]},{"tid":-2,"name":"Billy Owens","pos":"GF","hgt":80,"weight":220,"imgURL":"http://sayhey.files.wordpress.com/2007/04/bo.jpg","born":{"year":1969,"loc":"Carlisle, PA"},"contract":{"amount":"","exp":""},"draft":{"round":"","pick":"","tid":"","originalTid":"","year":"1991"},"college":"Syracuse","ratings":[{"hgt":54,"stre":53,"spd":64,"jmp":74,"endu":74,"ins":64,"dnk":63,"ft":74,"fg":64,"tp":46,"blk":43,"stl":64,"drb":73,"pss":63,"reb":73,"pot":66}],"skills":[]},{"tid":-2,"name":"Dikembe Mutombo","pos":"C","hgt":86,"weight":245,"imgURL":"http://a.espncdn.com/i/headshots/nba/players/65/588.jpg","born":{"year":1966,"loc":"Kinshasa, Congo"},"contract":{"amount":"","exp":""},"draft":{"round":"","pick":"","tid":"","originalTid":"","year":"1991"},"college":"Georgetown","ratings":[{"hgt":93,"stre":95,"spd":46,"jmp":95,"endu":80,"ins":66,"dnk":64,"ft":65,"fg":32,"tp":0,"blk":96,"stl":36,"drb":46,"pss":54,"reb":92,"pot":72}],"skills":[]},{"tid":-2,"name":"Steve Smith","pos":"SG","hgt":79,"weight":200,"imgURL":"http://www.nba.com/hawks/media/HWK_Smitty_Classic7.jpg","born":{"year":1969,"loc":"Highland Park, MI"},"contract":{"amount":"","exp":""},"draft":{"round":"","pick":"","tid":"","originalTid":"","year":"1991"},"college":"Michigan State","ratings":[{"hgt":46,"stre":46,"spd":74,"jmp":67,"endu":65,"ins":43,"dnk":46,"ft":74,"fg":67,"tp":56,"blk":37,"stl":54,"drb":63,"pss":74,"reb":76,"pot":67}],"skills":[]},{"tid":-2,"name":"Doug Smith","pos":"FC","hgt":82,"weight":220,"imgURL":"http://2.bp.blogspot.com/-CB1L7dnbEbA/UhAyrOFCMOI/AAAAAAAACiE/AvDQiPzPHUo/s1600/Doug+Smith+2.jpg","born":{"year":1969,"loc":"Detroit, MI"},"contract":{"amount":"","exp":""},"draft":{"round":"","pick":"","tid":"","originalTid":"","year":"1991"},"college":"Missouri","ratings":[{"hgt":79,"stre":74,"spd":47,"jmp":63,"endu":60,"ins":68,"dnk":66,"ft":77,"fg":54,"tp":0,"blk":43,"stl":50,"drb":33,"pss":34,"reb":72,"pot":58}],"skills":[]},{"tid":-2,"name":"Luc Longley","pos":"C","hgt":86,"weight":265,"imgURL":"http://thedraftreview.com/history/drafted1991/images/luc-longley.jpg","born":{"year":1969,"loc":"Melbourne, Australia"},"contract":{"amount":"","exp":""},"draft":{"round":"","pick":"","tid":"","originalTid":"","year":"1991"},"college":"New Mexico","ratings":[{"hgt":95,"stre":73,"spd":38,"jmp":35,"endu":54,"ins":67,"dnk":64,"ft":56,"fg":25,"tp":10,"blk":65,"stl":44,"drb":34,"pss":54,"reb":77,"pot":58}],"skills":[]},{"tid":-2,"name":"Mark Macon","pos":"G","hgt":76,"weight":185,"imgURL":"http://www.tradingcarddb.com/Images/Cards/Basketball/2142/2142-53Fr.jpg","born":{"year":1969,"loc":"Saginaw, MI"},"contract":{"amount":"","exp":""},"draft":{"round":"","pick":"","tid":"","originalTid":"","year":"1991"},"college":"Temple","ratings":[{"hgt":36,"stre":53,"spd":74,"jmp":78,"endu":64,"ins":44,"dnk":56,"ft":43,"fg":56,"tp":32,"blk":36,"stl":43,"drb":65,"pss":64,"reb":67,"pot":57}],"skills":[]},{"tid":-2,"name":"Stacey Augmon","pos":"GF","hgt":78,"weight":205,"imgURL":"http://a.espncdn.com/i/headshots/nba/players/65/27.jpg","born":{"year":1968,"loc":"Pasadena, CA"},"contract":{"amount":"","exp":""},"draft":{"round":"","pick":"","tid":"","originalTid":"","year":"1991"},"college":"UNLV","ratings":[{"hgt":54,"stre":48,"spd":74,"jmp":86,"endu":65,"ins":46,"dnk":68,"ft":74,"fg":55,"tp":43,"blk":38,"stl":64,"drb":60,"pss":55,"reb":72,"pot":64}],"skills":[]},{"tid":-2,"name":"Bison Dele","pos":"FC","hgt":81,"weight":235,"imgURL":"http://www.tradingcarddb.com/Images/Cards/Basketball/2103/2103-669538Fr.jpg","born":{"year":1969,"loc":"Fresno, CA"},"contract":{"amount":"","exp":""},"draft":{"round":"","pick":"","tid":"","originalTid":"","year":"1991"},"college":"Arizona","ratings":[{"hgt":78,"stre":74,"spd":66,"jmp":66,"endu":63,"ins":65,"dnk":65,"ft":64,"fg":54,"tp":7,"blk":67,"stl":55,"drb":53,"pss":59,"reb":80,"pot":63}],"skills":[]},{"tid":-2,"name":"Terrell Brandon","pos":"PG","hgt":71,"weight":180,"imgURL":"http://a.espncdn.com/i/headshots/nba/players/65/92.jpg","born":{"year":1970,"loc":"Portland, OR"},"contract":{"amount":"","exp":""},"draft":{"round":"","pick":"","tid":"","originalTid":"","year":"1991"},"college":"Oregon","ratings":[{"hgt":6,"stre":35,"spd":63,"jmp":74,"endu":65,"ins":56,"dnk":53,"ft":78,"fg":65,"tp":32,"blk":37,"stl":56,"drb":80,"pss":78,"reb":33,"pot":63}],"skills":[]},{"tid":-2,"name":"Greg Anthony","pos":"PG","hgt":72,"weight":176,"imgURL":"http://a.espncdn.com/i/headshots/nba/players/65/21.jpg","born":{"year":1967,"loc":"Las Vegas, NV"},"contract":{"amount":"","exp":""},"draft":{"round":"","pick":"","tid":"","originalTid":"","year":"1991"},"college":"UNLV","ratings":[{"hgt":24,"stre":46,"spd":74,"jmp":64,"endu":63,"ins":56,"dnk":54,"ft":75,"fg":64,"tp":64,"blk":32,"stl":54,"drb":73,"pss":67,"reb":63,"pot":59}],"skills":[]},{"tid":-2,"name":"Dale Davis","pos":"FC","hgt":83,"weight":252,"imgURL":"http://a.espncdn.com/i/headshots/nba/players/65/187.jpg","born":{"year":1969,"loc":"Toccoa, GA"},"contract":{"amount":"","exp":""},"draft":{"round":"","pick":"","tid":"","originalTid":"","year":"1991"},"college":"Clemson","ratings":[{"hgt":74,"stre":85,"spd":64,"jmp":59,"endu":57,"ins":67,"dnk":63,"ft":67,"fg":54,"tp":13,"blk":64,"stl":54,"drb":42,"pss":46,"reb":79,"pot":64}],"skills":[]},{"tid":-2,"name":"Rich King","pos":"C","hgt":86,"weight":260,"imgURL":"http://mynbacards.files.wordpress.com/2010/08/is_63.jpg","born":{"year":1969,"loc":"Lincoln, NE"},"contract":{"amount":"","exp":""},"draft":{"round":"","pick":"","tid":"","originalTid":"","year":"1991"},"college":"Nebraska","ratings":[{"hgt":92,"stre":76,"spd":34,"jmp":38,"endu":45,"ins":65,"dnk":52,"ft":54,"fg":43,"tp":0,"blk":53,"stl":43,"drb":24,"pss":45,"reb":64,"pot":52}],"skills":[]},{"tid":-2,"name":"Anthony Avent","pos":"PF","hgt":81,"weight":235,"imgURL":"http://exnba.com/wp-content/uploads/2012/11/anthony-avent.jpg","born":{"year":1969,"loc":"Rocky Mount, NC"},"contract":{"amount":"","exp":""},"draft":{"round":"","pick":"","tid":"","originalTid":"","year":"1991"},"college":"Seton Hall","ratings":[{"hgt":71,"stre":73,"spd":54,"jmp":56,"endu":45,"ins":64,"dnk":62,"ft":56,"fg":43,"tp":0,"blk":65,"stl":34,"drb":36,"pss":42,"reb":65,"pot":55}],"skills":[]},{"tid":-2,"name":"Chris Gatling","pos":"FC","hgt":82,"weight":220,"imgURL":"http://www.azcentral.com/i/8/3/5/PHP517FDC1B2D538.jpg","born":{"year":1967,"loc":"Elizabeth, NJ"},"contract":{"amount":"","exp":""},"draft":{"round":"","pick":"","tid":"","originalTid":"","year":"1991"},"college":"Old Dominion","ratings":[{"hgt":84,"stre":64,"spd":45,"jmp":58,"endu":64,"ins":54,"dnk":57,"ft":53,"fg":43,"tp":21,"blk":63,"stl":43,"drb":46,"pss":42,"reb":78,"pot":58}],"skills":[]},{"tid":-2,"name":"Victor Alexander","pos":"C","hgt":81,"weight":265,"imgURL":"http://exnba.com/wp-content/uploads/2013/01/victor-alexander.jpg","born":{"year":1969,"loc":"Detroit, MI"},"contract":{"amount":"","exp":""},"draft":{"round":"","pick":"","tid":"","originalTid":"","year":"1991"},"college":"Iowa State","ratings":[{"hgt":78,"stre":74,"spd":46,"jmp":54,"endu":56,"ins":78,"dnk":67,"ft":54,"fg":53,"tp":24,"blk":67,"stl":43,"drb":46,"pss":42,"reb":74,"pot":59}],"skills":[]},{"tid":-2,"name":"Kevin Brooks","pos":"SF","hgt":78,"weight":200,"imgURL":"http://www-static2.spulsecdn.net/pics/00/01/41/12/1411243_1_O.jpg","born":{"year":1969,"loc":"Beaufort, SC"},"contract":{"amount":"","exp":""},"draft":{"round":"","pick":"","tid":"","originalTid":"","year":"1991"},"college":"Southwestern Louisiana","ratings":[{"hgt":46,"stre":52,"spd":67,"jmp":63,"endu":64,"ins":56,"dnk":47,"ft":67,"fg":62,"tp":36,"blk":34,"stl":45,"drb":53,"pss":56,"reb":47,"pot":57}],"skills":[]},{"tid":-2,"name":"LaBradford Smith","pos":"G","hgt":75,"weight":200,"imgURL":"http://grfx.cstv.com/photos/schools/lou/sports/m-baskbl/auto_headshot/3919478.jpeg","born":{"year":1969,"loc":"Bay City, TX"},"contract":{"amount":"","exp":""},"draft":{"round":"","pick":"","tid":"","originalTid":"","year":"1991"},"college":"Louisville","ratings":[{"hgt":29,"stre":45,"spd":56,"jmp":43,"endu":45,"ins":54,"dnk":34,"ft":23,"fg":43,"tp":54,"blk":34,"stl":54,"drb":34,"pss":54,"reb":34,"pot":48}],"skills":[]},{"tid":-2,"name":"John Turner","pos":"SF","hgt":80,"weight":245,"imgURL":"http://farm6.static.flickr.com/5085/5322392577_324fd592eb.jpg","born":{"year":1967,"loc":"Washington, DC"},"contract":{"amount":"","exp":""},"draft":{"round":"","pick":"","tid":"","originalTid":"","year":"1991"},"college":"Phillips","ratings":[{"hgt":64,"stre":58,"spd":43,"jmp":54,"endu":50,"ins":54,"dnk":48,"ft":64,"fg":44,"tp":34,"blk":46,"stl":47,"drb":45,"pss":32,"reb":43,"pot":52}],"skills":[]},{"tid":-2,"name":"Eric Murdock","pos":"PG","hgt":73,"weight":190,"imgURL":"http://www.tradingcarddb.com/Images/Cards/Basketball/25592/25592-2998964Fr.jpg","born":{"year":1968,"loc":"Somerville, NJ"},"contract":{"amount":"","exp":""},"draft":{"round":"","pick":"","tid":"","originalTid":"","year":"1991"},"college":"Providence","ratings":[{"hgt":17,"stre":23,"spd":72,"jmp":54,"endu":59,"ins":34,"dnk":59,"ft":76,"fg":56,"tp":64,"blk":32,"stl":53,"drb":76,"pss":87,"reb":23,"pot":59}],"skills":[]},{"tid":-2,"name":"LeRon Ellis","pos":"C","hgt":81,"weight":225,"imgURL":"https://m1.behance.net/rendition/modules/117193901/disp/3940de56a00237c8521b6e56ff93b82f.jpg","born":{"year":1969,"loc":"Los Angeles, CA"},"contract":{"amount":"","exp":""},"draft":{"round":"","pick":"","tid":"","originalTid":"","year":"1991"},"college":"Syracuse","ratings":[{"hgt":71,"stre":66,"spd":34,"jmp":54,"endu":45,"ins":43,"dnk":54,"ft":54,"fg":63,"tp":0,"blk":67,"stl":43,"drb":34,"pss":25,"reb":60,"pot":54}],"skills":[]},{"tid":-2,"name":"Stanley Roberts","pos":"C","hgt":84,"weight":285,"imgURL":"http://1.bp.blogspot.com/_xv8pjRQ6byA/Rs16mF6Vo-I/AAAAAAAAA2o/rqEchgfnM2M/s320/Stanley_Roberts_3.jpg","born":{"year":1970,"loc":"Hopkins, SC"},"contract":{"amount":"","exp":""},"draft":{"round":"","pick":"","tid":"","originalTid":"","year":"1991"},"college":"LSU","ratings":[{"hgt":90,"stre":83,"spd":33,"jmp":38,"endu":54,"ins":68,"dnk":67,"ft":6,"fg":34,"tp":0,"blk":66,"stl":43,"drb":42,"pss":43,"reb":70,"pot":57}],"skills":[]},{"tid":-2,"name":"Rick Fox","pos":"SF","hgt":79,"weight":230,"imgURL":"http://a.espncdn.com/i/nba/profiles/players/0407.jpg","born":{"year":1969,"loc":"Toronto, Canada"},"contract":{"amount":"","exp":""},"draft":{"round":"","pick":"","tid":"","originalTid":"","year":"1991"},"college":"North Carolina","ratings":[{"hgt":57,"stre":56,"spd":62,"jmp":58,"endu":53,"ins":45,"dnk":59,"ft":54,"fg":54,"tp":56,"blk":34,"stl":43,"drb":54,"pss":56,"reb":54,"pot":59}],"skills":[]},{"tid":-2,"name":"Shaun Vandiver","pos":"C","hgt":82,"weight":240,"imgURL":"http://www.thedraftreview.com/history/drafted1991/images/shaun-vandiver.jpg","born":{"year":1968,"loc":"Bolingbrook, IL"},"contract":{"amount":"","exp":""},"draft":{"round":"","pick":"","tid":"","originalTid":"","year":"1991"},"college":"Colorado","ratings":[{"hgt":78,"stre":65,"spd":34,"jmp":35,"endu":34,"ins":23,"dnk":45,"ft":65,"fg":66,"tp":33,"blk":65,"stl":43,"drb":45,"pss":43,"reb":65,"pot":50}],"skills":[]},{"tid":-2,"name":"Mark Randall","pos":"PF","hgt":80,"weight":235,"imgURL":"http://img.deanscards.com/itemimages/TPLU5Y70ggdhg.jpg","born":{"year":1967,"loc":"Edina, MN"},"contract":{"amount":"","exp":""},"draft":{"round":"","pick":"","tid":"","originalTid":"","year":"1991"},"college":"Kansas","ratings":[{"hgt":67,"stre":63,"spd":54,"jmp":46,"endu":64,"ins":64,"dnk":67,"ft":63,"fg":54,"tp":23,"blk":65,"stl":34,"drb":36,"pss":43,"reb":67,"pot":56}],"skills":[]},{"tid":-2,"name":"Pete Chilcutt","pos":"PF","hgt":82,"weight":230,"imgURL":"http://www.clutchfans.net/images/profiles/Pete_Chilcutt.jpg","born":{"year":1968,"loc":"Sumter, SC"},"contract":{"amount":"","exp":""},"draft":{"round":"","pick":"","tid":"","originalTid":"","year":"1991"},"college":"North Carolina","ratings":[{"hgt":78,"stre":65,"spd":45,"jmp":34,"endu":56,"ins":34,"dnk":65,"ft":70,"fg":34,"tp":56,"blk":54,"stl":65,"drb":34,"pss":54,"reb":34,"pot":53}],"skills":[]},{"tid":-2,"name":"Kevin Lynch","pos":"SG","hgt":77,"weight":195,"imgURL":"http://i.imgur.com/HdvVbdx.png","born":{"year":1968,"loc":"Bloomington, MN"},"contract":{"amount":"","exp":""},"draft":{"round":"","pick":"","tid":"","originalTid":"","year":"1991"},"college":"Minnesota","ratings":[{"hgt":54,"stre":65,"spd":34,"jmp":54,"endu":23,"ins":54,"dnk":65,"ft":76,"fg":34,"tp":23,"blk":54,"stl":34,"drb":54,"pss":44,"reb":34,"pot":46}],"skills":[]},{"tid":-2,"name":"George Ackles","pos":"PF","hgt":82,"weight":215,"imgURL":"http://www.thedraftreview.com/history/drafted1991/images/george-ackles.jpg","born":{"year":1967,"loc":"Pittsburgh, PA"},"contract":{"amount":"","exp":""},"draft":{"round":"","pick":"","tid":"","originalTid":"","year":"1991"},"college":"UNLV","ratings":[{"hgt":78,"stre":65,"spd":45,"jmp":34,"endu":76,"ins":34,"dnk":65,"ft":34,"fg":34,"tp":56,"blk":54,"stl":65,"drb":34,"pss":23,"reb":43,"pot":53}],"skills":[]},{"tid":-2,"name":"Rodney Monroe","pos":"SF","hgt":75,"weight":185,"imgURL":"http://www.thedraftreview.com/history/drafted1991/images/rodney-monroe.jpg","born":{"year":1968,"loc":"Baltimore, MD"},"contract":{"amount":"","exp":""},"draft":{"round":"","pick":"","tid":"","originalTid":"","year":"1991"},"college":"NC State","ratings":[{"hgt":29,"stre":34,"spd":54,"jmp":34,"endu":54,"ins":34,"dnk":54,"ft":54,"fg":65,"tp":34,"blk":64,"stl":34,"drb":23,"pss":54,"reb":12,"pot":44}],"skills":[]},{"tid":-2,"name":"Randy Brown","pos":"PG","hgt":74,"weight":190,"imgURL":"http://a.espncdn.com/i/headshots/nba/players/65/98.jpg","born":{"year":1968,"loc":"Chicago, IL"},"contract":{"amount":"","exp":""},"draft":{"round":"","pick":"","tid":"","originalTid":"","year":"1991"},"college":"New Mexico State","ratings":[{"hgt":21,"stre":47,"spd":60,"jmp":65,"endu":44,"ins":34,"dnk":54,"ft":64,"fg":44,"tp":65,"blk":45,"stl":68,"drb":72,"pss":65,"reb":55,"pot":55}],"skills":[]},{"tid":-2,"name":"Chad Gallagher","pos":"C","hgt":82,"weight":255,"imgURL":"http://image.cdnllnwnl.xosnetwork.com/pics/200/FG/FGEVKILMFELOJWH.20080428233245.jpg","born":{"year":1969,"loc":"Rockford, IL"},"contract":{"amount":"","exp":""},"draft":{"round":"","pick":"","tid":"","originalTid":"","year":"1991"},"college":"Creighton","ratings":[{"hgt":78,"stre":65,"spd":34,"jmp":23,"endu":43,"ins":54,"dnk":65,"ft":34,"fg":65,"tp":34,"blk":65,"stl":34,"drb":36,"pss":54,"reb":65,"pot":50}],"skills":[]},{"tid":-2,"name":"Donald Hodge","pos":"FC","hgt":84,"weight":230,"imgURL":"http://www.thedraftreview.com/history/drafted1991/images/donald-hodge.jpg","born":{"year":1969,"loc":"Washington, DC"},"contract":{"amount":"","exp":""},"draft":{"round":"","pick":"","tid":"","originalTid":"","year":"1991"},"college":"Temple","ratings":[{"hgt":84,"stre":65,"spd":34,"jmp":65,"endu":34,"ins":23,"dnk":45,"ft":65,"fg":76,"tp":5,"blk":65,"stl":43,"drb":35,"pss":43,"reb":65,"pot":54}],"skills":[]},{"tid":-2,"name":"Myron Brown","pos":"PG","hgt":75,"weight":180,"imgURL":"http://thedraftreview.com/history/drafted1991/images/myron-brown.jpg","born":{"year":1969,"loc":"McKees Rocks, PA"},"contract":{"amount":"","exp":""},"draft":{"round":"","pick":"","tid":"","originalTid":"","year":"1991"},"college":"Slippery Rock","ratings":[{"hgt":29,"stre":32,"spd":65,"jmp":45,"endu":43,"ins":26,"dnk":58,"ft":67,"fg":56,"tp":43,"blk":34,"stl":65,"drb":65,"pss":76,"reb":45,"pot":53}],"skills":[]},{"tid":-2,"name":"Mike Iuzzolino","pos":"PG","hgt":70,"weight":175,"imgURL":"http://www.thedraftreview.com/history/drafted1991/images/mike-iuzzolino.jpg","born":{"year":1968,"loc":"Altoona, PA"},"contract":{"amount":"","exp":""},"draft":{"round":"","pick":"","tid":"","originalTid":"","year":"1991"},"college":"Saint Francis (PA)","ratings":[{"hgt":2,"stre":25,"spd":73,"jmp":64,"endu":54,"ins":14,"dnk":54,"ft":74,"fg":54,"tp":69,"blk":34,"stl":65,"drb":74,"pss":69,"reb":34,"pot":55}],"skills":[]},{"tid":-2,"name":"Chris Corchiani","pos":"PG","hgt":72,"weight":185,"imgURL":"http://www.tradingcarddb.com/Images/Cards/Basketball/25566/25566-2992835Fr.jpg","born":{"year":1968,"loc":"Coral Gables, FL"},"contract":{"amount":"","exp":""},"draft":{"round":"","pick":"","tid":"","originalTid":"","year":"1991"},"college":"NC State","ratings":[{"hgt":7,"stre":23,"spd":59,"jmp":54,"endu":36,"ins":34,"dnk":65,"ft":70,"fg":54,"tp":23,"blk":54,"stl":65,"drb":68,"pss":65,"reb":34,"pot":44}],"skills":[]},{"tid":-2,"name":"Elliot Perry","pos":"PG","hgt":72,"weight":150,"imgURL":"http://farm5.static.flickr.com/4131/5214747881_4f72f59652.jpg","born":{"year":1969,"loc":"Memphis, TN"},"contract":{"amount":"","exp":""},"draft":{"round":"","pick":"","tid":"","originalTid":"","year":"1991"},"college":"Memphis State","ratings":[{"hgt":9,"stre":45,"spd":72,"jmp":66,"endu":54,"ins":38,"dnk":62,"ft":68,"fg":58,"tp":49,"blk":34,"stl":59,"drb":73,"pss":70,"reb":26,"pot":55}],"skills":[]},{"tid":-2,"name":"Joe Wylie","pos":"F","hgt":81,"weight":210,"imgURL":"http://www.thedraftreview.com/history/drafted1991/images/joe-wylie.jpg","born":{"year":1968,"loc":"Washington, DC"},"contract":{"amount":"","exp":""},"draft":{"round":"","pick":"","tid":"","originalTid":"","year":"1991"},"college":"Miami (FL)","ratings":[{"hgt":71,"stre":65,"spd":34,"jmp":65,"endu":34,"ins":33,"dnk":45,"ft":65,"fg":66,"tp":43,"blk":65,"stl":43,"drb":45,"pss":43,"reb":65,"pot":43}],"skills":[]},{"tid":-2,"name":"Jimmy Oliver","pos":"SG","hgt":77,"weight":205,"imgURL":"http://3.bp.blogspot.com/_0UdVXqAY2Gk/TNNXVSO56rI/AAAAAAAAAQc/-k-CTE8YAxg/s320/Jimmy+Oliver.jpg","born":{"year":1969,"loc":"Menifee, AR"},"contract":{"amount":"","exp":""},"draft":{"round":"","pick":"","tid":"","originalTid":"","year":"1991"},"college":"Purdue","ratings":[{"hgt":45,"stre":55,"spd":65,"jmp":66,"endu":54,"ins":25,"dnk":64,"ft":24,"fg":64,"tp":23,"blk":64,"stl":34,"drb":54,"pss":23,"reb":54,"pot":52}],"skills":[]},{"tid":-2,"name":"Doug Overton","pos":"PG","hgt":75,"weight":190,"imgURL":"http://i.cdn.turner.com/nba/nba/teamsites/images/legacy/nets/overton.jpg","born":{"year":1969,"loc":"Philadelphia, PA"},"contract":{"amount":"","exp":""},"draft":{"round":"","pick":"","tid":"","originalTid":"","year":"1991"},"college":"La Salle","ratings":[{"hgt":21,"stre":34,"spd":58,"jmp":34,"endu":49,"ins":36,"dnk":55,"ft":32,"fg":64,"tp":74,"blk":43,"stl":23,"drb":72,"pss":68,"reb":43,"pot":50}],"skills":[]},{"tid":-2,"name":"Sean Green","pos":"SG","hgt":77,"weight":210,"imgURL":"http://slamonline.com/wp-content/uploads/2008/12/sean_green_mug.jpg","born":{"year":1970,"loc":"Santa Monica, CA"},"contract":{"amount":"","exp":""},"draft":{"round":"","pick":"","tid":"","originalTid":"","year":"1991"},"college":"Iona","ratings":[{"hgt":43,"stre":34,"spd":46,"jmp":43,"endu":54,"ins":34,"dnk":65,"ft":54,"fg":34,"tp":74,"blk":43,"stl":54,"drb":34,"pss":28,"reb":36,"pot":46}],"skills":[]},{"tid":-2,"name":"Steve Hood","pos":"SG","hgt":79,"weight":185,"imgURL":"http://www.thedraftreview.com/history/drafted1991/images/steve-hood.jpg","born":{"year":1968,"loc":"Lynchburg, VA"},"contract":{"amount":"","exp":""},"draft":{"round":"","pick":"","tid":"","originalTid":"","year":"1991"},"ratings":[{"hgt":57,"stre":25,"spd":65,"jmp":64,"endu":44,"ins":25,"dnk":64,"ft":24,"fg":64,"tp":23,"blk":64,"stl":34,"drb":54,"pss":23,"reb":54,"pot":47}],"skills":[]},{"tid":-2,"name":"Alvaro Teheran","pos":"C","hgt":85,"weight":235,"imgURL":"http://www.thedraftreview.com/history/drafted1991/images/alvaro-teheran.jpg","born":{"year":1966,"loc":"Cartagena, Colombia"},"contract":{"amount":"","exp":""},"draft":{"round":"","pick":"","tid":"","originalTid":"","year":"1991"},"ratings":[{"hgt":84,"stre":65,"spd":34,"jmp":35,"endu":34,"ins":53,"dnk":45,"ft":25,"fg":26,"tp":0,"blk":65,"stl":43,"drb":25,"pss":43,"reb":65,"pot":52}],"skills":[]},{"tid":-2,"name":"Lamont Strothers","pos":"SG","hgt":76,"weight":190,"imgURL":"http://1.bp.blogspot.com/_uBqDMsciV1U/S-1ks1wOZ_I/AAAAAAAAAcw/BpR0wFNTMYk/s1600/04F.jpg","born":{"year":1968,"loc":"Nansemond County, VA"},"contract":{"amount":"","exp":""},"draft":{"round":"","pick":"","tid":"","originalTid":"","year":"1991"},"ratings":[{"hgt":65,"stre":34,"spd":65,"jmp":34,"endu":65,"ins":34,"dnk":23,"ft":54,"fg":34,"tp":65,"blk":34,"stl":65,"drb":34,"pss":65,"reb":34,"pot":47}],"skills":[]},{"tid":-2,"name":"Bobby Phills","pos":"SG","hgt":77,"weight":210,"imgURL":"http://www.cavshistory.com/images/players/Bobby_Phills.jpg","born":{"year":1969,"loc":"Baton Rouge, LA"},"contract":{"amount":"","exp":""},"draft":{"round":"","pick":"","tid":"","originalTid":"","year":"1991"},"college":"Southern","ratings":[{"hgt":65,"stre":54,"spd":71,"jmp":63,"endu":65,"ins":44,"dnk":65,"ft":73,"fg":52,"tp":43,"blk":65,"stl":34,"drb":56,"pss":44,"reb":55,"pot":61}],"skills":[]},{"tid":-2,"name":"Richard Dumas","pos":"SF","hgt":79,"weight":200,"imgURL":"https://mercymercyjeromekersey.files.wordpress.com/2012/04/richard-dumas.jpg","born":{"year":1969,"loc":"Tulsa, OK"},"contract":{"amount":"","exp":""},"draft":{"round":"","pick":"","tid":"","originalTid":"","year":"1991"},"college":"Oklahoma State","ratings":[{"hgt":57,"stre":27,"spd":62,"jmp":63,"endu":53,"ins":54,"dnk":63,"ft":53,"fg":43,"tp":12,"blk":64,"stl":80,"drb":56,"pss":45,"reb":34,"pot":48}],"skills":[]},{"tid":-2,"name":"Keith Hughes","pos":"PF","hgt":80,"weight":235,"imgURL":"http://www.thedraftreview.com/history/drafted1991/images/keith-hughes.jpg","born":{"year":1968,"loc":"Carteret, NJ"},"contract":{"amount":"","exp":""},"draft":{"round":"","pick":"","tid":"","originalTid":"","year":"1991"},"ratings":[{"hgt":64,"stre":65,"spd":45,"jmp":34,"endu":44,"ins":25,"dnk":64,"ft":24,"fg":64,"tp":23,"blk":64,"stl":34,"drb":54,"pss":23,"reb":54,"pot":47}],"skills":[]},{"tid":-2,"name":"Isaac Austin","pos":"C","hgt":82,"weight":255,"imgURL":"http://img.deseretnews.com/images/top/main/27267/27267.jpg","born":{"year":1969,"loc":"Gridley, CA"},"contract":{"amount":"","exp":""},"draft":{"round":"","pick":"","tid":"","originalTid":"","year":"1991"},"ratings":[{"hgt":80,"stre":66,"spd":44,"jmp":43,"endu":64,"ins":74,"dnk":34,"ft":43,"fg":54,"tp":0,"blk":70,"stl":32,"drb":46,"pss":65,"reb":74,"pot":59}],"skills":[]},{"tid":-2,"name":"Greg Sutton","pos":"PG","hgt":74,"weight":170,"imgURL":"http://i.imgur.com/jErRORQ.jpg","born":{"year":1967,"loc":"Santa Cruz, CA"},"contract":{"amount":"","exp":""},"draft":{"round":"","pick":"","tid":"","originalTid":"","year":"1991"},"ratings":[{"hgt":21,"stre":34,"spd":65,"jmp":54,"endu":65,"ins":25,"dnk":44,"ft":64,"fg":34,"tp":64,"blk":48,"stl":57,"drb":68,"pss":59,"reb":54,"pot":54}],"skills":[]},{"tid":-2,"name":"Phil Henderson","pos":"G","hgt":76,"weight":180,"imgURL":"https://s-media-cache-ak0.pinimg.com/236x/27/ce/4f/27ce4f90c37932cc2f2cd57561dd9dd1.jpg","born":{"year":1968,"loc":"Chicago, IL"},"contract":{"amount":"","exp":""},"draft":{"round":"","pick":"","tid":"","originalTid":"","year":"1991"},"college":"Duke","ratings":[{"hgt":34,"stre":25,"spd":64,"jmp":54,"endu":55,"ins":85,"dnk":34,"ft":64,"fg":34,"tp":64,"blk":48,"stl":57,"drb":68,"pss":43,"reb":54,"pot":54}],"skills":[]},{"tid":-2,"name":"Joey Wright","pos":"G","hgt":75,"weight":185,"imgURL":"http://thedraftreview.com/history/drafted1991/images/joey-wright.jpg","born":{"year":1968,"loc":"Alton, IL"},"contract":{"amount":"","exp":""},"draft":{"round":"","pick":"","tid":"","originalTid":"","year":"1991"},"ratings":[{"hgt":34,"stre":65,"spd":34,"jmp":54,"endu":65,"ins":85,"dnk":34,"ft":64,"fg":34,"tp":64,"blk":48,"stl":57,"drb":68,"pss":43,"reb":54,"pot":54}],"skills":[]},{"tid":-2,"name":"Zan Tabak","pos":"C","hgt":84,"weight":245,"imgURL":"https://i.imgur.com/8oPkKOi.png","born":{"year":1970,"loc":"Split, Croatia"},"contract":{"amount":"","exp":""},"draft":{"round":"","pick":"","tid":"","originalTid":"","year":"1991"},"college":"Croatia","ratings":[{"hgt":84,"stre":64,"spd":23,"jmp":22,"endu":43,"ins":64,"dnk":65,"ft":34,"fg":55,"tp":0,"blk":65,"stl":34,"drb":35,"pss":34,"reb":64,"pot":48}],"skills":[]},{"tid":-2,"name":"Anthony Jones","pos":"F","hgt":79,"weight":200,"imgURL":"http://www.thedraftreview.com/history/drafted1991/images/anthony-jones.jpg","born":{"year":1967,"loc":"Washington, DC"},"contract":{"amount":"","exp":""},"draft":{"round":"","pick":"","tid":"","originalTid":"","year":"1991"},"ratings":[{"hgt":45,"stre":65,"spd":65,"jmp":34,"endu":54,"ins":25,"dnk":64,"ft":24,"fg":64,"tp":23,"blk":64,"stl":34,"drb":54,"pss":23,"reb":54,"pot":47}],"skills":[]},{"tid":-2,"name":"Von McDade","pos":"G","hgt":76,"weight":185,"imgURL":"http://www.thedraftreview.com/history/drafted1991/images/von-mcdade.jpg","born":{"year":1967,"loc":"Milwaukee, WI"},"contract":{"amount":"","exp":""},"draft":{"round":"","pick":"","tid":"","originalTid":"","year":"1991"},"ratings":[{"hgt":34,"stre":25,"spd":64,"jmp":54,"endu":65,"ins":25,"dnk":34,"ft":64,"fg":64,"tp":60,"blk":48,"stl":57,"drb":62,"pss":43,"reb":54,"pot":51}],"skills":[]},{"tid":-2,"name":"Marcus Kennedy","pos":"F","hgt":79,"weight":235,"imgURL":"http://www.thedraftreview.com/history/drafted1991/images/marcus-kennedy.jpg","born":{"year":1967,"loc":"Highland Park, MI"},"contract":{"amount":"","exp":""},"draft":{"round":"","pick":"","tid":"","originalTid":"","year":"1991"},"ratings":[{"hgt":45,"stre":65,"spd":65,"jmp":34,"endu":64,"ins":25,"dnk":64,"ft":24,"fg":64,"tp":23,"blk":64,"stl":34,"drb":54,"pss":23,"reb":54,"pot":47}],"skills":[]},{"tid":-2,"name":"Darrell Armstrong","pos":"PG","hgt":72,"weight":170,"imgURL":"http://basketball.realgm.com/images/nba/4.2/profiles/photos/2006/Armstrong_Darrell_njn.jpg","born":{"year":1968,"loc":"Gastonia, NC"},"contract":{"amount":"","exp":""},"draft":{"round":"","pick":"","tid":"","originalTid":"","year":"1991"},"ratings":[{"hgt":10,"stre":55,"spd":64,"jmp":64,"endu":65,"ins":85,"dnk":34,"ft":64,"fg":34,"tp":64,"blk":48,"stl":57,"drb":68,"pss":43,"reb":54,"pot":56}],"skills":[]},{"tid":-2,"name":"Robert Pack","pos":"PG","hgt":74,"weight":180,"imgURL":"http://basketball.realgm.com/images/nba/4.2/profiles/photos/2006/Pack_Robert_nba.jpg","born":{"year":1969,"loc":"New Orleans, LA"},"contract":{"amount":"","exp":""},"draft":{"round":"","pick":"","tid":"","originalTid":"","year":"1991"},"college":"Soutern California","ratings":[{"hgt":34,"stre":58,"spd":75,"jmp":87,"endu":65,"ins":36,"dnk":86,"ft":78,"fg":72,"tp":64,"blk":28,"stl":57,"drb":68,"pss":43,"reb":54,"pot":60}],"skills":[]},{"tid":-2,"name":"John Crotty","pos":"PG","hgt":73,"weight":185,"imgURL":"http://www.tradingcarddb.com/Images/Cards/Basketball/2227/2227-678684Bk.jpg","born":{"year":1969,"loc":"Orange, NJ"},"contract":{"amount":"","exp":""},"draft":{"round":"","pick":"","tid":"","originalTid":"","year":"1991"},"college":"Virginia","ratings":[{"hgt":15,"stre":40,"spd":52,"jmp":54,"endu":50,"ins":55,"dnk":34,"ft":64,"fg":49,"tp":64,"blk":38,"stl":57,"drb":76,"pss":69,"reb":34,"pot":53}],"skills":[]},{"tid":-2,"name":"Lorenzo Williams","pos":"FC","hgt":81,"weight":200,"imgURL":"http://www.sportsworldcards.com/ekmps/shops/sportsworld/images/dallas-mavericks-lorenzo-williams-40-fleer-95-96-nba-trading-card-2089-p.jpg","born":{"year":1969,"loc":"Ocala, FL"},"contract":{"amount":"","exp":""},"draft":{"round":"","pick":"","tid":"","originalTid":"","year":"1991"},"ratings":[{"hgt":71,"stre":65,"spd":51,"jmp":72,"endu":54,"ins":64,"dnk":39,"ft":24,"fg":24,"tp":0,"blk":78,"stl":34,"drb":33,"pss":23,"reb":74,"pot":48}],"skills":[]},{"tid":-2,"name":"Emanual Davis","pos":"SG","hgt":76,"weight":195,"imgURL":"http://basketball.realgm.com/images/nba/4.2/profiles/photos/2006/Davis_Emanual_nba.jpg","born":{"year":1968,"loc":"Philadelphia, PA"},"contract":{"amount":"","exp":""},"draft":{"round":"","pick":"","tid":"","originalTid":"","year":"1991"},"ratings":[{"hgt":34,"stre":33,"spd":62,"jmp":54,"endu":55,"ins":85,"dnk":34,"ft":64,"fg":34,"tp":66,"blk":48,"stl":57,"drb":54,"pss":43,"reb":44,"pot":54}],"skills":[]},{"tid":-2,"name":"Tony Farmer","pos":"FC","hgt":81,"weight":244,"imgURL":"https://i.imgur.com/Rz5BS4k.png","born":{"year":1970,"loc":"Los Angeles, CA"},"contract":{"amount":"","exp":""},"draft":{"round":"","pick":"","tid":"","originalTid":"","year":"1991"},"college":"Nebraska","ratings":[{"hgt":72,"stre":78,"spd":45,"jmp":34,"endu":55,"ins":25,"dnk":64,"ft":24,"fg":64,"tp":39,"blk":54,"stl":64,"drb":24,"pss":23,"reb":74,"pot":50}],"skills":[]},{"tid":-2,"name":"Larry Stewart","pos":"PF","hgt":80,"weight":220,"imgURL":"http://i.imgur.com/uA9JmoU.png","born":{"year":1968,"loc":"Philadelphia, PA"},"contract":{"amount":"","exp":""},"draft":{"round":"","pick":"","tid":"","originalTid":"","year":"1991"},"college":"Coppin State","ratings":[{"hgt":64,"stre":80,"spd":50,"jmp":66,"endu":50,"ins":53,"dnk":54,"ft":55,"fg":30,"tp":0,"blk":74,"stl":44,"drb":24,"pss":23,"reb":64,"pot":51}],"skills":[]},{"tid":-2,"name":"Keith Owens","pos":"SF","hgt":80,"weight":225,"imgURL":"http://www.latimes.com/includes/projects/img/lakers/bio_photos/keith_owens.jpg","born":{"year":1969,"loc":"San Francisco, CA"},"contract":{"amount":"","exp":""},"draft":{"round":"","pick":"","tid":"","originalTid":"","year":"1991"},"college":"UCLA","ratings":[{"hgt":64,"stre":65,"spd":34,"jmp":54,"endu":45,"ins":35,"dnk":34,"ft":64,"fg":34,"tp":12,"blk":48,"stl":57,"drb":35,"pss":43,"reb":54,"pot":49}],"skills":[]},{"tid":-2,"name":"Carl Thomas","pos":"G","hgt":76,"weight":175,"imgURL":"http://www.tradingcarddb.com/Images/Cards/Basketball/60208/60208-32Fr.jpg","born":{"year":1969,"loc":"Dayton, OH"},"contract":{"amount":"","exp":""},"draft":{"round":"","pick":"","tid":"","originalTid":"","year":"1991"},"college":"Eastern Michigan","ratings":[{"hgt":34,"stre":35,"spd":62,"jmp":54,"endu":55,"ins":55,"dnk":55,"ft":64,"fg":55,"tp":64,"blk":48,"stl":57,"drb":60,"pss":43,"reb":54,"pot":52}],"skills":[]},{"tid":-2,"name":"Corey Crowder","pos":"GF","hgt":77,"weight":214,"imgURL":"https://www.siue.edu/ATHLETIC/GLVC1/IMAGES/corey.jpg","born":{"year":1969,"loc":"Carrollton, GA"},"contract":{"amount":"","exp":""},"draft":{"round":"","pick":"","tid":"","originalTid":"","year":"1991"},"college":"Kentucky Wesleyan","ratings":[{"hgt":34,"stre":45,"spd":64,"jmp":54,"endu":55,"ins":59,"dnk":34,"ft":64,"fg":34,"tp":64,"blk":48,"stl":57,"drb":52,"pss":43,"reb":54,"pot":54}],"skills":[]},{"tid":-2,"name":"Keith Jennings","pos":"PG","hgt":67,"weight":160,"imgURL":"http://www.tradingcarddb.com/Images/Cards/Basketball/2179/2179-675970Fr.jpg","born":{"year":1968,"loc":"Culpepper, VA"},"contract":{"amount":"","exp":""},"draft":{"round":"","pick":"","tid":"","originalTid":"","year":"1991"},"college":"East Tennessee State","ratings":[{"hgt":12,"stre":20,"spd":74,"jmp":54,"endu":60,"ins":56,"dnk":64,"ft":64,"fg":34,"tp":64,"blk":38,"stl":67,"drb":78,"pss":63,"reb":44,"pot":54}],"skills":[]},{"tid":-2,"name":"Walter Bond","pos":"G","hgt":77,"weight":200,"imgURL":"http://www.tradingcarddb.com/Images/Cards/Basketball/2192/2192-103Fr.jpg","born":{"year":1969,"loc":"Chicago, IL"},"contract":{"amount":"","exp":""},"draft":{"round":"","pick":"","tid":"","originalTid":"","year":"1991"},"college":"Minnesota","ratings":[{"hgt":34,"stre":35,"spd":64,"jmp":54,"endu":45,"ins":25,"dnk":54,"ft":64,"fg":34,"tp":64,"blk":48,"stl":57,"drb":68,"pss":53,"reb":44,"pot":50}],"skills":[]},{"tid":-2,"name":"Demetrius Calip","pos":"PG","hgt":73,"weight":165,"imgURL":"http://www.tradingcarddb.com/Images/Cards/Basketball/64890/64890-4343833Fr.jpg","born":{"year":1969,"loc":"Flint, MI"},"contract":{"amount":"","exp":""},"draft":{"round":"","pick":"","tid":"","originalTid":"","year":"1991"},"college":"Michigan","ratings":[{"hgt":14,"stre":34,"spd":65,"jmp":67,"endu":45,"ins":34,"dnk":70,"ft":64,"fg":34,"tp":57,"blk":48,"stl":57,"drb":68,"pss":43,"reb":54,"pot":52}],"skills":[]},{"tid":-2,"name":"Cedric Lewis","pos":"PF","hgt":82,"weight":235,"imgURL":"http://www.tradingcarddb.com/Images/Cards/Basketball/64884/64884-4338990Fr.jpg","born":{"year":1969,"loc":"Washington, DC"},"contract":{"amount":"","exp":""},"draft":{"round":"","pick":"","tid":"","originalTid":"","year":"1991"},"college":"Maryland","ratings":[{"hgt":78,"stre":65,"spd":35,"jmp":34,"endu":44,"ins":35,"dnk":64,"ft":24,"fg":64,"tp":0,"blk":64,"stl":34,"drb":44,"pss":23,"reb":54,"pot":47}],"skills":[]},{"tid":-2,"name":"Brett Szabo","pos":"C","hgt":83,"weight":230,"imgURL":"https://31.media.tumblr.com/a9c4afc84b676b7b0dbddcfb6f368d23/tumblr_inline_n5pxiyxkmr1s4bm6a.jpg","born":{"year":1968,"loc":"Postville, IA"},"contract":{"amount":"","exp":""},"draft":{"round":"","pick":"","tid":"","originalTid":"","year":"1991"},"college":"Augustana","ratings":[{"hgt":85,"stre":65,"spd":35,"jmp":34,"endu":44,"ins":65,"dnk":64,"ft":24,"fg":25,"tp":0,"blk":64,"stl":34,"drb":44,"pss":23,"reb":60,"pot":47}],"skills":[]}]}