{"startingSeason":2009,
"players":[
{
"tid":-2,
"name":"Blake Griffin",
"pos":"PF","hgt":82,"weight":248,
"imgURL":"http://a.espncdn.com/i/headshots/nba/players/full/3989.png",
"born":{"year":1989,"loc":"Oklahoma City, OK"},"contract":{"amount":"","exp":""},"draft":{"round":"","pick":"","team":"","orig. team":"","year":""},
"college":"Oklahoma",
"ratings":[{"hgt":80,"stre":85,"spd":54,"jmp":85,"endu":81,"ins":82,"dnk":92,"ft":84,"fg":63,"tp":34,"blk":71,"stl":43,"drb":52,"pss":66,"reb":84,"pot":88}],"skills":[]},
{
"tid":-2,
"name":"Hasheem Thabeet",
"pos":"C","hgt":87,"weight":263,
"imgURL":"http://a.espncdn.com/i/headshots/nba/players/full/4016.png",
"born":{"year":1987,"loc":"Dar es Salaam, Tanzania"},"contract":{"amount":"","exp":""},"draft":{"round":"","pick":"","team":"","orig. team":"","year":""},
"college":"Connecticut",
"ratings":[{"hgt":95,"stre":52,"spd":38,"jmp":42,"endu":35,"ins":38,"dnk":50,"ft":62,"fg":52,"tp":14,"blk":64,"stl":32,"drb":25,"pss":22,"reb":84,"pot":75}],"skills":[]},
{
"tid":-2,
"name":"James Harden",
"pos":"SG","hgt":77,"weight":220,
"imgURL":"http://a.espncdn.com/i/headshots/nba/players/full/3992.png",
"born":{"year":1989,"loc":"Los Angeles, CA"},"contract":{"amount":"","exp":""},"draft":{"round":"","pick":"","team":"","orig. team":"","year":""},
"college":"Arizona State",
"ratings":[{"hgt":56,"stre":64,"spd":87,"jmp":58,"endu":85,"ins":54,"dnk":75,"ft":85,"fg":78,"tp":86,"blk":48,"stl":75,"drb":84,"pss":79,"reb":47,"pot":86}],"skills":[]},
{
"tid":-2,
"name":"Tyreke Evans",
"pos":"GF","hgt":78,"weight":220,
"imgURL":"http://a.espncdn.com/i/headshots/nba/players/full/3983.png",
"born":{"year":1989,"loc":"Chester, PA"},"contract":{"amount":"","exp":""},"draft":{"round":"","pick":"","team":"","orig. team":"","year":""},
"college":"Memphis",
"ratings":[{"hgt":51,"stre":49,"spd":67,"jmp":84,"endu":75,"ins":47,"dnk":54,"ft":76,"fg":65,"tp":52,"blk":42,"stl":67,"drb":71,"pss":80,"reb":62,"pot":65}],"skills":[]},
{
"tid":-2,
"name":"Ricky Rubio",
"pos":"PG","hgt":76,"weight":180,
"imgURL":"http://a.espncdn.com/i/headshots/nba/players/full/4011.png",
"born":{"year":1990,"loc":"Barcelona, Spain"},"contract":{"amount":"","exp":""},"draft":{"round":"","pick":"","team":"","orig. team":"","year":""},
"college":"Spain",
"ratings":[{"hgt":43,"stre":32,"spd":72,"jmp":54,"endu":71,"ins":39,"dnk":56,"ft":86,"fg":59,"tp":59,"blk":41,"stl":71,"drb":75,"pss":94,"reb":52,"pot":67}],"skills":[]},
{
"tid":-2,
"name":"Jonny Flynn",
"pos":"PG","hgt":72,"weight":185,
"imgURL":"http://a.espncdn.com/i/headshots/nba/players/full/3985.png",
"born":{"year":1989,"loc":"Niagara Falls, NY"},"contract":{"amount":"","exp":""},"draft":{"round":"","pick":"","team":"","orig. team":"","year":""},
"college":"Syracuse",
"ratings":[{"hgt":7,"stre":21,"spd":77,"jmp":72,"endu":61,"ins":23,"dnk":52,"ft":62,"fg":44,"tp":63,"blk":31,"stl":53,"drb":64,"pss":58,"reb":42,"pot":58}],"skills":[]},
{
"tid":-2,
"name":"Stephen Curry",
"pos":"PG","hgt":75,"weight":185,
"imgURL":"http://a.espncdn.com/i/headshots/nba/players/full/3975.png",
"born":{"year":1988,"loc":"Akron, OH"},"contract":{"amount":"","exp":""},"draft":{"round":"","pick":"","team":"","orig. team":"","year":""},
"college":"Davidson",
"ratings":[{"hgt":54,"stre":45,"spd":86,"jmp":62,"endu":71,"ins":31,"dnk":63,"ft":92,"fg":95,"tp":94,"blk":34,"stl":73,"drb":84,"pss":84,"reb":56,"pot":82}],"skills":[]},
{
"tid":-2,
"name":"Jordan Hill",
"pos":"FC","hgt":82,"weight":235,
"imgURL":"http://a.espncdn.com/i/headshots/nba/players/full/3994.png",
"born":{"year":1987,"loc":"Atlanta, GA"},"contract":{"amount":"","exp":""},"draft":{"round":"","pick":"","team":"","orig. team":"","year":""},
"ratings":[{"hgt":78,"stre":78,"spd":43,"jmp":67,"endu":56,"ins":78,"dnk":86,"ft":74,"fg":67,"tp":34,"blk":64,"stl":62,"drb":31,"pss":63,"reb":84,"pot":66}],"skills":[]},
{
"tid":-2,
"name":"DeMar DeRozan",
"pos":"SG","hgt":79,"weight":220,
"imgURL":"http://a.espncdn.com/i/headshots/nba/players/full/3978.png",
"born":{"year":1989,"loc":"Compton, CA"},"contract":{"amount":"","exp":""},"draft":{"round":"","pick":"","team":"","orig. team":"","year":""},
"college":"Soutern California",
"ratings":[{"hgt":52,"stre":54,"spd":78,"jmp":63,"endu":65,"ins":52,"dnk":62,"ft":86,"fg":76,"tp":63,"blk":35,"stl":65,"drb":63,"pss":74,"reb":45,"pot":67}],"skills":[]},
{
"tid":-2,
"name":"Brandon Jennings",
"pos":"PG","hgt":73,"weight":169,
"imgURL":"http://a.espncdn.com/combiner/i?img=/i/headshots/nba/players/full/3997.png&w=350&h=254",
"born":{"year":1989,"loc":"Compton, CA"},"contract":{"amount":"","exp":""},"draft":{"round":"","pick":"","team":"","orig. team":"","year":""},
"college":"Oak Hill Academy (VA)",
"ratings":[{"hgt":47,"stre":48,"spd":76,"jmp":52,"endu":75,"ins":47,"dnk":67,"ft":72,"fg":65,"tp":63,"blk":48,"stl":74,"drb":65,"pss":82,"reb":43,"pot":65}],"skills":[]},
{
"tid":-2,
"name":"Terrence Williams",
"pos":"GF","hgt":78,"weight":220,
"imgURL":"http://a.espncdn.com/i/headshots/nba/players/full/4019.png",
"born":{"year":1987,"loc":"Seattle, WA"},"contract":{"amount":"","exp":""},"draft":{"round":"","pick":"","team":"","orig. team":"","year":""},
"ratings":[{"hgt":45,"stre":41,"spd":57,"jmp":42,"endu":51,"ins":43,"dnk":52,"ft":62,"fg":64,"tp":63,"blk":31,"stl":53,"drb":54,"pss":58,"reb":42,"pot":58}],"skills":[]},
{
"tid":-2,
"name":"Gerald Henderson",
"pos":"SG","hgt":77,"weight":215,
"imgURL":"http://a.espncdn.com/i/headshots/nba/players/full/3993.png",
"born":{"year":1987,"loc":"Caldwell, NJ"},"contract":{"amount":"","exp":""},"draft":{"round":"","pick":"","team":"","orig. team":"","year":""},
"college":"Duke",
"ratings":[{"hgt":43,"stre":52,"spd":70,"jmp":70,"endu":63,"ins":38,"dnk":54,"ft":60,"fg":65,"tp":64,"blk":35,"stl":52,"drb":57,"pss":55,"reb":43,"pot":58}],"skills":[]},
{
"tid":-2,
"name":"Tyler Hansbrough",
"pos":"PF","hgt":81,"weight":250,
"imgURL":"http://a.espncdn.com/i/headshots/nba/players/full/3991.png",
"born":{"year":1985,"loc":"Poplar Bluff, MO"},"contract":{"amount":"","exp":""},"draft":{"round":"","pick":"","team":"","orig. team":"","year":""},
"college":"North Carolina",
"ratings":[{"hgt":72,"stre":65,"spd":42,"jmp":35,"endu":56,"ins":67,"dnk":62,"ft":64,"fg":52,"tp":18,"blk":65,"stl":43,"drb":37,"pss":43,"reb":67,"pot":55}],"skills":[]},
{
"tid":-2,
"name":"Earl Clark",
"pos":"PF","hgt":82,"weight":225,
"imgURL":"http://a.espncdn.com/i/headshots/nba/players/full/3971.png",
"born":{"year":1988,"loc":"Plainfield, NJ"},"contract":{"amount":"","exp":""},"draft":{"round":"","pick":"","team":"","orig. team":"","year":""},
"college":"Louisville",
"ratings":[{"hgt":79,"stre":65,"spd":42,"jmp":35,"endu":56,"ins":67,"dnk":62,"ft":64,"fg":52,"tp":18,"blk":65,"stl":43,"drb":37,"pss":43,"reb":67,"pot":55}],"skills":[]},
{
"tid":-2,
"name":"Austin Daye",
"pos":"SF","hgt":83,"weight":200,
"imgURL":"http://a.espncdn.com/i/headshots/nba/players/full/3976.png",
"born":{"year":1988,"loc":"Irvine, CA"},"contract":{"amount":"","exp":""},"draft":{"round":"","pick":"","team":"","orig. team":"","year":""},
"college":"Gonzaga",
"ratings":[{"hgt":85,"stre":34,"spd":53,"jmp":57,"endu":43,"ins":43,"dnk":42,"ft":62,"fg":64,"tp":59,"blk":42,"stl":62,"drb":64,"pss":63,"reb":42,"pot":56}],"skills":[]},
{
"tid":-2,
"name":"James Johnson",
"pos":"SF","hgt":81,"weight":245,
"imgURL":"http://a.espncdn.com/i/headshots/nba/players/full/3999.png",
"born":{"year":1987,"loc":"Cheyenne, WY"},"contract":{"amount":"","exp":""},"draft":{"round":"","pick":"","team":"","orig. team":"","year":""},
"college":"Wake Forest",
"ratings":[{"hgt":71,"stre":58,"spd":53,"jmp":57,"endu":53,"ins":43,"dnk":42,"ft":62,"fg":64,"tp":59,"blk":42,"stl":62,"drb":64,"pss":63,"reb":42,"pot":56}],"skills":[]},
{
"tid":-2,
"name":"Jrue Holiday",
"pos":"PG","hgt":75,"weight":180,
"imgURL":"http://a.espncdn.com/i/headshots/nba/players/full/3995.png",
"born":{"year":1990,"loc":"Chatsworth, CA"},"contract":{"amount":"","exp":""},"draft":{"round":"","pick":"","team":"","orig. team":"","year":""},
"college":"UCLA",
"ratings":[{"hgt":28,"stre":43,"spd":78,"jmp":72,"endu":75,"ins":43,"dnk":57,"ft":85,"fg":74,"tp":76,"blk":43,"stl":74,"drb":75,"pss":78,"reb":43,"pot":66}],"skills":[]},
{
"tid":-2,
"name":"Ty Lawson",
"pos":"PG","hgt":71,"weight":195,
"imgURL":"http://a.espncdn.com/i/headshots/nba/players/full/4000.png",
"born":{"year":1987,"loc":"Clinton, MD"},"contract":{"amount":"","exp":""},"draft":{"round":"","pick":"","team":"","orig. team":"","year":""},
"college":"North Carolina",
"ratings":[{"hgt":2,"stre":45,"spd":84,"jmp":73,"endu":74,"ins":43,"dnk":63,"ft":75,"fg":74,"tp":65,"blk":52,"stl":75,"drb":71,"pss":78,"reb":45,"pot":65}],"skills":[]},
{
"tid":-2,
"name":"Jeff Teague",
"pos":"PG","hgt":74,"weight":180,
"imgURL":"http://a.espncdn.com/i/headshots/nba/players/full/4015.png",
"born":{"year":1988,"loc":"Indianapolis, IN"},"contract":{"amount":"","exp":""},"draft":{"round":"","pick":"","team":"","orig. team":"","year":""},
"college":"Wake Forest",
"ratings":[{"hgt":54,"stre":37,"spd":81,"jmp":45,"endu":75,"ins":45,"dnk":67,"ft":75,"fg":74,"tp":84,"blk":43,"stl":63,"drb":67,"pss":75,"reb":42,"pot":64}],"skills":[]},
{
"tid":-2,
"name":"Eric Maynor",
"pos":"GF","hgt":75,"weight":175,
"imgURL":"http://a.espncdn.com/i/headshots/nba/players/full/4001.png",
"born":{"year":1987,"loc":"Raeford, NC"},"contract":{"amount":"","exp":""},"draft":{"round":"","pick":"","team":"","orig. team":"","year":""},
"college":"Virginia Commonwealth",
"ratings":[{"hgt":29,"stre":34,"spd":63,"jmp":70,"endu":60,"ins":33,"dnk":57,"ft":62,"fg":64,"tp":59,"blk":42,"stl":62,"drb":64,"pss":63,"reb":42,"pot":56}],"skills":[]},
{
"tid":-2,
"name":"Darren Collison",
"pos":"PG","hgt":72,"weight":160,
"imgURL":"http://a.espncdn.com/i/headshots/nba/players/full/3973.png",
"born":{"year":1987,"loc":"Rancho Cucamonga, CA"},"contract":{"amount":"","exp":""},"draft":{"round":"","pick":"","team":"","orig. team":"","year":""},
"college":"UCLA",
"ratings":[{"hgt":8,"stre":34,"spd":53,"jmp":57,"endu":63,"ins":43,"dnk":42,"ft":62,"fg":64,"tp":59,"blk":42,"stl":62,"drb":64,"pss":63,"reb":42,"pot":56}],"skills":[]},
{
"tid":-2,
"name":"Victor Claver",
"pos":"SF","hgt":81,"weight":224,
"imgURL":"http://a.espncdn.com/combiner/i?img=/i/headshots/nba/players/full/3972.png&w=350&h=254",
"born":{"year":1988,"loc":"Valencia, Spain"},"contract":{"amount":"","exp":""},"draft":{"round":"","pick":"","team":"","orig. team":"","year":""},
"college":"Kentucky",
"ratings":[{"hgt":71,"stre":34,"spd":53,"jmp":57,"endu":63,"ins":43,"dnk":42,"ft":62,"fg":64,"tp":59,"blk":42,"stl":62,"drb":64,"pss":63,"reb":42,"pot":56}],"skills":[]},
{
"tid":-2,
"name":"Omri Casspi",
"pos":"SF","hgt":81,"weight":225,
"imgURL":"http://a.espncdn.com/combiner/i?img=/i/headshots/nba/players/full/3554.png&w=350&h=254",
"born":{"year":1988,"loc":"Holon, Israel"},"contract":{"amount":"","exp":""},"draft":{"round":"","pick":"","team":"","orig. team":"","year":""},
"college":"Israel",
"ratings":[{"hgt":71,"stre":34,"spd":53,"jmp":57,"endu":63,"ins":43,"dnk":42,"ft":62,"fg":64,"tp":59,"blk":42,"stl":62,"drb":64,"pss":63,"reb":42,"pot":56}],"skills":[]},
{
"tid":-2,
"name":"Byron Mullens",
"pos":"FC","hgt":84,"weight":275,
"imgURL":"http://a.espncdn.com/i/headshots/nba/players/full/4005.png",
"born":{"year":1989,"loc":"Canal Winchester, OH"},"contract":{"amount":"","exp":""},"draft":{"round":"","pick":"","team":"","orig. team":"","year":""},
"college":"Ohio State",
"ratings":[{"hgt":75,"stre":65,"spd":42,"jmp":35,"endu":56,"ins":67,"dnk":62,"ft":64,"fg":52,"tp":18,"blk":65,"stl":43,"drb":37,"pss":43,"reb":67,"pot":55}],"skills":[]},
{
"tid":-2,
"name":"Rodrigue Beaubois",
"pos":"PG","hgt":72,"weight":170,
"imgURL":"http://a.espncdn.com/i/nba/draft2009/headshots/19186.jpg",
"born":{"year":1988,"loc":"Pointe-à-Pitre, France"},"contract":{"amount":"","exp":""},"draft":{"round":"","pick":"","team":"","orig. team":"","year":""},
"college":"France",
"ratings":[{"hgt":43,"stre":34,"spd":96,"jmp":67,"endu":63,"ins":43,"dnk":68,"ft":62,"fg":64,"tp":59,"blk":42,"stl":62,"drb":68,"pss":63,"reb":42,"pot":59}],"skills":[]},
{
"tid":-2,
"name":"Taj Gibson",
"pos":"PF","hgt":81,"weight":225,
"imgURL":"http://a.espncdn.com/combiner/i?img=/i/headshots/nba/players/full/3986.png&w=350&h=254",
"born":{"year":1985,"loc":"Brooklyn, NY"},"contract":{"amount":"","exp":""},"draft":{"round":"","pick":"","team":"","orig. team":"","year":""},
"college":"Soutern California",
"ratings":[{"hgt":75,"stre":78,"spd":56,"jmp":67,"endu":58,"ins":64,"dnk":65,"ft":75,"fg":33,"tp":0,"blk":74,"stl":57,"drb":29,"pss":46,"reb":82,"pot":59}],"skills":[]},
{
"tid":-2,
"name":"DeMarre Carroll",
"pos":"SF","hgt":80,"weight":212,
"imgURL":"http://a.espncdn.com/i/headshots/nba/players/full/3970.png",
"born":{"year":1986,"loc":"Birmingham, AL"},"contract":{"amount":"","exp":""},"draft":{"round":"","pick":"","team":"","orig. team":"","year":""},
"college":"Missouri",
"ratings":[{"hgt":75,"stre":55,"spd":52,"jmp":56,"endu":63,"ins":46,"dnk":68,"ft":64,"fg":72,"tp":28,"blk":75,"stl":43,"drb":37,"pss":43,"reb":64,"pot":58}],"skills":[]},
{
"tid":-2,
"name":"Wayne Ellington",
"pos":"SG","hgt":76,"weight":200,
"imgURL":"http://a.espncdn.com/i/headshots/nba/players/full/3981.png",
"born":{"year":1987,"loc":"Wynnewood, PA"},"contract":{"amount":"","exp":""},"draft":{"round":"","pick":"","team":"","orig. team":"","year":""},
"college":"North Carolina",
"ratings":[{"hgt":43,"stre":34,"spd":53,"jmp":57,"endu":63,"ins":43,"dnk":42,"ft":65,"fg":64,"tp":63,"blk":42,"stl":62,"drb":64,"pss":73,"reb":42,"pot":56}],"skills":[]},
{
"tid":-2,
"name":"Toney Douglas",
"pos":"G","hgt":74,"weight":190,
"imgURL":"http://a.espncdn.com/i/headshots/nba/players/full/3979.png",
"born":{"year":1986,"loc":"Jonesboro, GA"},"contract":{"amount":"","exp":""},"draft":{"round":"","pick":"","team":"","orig. team":"","year":""},
"college":"Florida State",
"ratings":[{"hgt":43,"stre":34,"spd":63,"jmp":67,"endu":55,"ins":33,"dnk":60,"ft":62,"fg":64,"tp":59,"blk":42,"stl":62,"drb":68,"pss":67,"reb":42,"pot":56}],"skills":[]},
{
"tid":-2,
"name":"Christian Eyenga",
"pos":"SF","hgt":77,"weight":210,
"imgURL":"http://a.espncdn.com/combiner/i?img=/i/headshots/nba/players/full/3984.png&w=350&h=254",
"born":{"year":1989,"loc":"Kinshasa, Congo"},"contract":{"amount":"","exp":""},"draft":{"round":"","pick":"","team":"","orig. team":"","year":""},
"college":"Congo",
"ratings":[{"hgt":43,"stre":63,"spd":42,"jmp":57,"endu":57,"ins":53,"dnk":62,"ft":65,"fg":64,"tp":21,"blk":65,"stl":52,"drb":53,"pss":54,"reb":75,"pot":58}],"skills":[]},
{
"tid":-2,
"name":"Jeff Pendergraph",
"pos":"FC","hgt":81,"weight":240,
"imgURL":"http://a.espncdn.com/i/headshots/nba/players/full/4008.png",
"born":{"year":1987,"loc":"Ontario, CA"},"contract":{"amount":"","exp":""},"draft":{"round":"","pick":"","team":"","orig. team":"","year":""},
"college":"Arizona State",
"ratings":[{"hgt":75,"stre":65,"spd":42,"jmp":35,"endu":56,"ins":67,"dnk":62,"ft":64,"fg":52,"tp":18,"blk":65,"stl":43,"drb":37,"pss":43,"reb":67,"pot":55}],"skills":[]},
{
"tid":-2,
"name":"Jermaine Taylor",
"pos":"SG","hgt":76,"weight":210,
"imgURL":"http://a.espncdn.com/i/headshots/nba/players/full/4014.png",
"born":{"year":1986,"loc":"Tavares, FL"},"contract":{"amount":"","exp":""},"draft":{"round":"","pick":"","team":"","orig. team":"","year":""},
"college":"Central Florida",
"ratings":[{"hgt":43,"stre":34,"spd":53,"jmp":57,"endu":63,"ins":43,"dnk":42,"ft":62,"fg":64,"tp":59,"blk":42,"stl":62,"drb":64,"pss":63,"reb":42,"pot":56}],"skills":[]},
{
"tid":-2,
"name":"Dante Cunningham",
"pos":"SF","hgt":80,"weight":230,
"imgURL":"http://a.espncdn.com/i/headshots/nba/players/full/3974.png",
"born":{"year":1987,"loc":"Clinton, MD"},"contract":{"amount":"","exp":""},"draft":{"round":"","pick":"","team":"","orig. team":"","year":""},
"college":"Villanova",
"ratings":[{"hgt":63,"stre":34,"spd":53,"jmp":57,"endu":63,"ins":43,"dnk":42,"ft":62,"fg":64,"tp":59,"blk":42,"stl":62,"drb":64,"pss":63,"reb":42,"pot":56}],"skills":[]},
{
"tid":-2,
"name":"Sergio Llull",
"pos":"G","hgt":75,"weight":190,
"imgURL":"http://basketball.realgm.com/images/nba/4.2/profiles/photos/2006/Llull_Sergio_euro.jpg",
"born":{"year":1987,"loc":"Mao, Spain"},"contract":{"amount":"","exp":""},"draft":{"round":"","pick":"","team":"","orig. team":"","year":""},
"college":"Spain",
"ratings":[{"hgt":29,"stre":34,"spd":53,"jmp":57,"endu":63,"ins":43,"dnk":42,"ft":62,"fg":64,"tp":59,"blk":42,"stl":62,"drb":64,"pss":63,"reb":42,"pot":56}],"skills":[]},
{
"tid":-2,
"name":"DaJuan Summers",
"pos":"SF","hgt":80,"weight":240,
"imgURL":"http://a.espncdn.com/i/headshots/nba/players/full/4012.png",
"born":{"year":1988,"loc":"Baltimore, MD"},"contract":{"amount":"","exp":""},"draft":{"round":"","pick":"","team":"","orig. team":"","year":""},
"college":"Georgetown",
"ratings":[{"hgt":63,"stre":34,"spd":53,"jmp":57,"endu":63,"ins":43,"dnk":42,"ft":62,"fg":64,"tp":59,"blk":42,"stl":62,"drb":64,"pss":63,"reb":42,"pot":56}],"skills":[]},
{
"tid":-2,
"name":"Sam Young",
"pos":"GF","hgt":78,"weight":220,
"imgURL":"http://a.espncdn.com/i/headshots/nba/players/full/4020.png",
"born":{"year":1985,"loc":"Washington, DC"},"contract":{"amount":"","exp":""},"draft":{"round":"","pick":"","team":"","orig. team":"","year":""},
"college":"Pittsburgh",
"ratings":[{"hgt":49,"stre":34,"spd":53,"jmp":57,"endu":63,"ins":43,"dnk":42,"ft":62,"fg":64,"tp":59,"blk":42,"stl":62,"drb":64,"pss":63,"reb":42,"pot":56}],"skills":[]},
{
"tid":-2,
"name":"DeJuan Blair",
"pos":"PF","hgt":79,"weight":265,
"imgURL":"http://a.espncdn.com/i/headshots/nba/players/full/3965.png",
"born":{"year":1989,"loc":"Pittsburgh, PA"},"contract":{"amount":"","exp":""},"draft":{"round":"","pick":"","team":"","orig. team":"","year":""},
"college":"Pittsburgh",
"ratings":[{"hgt":60,"stre":73,"spd":42,"jmp":35,"endu":56,"ins":60,"dnk":62,"ft":64,"fg":52,"tp":0,"blk":65,"stl":43,"drb":37,"pss":43,"reb":67,"pot":55}],"skills":[]},
{
"tid":-2,
"name":"Jon Brockman",
"pos":"FC","hgt":79,"weight":255,
"imgURL":"http://a.espncdn.com/i/headshots/nba/players/full/3966.png",
"born":{"year":1987,"loc":"Snohomish, WA"},"contract":{"amount":"","exp":""},"draft":{"round":"","pick":"","team":"","orig. team":"","year":""},
"college":"Washington",
"ratings":[{"hgt":75,"stre":65,"spd":42,"jmp":35,"endu":56,"ins":67,"dnk":62,"ft":64,"fg":52,"tp":18,"blk":65,"stl":43,"drb":37,"pss":43,"reb":67,"pot":55}],"skills":[]},
{
"tid":-2,
"name":"Jonas Jerebko",
"pos":"PF","hgt":82,"weight":231,
"imgURL":"http://a.espncdn.com/i/nba/draft2009/headshots/19303.jpg",
"born":{"year":1987,"loc":"Kinna, Sweden"},"contract":{"amount":"","exp":""},"draft":{"round":"","pick":"","team":"","orig. team":"","year":""},
"college":"Sweden",
"ratings":[{"hgt":75,"stre":55,"spd":42,"jmp":35,"endu":56,"ins":67,"dnk":62,"ft":64,"fg":52,"tp":18,"blk":65,"stl":43,"drb":37,"pss":43,"reb":67,"pot":55}],"skills":[]},
{
"tid":-2,
"name":"Derrick Brown",
"pos":"SF","hgt":79,"weight":225,
"imgURL":"http://a.espncdn.com/i/headshots/nba/players/full/3967.png",
"born":{"year":1987,"loc":"Oakland, CA"},"contract":{"amount":"","exp":""},"draft":{"round":"","pick":"","team":"","orig. team":"","year":""},
"college":"Xavier",
"ratings":[{"hgt":43,"stre":34,"spd":53,"jmp":57,"endu":63,"ins":43,"dnk":42,"ft":62,"fg":64,"tp":59,"blk":42,"stl":62,"drb":54,"pss":63,"reb":42,"pot":56}],"skills":[]},
{
"tid":-2,
"name":"Jodie Meeks",
"pos":"SG","hgt":76,"weight":208,
"imgURL":"http://a.espncdn.com/i/headshots/nba/players/full/4003.png",
"born":{"year":1987,"loc":"Norcross, GA"},"contract":{"amount":"","exp":""},"draft":{"round":"","pick":"","team":"","orig. team":"","year":""},
"college":"Kentucky",
"ratings":[{"hgt":35,"stre":36,"spd":67,"jmp":43,"endu":55,"ins":25,"dnk":54,"ft":75,"fg":75,"tp":80,"blk":45,"stl":63,"drb":60,"pss":58,"reb":35,"pot":58}],"skills":[]},
{
"tid":-2,
"name":"Patrick Beverley",
"pos":"G","hgt":73,"weight":180,
"imgURL":"http://a.espncdn.com/i/headshots/nba/players/full/3964.png",
"born":{"year":1988,"loc":"Chicago, IL"},"contract":{"amount":"","exp":""},"draft":{"round":"","pick":"","team":"","orig. team":"","year":""},
"college":"Arkansas",
"ratings":[{"hgt":14,"stre":42,"spd":75,"jmp":63,"endu":65,"ins":45,"dnk":74,"ft":75,"fg":75,"tp":85,"blk":45,"stl":63,"drb":65,"pss":78,"reb":45,"pot":63}],"skills":[]},
{
"tid":-2,
"name":"Marcus Thornton",
"pos":"SG","hgt":76,"weight":205,
"imgURL":"http://a.espncdn.com/i/headshots/nba/players/full/4017.png",
"born":{"year":1987,"loc":"Baton Rouge, LA"},"contract":{"amount":"","exp":""},"draft":{"round":"","pick":"","team":"","orig. team":"","year":""},
"college":"LSU",
"ratings":[{"hgt":36,"stre":34,"spd":53,"jmp":57,"endu":63,"ins":43,"dnk":42,"ft":62,"fg":64,"tp":59,"blk":42,"stl":62,"drb":64,"pss":63,"reb":42,"pot":56}],"skills":[]},
{
"tid":-2,
"name":"Chase Budinger",
"pos":"SF","hgt":79,"weight":218,
"imgURL":"http://a.espncdn.com/i/headshots/nba/players/full/3968.png",
"born":{"year":1988,"loc":"Encinitas, CA"},"contract":{"amount":"","exp":""},"draft":{"round":"","pick":"","team":"","orig. team":"","year":""},
"college":"Arizona",
"ratings":[{"hgt":76,"stre":53,"spd":43,"jmp":60,"endu":47,"ins":53,"dnk":50,"ft":74,"fg":76,"tp":72,"blk":50,"stl":54,"drb":42,"pss":42,"reb":57,"pot":54}],"skills":[]},
{
"tid":-2,
"name":"Nick Calathes",
"pos":"SG","hgt":78,"weight":213,
"imgURL":"http://a.espncdn.com/i/headshots/nba/players/full/3969.png",
"born":{"year":1989,"loc":"Casselberry, FL"},"contract":{"amount":"","exp":""},"draft":{"round":"","pick":"","team":"","orig. team":"","year":""},
"college":"Florida",
"ratings":[{"hgt":43,"stre":34,"spd":53,"jmp":57,"endu":63,"ins":43,"dnk":42,"ft":62,"fg":64,"tp":59,"blk":42,"stl":62,"drb":64,"pss":63,"reb":42,"pot":56}],"skills":[]},
{
"tid":-2,
"name":"Danny Green",
"pos":"SG","hgt":78,"weight":210,
"imgURL":"http://a.espncdn.com/i/headshots/nba/players/full/3988.png",
"born":{"year":1987,"loc":"North Babylon, NY"},"contract":{"amount":"","exp":""},"draft":{"round":"","pick":"","team":"","orig. team":"","year":""},
"college":"North Carolina",
"ratings":[{"hgt":53,"stre":42,"spd":71,"jmp":42,"endu":55,"ins":33,"dnk":57,"ft":76,"fg":68,"tp":76,"blk":32,"stl":63,"drb":60,"pss":60,"reb":47,"pot":58}],"skills":[]},
{
"tid":-2,
"name":"Henk Norel",
"pos":"FC","hgt":84,"weight":230,
"imgURL":"http://basketball.realgm.com/images/nba/4.2/profiles/photos/2006/Norel_Henk_ACB.jpg",
"born":{"year":1987,"loc":"Gorinchem, Netherlands"},"contract":{"amount":"","exp":""},"draft":{"round":"","pick":"","team":"","orig. team":"","year":""},
"college":"Netherlands",
"ratings":[{"hgt":92,"stre":59,"spd":42,"jmp":35,"endu":46,"ins":57,"dnk":52,"ft":64,"fg":42,"tp":0,"blk":65,"stl":43,"drb":37,"pss":43,"reb":63,"pot":52}],"skills":[]},
{
"tid":-2,
"name":"Taylor Griffin",
"pos":"SF","hgt":79,"weight":238,
"imgURL":"http://a.espncdn.com/i/headshots/nba/players/full/3990.png",
"born":{"year":1986,"loc":"Oklahoma City, OK"},"contract":{"amount":"","exp":""},"draft":{"round":"","pick":"","team":"","orig. team":"","year":""},
"college":"Oklahoma",
"ratings":[{"hgt":43,"stre":34,"spd":53,"jmp":57,"endu":63,"ins":43,"dnk":42,"ft":62,"fg":64,"tp":59,"blk":42,"stl":62,"drb":64,"pss":63,"reb":42,"pot":56}],"skills":[]},
{
"tid":-2,
"name":"Sergiy Gladyr",
"pos":"G","hgt":77,"weight":190,
"imgURL":"http://basketball.realgm.com/images/nba/4.2/profiles/photos/2006/Gladyr_Sergii_euro.jpg",
"born":{"year":1989,"loc":"Mykolaiv, Ukraine"},"contract":{"amount":"","exp":""},"draft":{"round":"","pick":"","team":"","orig. team":"","year":""},
"college":"Ukraine",
"ratings":[{"hgt":43,"stre":34,"spd":53,"jmp":57,"endu":63,"ins":43,"dnk":42,"ft":62,"fg":64,"tp":59,"blk":42,"stl":62,"drb":64,"pss":63,"reb":42,"pot":50}],"skills":[]},
{
"tid":-2,
"name":"Goran Suton",
"pos":"C","hgt":80,"weight":245,
"imgURL":"http://www.euroleague.net/rs/35086/b5de75e9-26b9-4125-bb5c-30691cab4e9b/b89/filename/b5d.jpg",
"born":{"year":1985,"loc":"Sarajevo, Bosnia"},"contract":{"amount":"","exp":""},"draft":{"round":"","pick":"","team":"","orig. team":"","year":""},
"college":"Michigan State",
"ratings":[{"hgt":75,"stre":65,"spd":42,"jmp":35,"endu":56,"ins":67,"dnk":62,"ft":64,"fg":52,"tp":18,"blk":65,"stl":43,"drb":37,"pss":43,"reb":67,"pot":50}],"skills":[]},
{
"tid":-2,
"name":"Jack McClinton",
"pos":"G","hgt":73,"weight":185,
"imgURL":"http://image.cdnllnwnl.xosnetwork.com/pics32/200/VL/VLHGKTXBJROGELO.20120727041004.jpeg",
"born":{"year":1985,"loc":"Baltimore, MD"},"contract":{"amount":"","exp":""},"draft":{"round":"","pick":"","team":"","orig. team":"","year":""},
"college":"Miami (FL)",
"ratings":[{"hgt":23,"stre":34,"spd":53,"jmp":57,"endu":63,"ins":43,"dnk":42,"ft":62,"fg":64,"tp":59,"blk":42,"stl":62,"drb":64,"pss":63,"reb":42,"pot":46}],"skills":[]},
{
"tid":-2,
"name":"A.J. Price",
"pos":"G","hgt":74,"weight":181,
"imgURL":"http://a.espncdn.com/i/headshots/nba/players/full/4010.png",
"born":{"year":1986,"loc":"Orange, NJ"},"contract":{"amount":"","exp":""},"draft":{"round":"","pick":"","team":"","orig. team":"","year":""},
"college":"Connecticut",
"ratings":[{"hgt":43,"stre":34,"spd":53,"jmp":57,"endu":63,"ins":43,"dnk":42,"ft":62,"fg":64,"tp":59,"blk":42,"stl":62,"drb":64,"pss":63,"reb":42,"pot":56}],"skills":[]},
{
"tid":-2,
"name":"Nando De Colo",
"pos":"G","hgt":77,"weight":200,
"imgURL":"http://a.espncdn.com/i/nba/draft2009/headshots/19286.jpg",
"born":{"year":1987,"loc":"Sainte-Catherine-les-Arras, France"},"contract":{"amount":"","exp":""},"draft":{"round":"","pick":"","team":"","orig. team":"","year":""},
"college":"France",
"ratings":[{"hgt":43,"stre":34,"spd":53,"jmp":57,"endu":63,"ins":43,"dnk":42,"ft":62,"fg":64,"tp":59,"blk":42,"stl":62,"drb":64,"pss":63,"reb":42,"pot":56}],"skills":[]},
{
"tid":-2,
"name":"Robert Vaden",
"pos":"SG","hgt":77,"weight":220,
"imgURL":"http://d.yimg.com/a/p/sp/rivals/full.47277/ddf5c3ef50244488f3db4fce1df59930/robert-vaden.jpg",
"born":{"year":1985,"loc":"Indianapolis, IN"},"contract":{"amount":"","exp":""},"draft":{"round":"","pick":"","team":"","orig. team":"","year":""},
"college":"Alabama-Birmingham",
"ratings":[{"hgt":43,"stre":34,"spd":53,"jmp":57,"endu":63,"ins":43,"dnk":42,"ft":62,"fg":64,"tp":59,"blk":42,"stl":62,"drb":64,"pss":63,"reb":42,"pot":47}],"skills":[]},
{
"tid":-2,
"name":"Patrick Mills",
"pos":"PG","hgt":72,"weight":185,
"imgURL":"http://a.espncdn.com/i/headshots/nba/players/full/4004.png",
"born":{"year":1988,"loc":"Canberra, Australia"},"contract":{"amount":"","exp":""},"draft":{"round":"","pick":"","team":"","orig. team":"","year":""},
"college":"Saint Mary's",
"ratings":[{"hgt":12,"stre":42,"spd":62,"jmp":57,"endu":63,"ins":43,"dnk":42,"ft":62,"fg":64,"tp":59,"blk":42,"stl":62,"drb":64,"pss":63,"reb":42,"pot":56}],"skills":[]},
{
"tid":-2,
"name":"Ahmad Nivins",
"pos":"F","hgt":81,"weight":207,
"imgURL":"http://images.larepubliquedespyrenees.fr/images/2013/07/21/ahmad-nivins-arrive-de-poitiers-ou-il-tournait-la-saison_961429.JPG",
"born":{"year":1987,"loc":"Jersey City, NJ"},"contract":{"amount":"","exp":""},"draft":{"round":"","pick":"","team":"","orig. team":"","year":""},
"college":"Saint Joseph's",
"ratings":[{"hgt":75,"stre":65,"spd":42,"jmp":35,"endu":56,"ins":67,"dnk":62,"ft":64,"fg":52,"tp":18,"blk":65,"stl":43,"drb":37,"pss":43,"reb":67,"pot":48}],"skills":[]},
{
"tid":-2,
"name":"Emir Preldzic",
"pos":"SF","hgt":81,"weight":220,
"imgURL":"http://i.imgur.com/SZEfGYk.png",
"born":{"year":1987,"loc":"Zenica, Bosnia"},"contract":{"amount":"","exp":""},"draft":{"round":"","pick":"","team":"","orig. team":"","year":""},
"college":"Turkey",
"ratings":[{"hgt":71,"stre":34,"spd":53,"jmp":57,"endu":63,"ins":43,"dnk":42,"ft":62,"fg":64,"tp":59,"blk":42,"stl":62,"drb":64,"pss":63,"reb":42,"pot":56}],"skills":[]},
{
"tid":-2,
"name":"Lester Hudson",
"pos":"PG","hgt":75,"weight":190,
"imgURL":"http://a.espncdn.com/i/headshots/nba/players/full/3996.png",
"born":{"year":1984,"loc":"Memphis, TN"},"contract":{"amount":"","exp":""},"draft":{"round":"","pick":"","team":"","orig. team":"","year":""},
"college":"Tennessee-Martin",
"ratings":[{"hgt":29,"stre":34,"spd":53,"jmp":57,"endu":63,"ins":43,"dnk":42,"ft":62,"fg":64,"tp":59,"blk":42,"stl":62,"drb":64,"pss":63,"reb":42,"pot":53}],"skills":[]},
{
"tid":-2,
"name":"Chinemelu Elonu",
"pos":"C","hgt":82,"weight":235,
"imgURL":"http://basketball.realgm.com/images/nba/4.2/profiles/photos/2006/Elonu_Chinemelu_ncaa.jpg",
"born":{"year":1987,"loc":"Enugu, Nigeria"},"contract":{"amount":"","exp":""},"draft":{"round":"","pick":"","team":"","orig. team":"","year":""},
"college":"Texas A&M",
"ratings":[{"hgt":78,"stre":65,"spd":42,"jmp":35,"endu":56,"ins":57,"dnk":52,"ft":64,"fg":22,"tp":18,"blk":65,"stl":43,"drb":17,"pss":43,"reb":67,"pot":52}],"skills":[]},
{
"tid":-2,
"name":"Robert Dozier",
"pos":"PF","hgt":81,"weight":215,
"imgURL":"http://a.espncdn.com/combiner/i?img=/i/headshots/nba/players/full/3980.png&w=350&h=254",
"born":{"year":1985,"loc":"Lithonia, GA"},"contract":{"amount":"","exp":""},"draft":{"round":"","pick":"","team":"","orig. team":"","year":""},
"college":"Memphis",
"ratings":[{"hgt":71,"stre":65,"spd":42,"jmp":35,"endu":46,"ins":67,"dnk":62,"ft":64,"fg":52,"tp":18,"blk":65,"stl":43,"drb":37,"pss":43,"reb":67,"pot":45}],"skills":[]},
{
"tid":-2,
"name":"Alonzo Gee",
"pos":"SF","hgt":78,"weight":219,
"imgURL":"http://basketball.realgm.com/images/nba/4.2/profiles/photos/2006/Gee_Alonzo_den14.jpg",
"born":{"year":1987,"loc":"Riviera Beach, FL"},"contract":{"amount":"","exp":""},"draft":{"round":"","pick":"","team":"","orig. team":"","year":""},
"college":"Alabama",
"ratings":[{"hgt":43,"stre":34,"spd":53,"jmp":57,"endu":56,"ins":43,"dnk":42,"ft":62,"fg":64,"tp":59,"blk":42,"stl":62,"drb":64,"pss":63,"reb":42,"pot":53}],"skills":[]},
{
"tid":-2,
"name":"Wesley Matthews",
"pos":"G","hgt":77,"weight":214,
"imgURL":"http://basketball.realgm.com/images/nba/4.2/profiles/photos/2006/Matthews_Wesley_por14.jpg",
"born":{"year":1986,"loc":"San Antonio, TX"},"contract":{"amount":"","exp":""},"draft":{"round":"","pick":"","team":"","orig. team":"","year":""},
"college":"Marquette",
"ratings":[{"hgt":45,"stre":52,"spd":75,"jmp":73,"endu":60,"ins":57,"dnk":56,"ft":84,"fg":81,"tp":67,"blk":31,"stl":63,"drb":64,"pss":53,"reb":38,"pot":65}],"skills":[]},
{
"tid":-2,
"name":"Jeff Adrien",
"pos":"F","hgt":79,"weight":245,
"imgURL":"http://basketball.realgm.com/images/nba/4.2/profiles/photos/2006/Adrien_Jeff_hou14.jpg",
"born":{"year":1986,"loc":"Brookline, MA"},"contract":{"amount":"","exp":""},"draft":{"round":"","pick":"","team":"","orig. team":"","year":""},
"college":"Connecticut",
"ratings":[{"hgt":57,"stre":62,"spd":53,"jmp":57,"endu":63,"ins":43,"dnk":42,"ft":62,"fg":64,"tp":59,"blk":42,"stl":62,"drb":44,"pss":47,"reb":42,"pot":56}],"skills":[]},
{
"tid":-2,
"name":"Garrett Temple",
"pos":"G","hgt":78,"weight":195,
"imgURL":"http://basketball.realgm.com/images/nba/4.2/profiles/photos/2006/Temple_Garrett_was14.jpg",
"born":{"year":1986,"loc":"Baton Rouge, LA"},"contract":{"amount":"","exp":""},"draft":{"round":"","pick":"","team":"","orig. team":"","year":""},
"college":"LSU",
"ratings":[{"hgt":43,"stre":34,"spd":53,"jmp":57,"endu":63,"ins":43,"dnk":42,"ft":62,"fg":64,"tp":59,"blk":42,"stl":62,"drb":64,"pss":63,"reb":42,"pot":51}],"skills":[]},
{
"tid":-2,
"name":"Chris Johnson",
"pos":"C","hgt":83,"weight":210,
"imgURL":"http://basketball.realgm.com/images/nba/4.2/profiles/photos/2006/Johnson_Chris_mia14.jpg",
"born":{"year":1985,"loc":"Washington, DC"},"contract":{"amount":"","exp":""},"draft":{"round":"","pick":"","team":"","orig. team":"","year":""},
"college":"LSU",
"ratings":[{"hgt":85,"stre":65,"spd":42,"jmp":35,"endu":46,"ins":57,"dnk":52,"ft":64,"fg":52,"tp":0,"blk":65,"stl":43,"drb":27,"pss":33,"reb":67,"pot":47}],"skills":[]},
{
"tid":-2,
"name":"Aron Baynes",
"pos":"C","hgt":82,"weight":260,
"imgURL":"http://basketball.realgm.com/images/nba/4.2/profiles/photos/2006/Baynes_Aron_sas14.jpg",
"born":{"year":1986,"loc":"Gisborne, New Zealand"},"contract":{"amount":"","exp":""},"draft":{"round":"","pick":"","team":"","orig. team":"","year":""},
"college":"Washington State",
"ratings":[{"hgt":78,"stre":65,"spd":42,"jmp":35,"endu":56,"ins":67,"dnk":62,"ft":64,"fg":52,"tp":18,"blk":65,"stl":43,"drb":37,"pss":43,"reb":67,"pot":52}],"skills":[]},
{
"tid":-2,
"name":"Justin Dentmon",
"pos":"PG","hgt":72,"weight":185,
"imgURL":"http://basketball.realgm.com/images/nba/4.2/profiles/photos/2006/Dentmon_Justin_ncaa_uw.jpg",
"born":{"year":1985,"loc":"Carbondale, IL"},"contract":{"amount":"","exp":""},"draft":{"round":"","pick":"","team":"","orig. team":"","year":""},
"college":"Washington",
"ratings":[{"hgt":7,"stre":34,"spd":53,"jmp":57,"endu":63,"ins":43,"dnk":42,"ft":62,"fg":64,"tp":59,"blk":42,"stl":62,"drb":64,"pss":63,"reb":42,"pot":48}],"skills":[]},
{
"tid":-2,
"name":"Terrel Harris",
"pos":"SF","hgt":77,"weight":190,
"imgURL":"http://basketball.realgm.com/images/nba/4.2/profiles/photos/2006/Harris_Terrel_MIA.jpg",
"born":{"year":1987,"loc":"Dallas, TX"},"contract":{"amount":"","exp":""},"draft":{"round":"","pick":"","team":"","orig. team":"","year":""},
"college":"Oklahoma State",
"ratings":[{"hgt":43,"stre":34,"spd":53,"jmp":57,"endu":63,"ins":43,"dnk":42,"ft":62,"fg":64,"tp":59,"blk":42,"stl":62,"drb":64,"pss":63,"reb":42,"pot":50}],"skills":[]},
{
"tid":-2,
"name":"Luigi Datome",
"pos":"SF","hgt":80,"weight":215,
"imgURL":"http://a.espncdn.com/combiner/i?img=/i/headshots/nba/players/full/2585629.png&w=350&h=254",
"born":{"year":1987,"loc":"Montebelluna, Italy"},"contract":{"amount":"","exp":""},"draft":{"round":"","pick":"","team":"","orig. team":"","year":""},
"college":"Italy",
"ratings":[{"hgt":64,"stre":34,"spd":53,"jmp":50,"endu":53,"ins":23,"dnk":52,"ft":62,"fg":64,"tp":59,"blk":42,"stl":52,"drb":44,"pss":53,"reb":42,"pot":53}],"skills":[]},
{
"tid":-2,
"name":"Jeremy Pargo",
"pos":"PG","hgt":74,"weight":219,
"imgURL":"http://basketball.realgm.com/images/nba/4.2/profiles/photos/2006/Pargo_Jeremy_CLE.jpg",
"born":{"year":1986,"loc":"Chicago, IL"},"contract":{"amount":"","exp":""},"draft":{"round":"","pick":"","team":"","orig. team":"","year":""},
"college":"Gonzaga",
"ratings":[{"hgt":21,"stre":34,"spd":63,"jmp":57,"endu":43,"ins":23,"dnk":52,"ft":18,"fg":64,"tp":49,"blk":12,"stl":62,"drb":64,"pss":63,"reb":22,"pot":51}],"skills":[]},
{
"tid":-2,
"name":"Vitor Faverani",
"pos":"FC","hgt":83,"weight":260,
"imgURL":"http://basketball.realgm.com/images/nba/4.2/profiles/photos/2006/Faverani_Vitor_bos14.jpg",
"born":{"year":1988,"loc":"Porto Alegre, Brazil"},"contract":{"amount":"","exp":""},"draft":{"round":"","pick":"","team":"","orig. team":"","year":""},
"college":"Brazil",
"ratings":[{"hgt":85,"stre":75,"spd":42,"jmp":35,"endu":46,"ins":64,"dnk":62,"ft":20,"fg":50,"tp":38,"blk":74,"stl":43,"drb":27,"pss":36,"reb":73,"pot":55}],"skills":[]}]
}