{"startingSeason":1994,"players":[{"tid":-2,"name":"Glenn Robinson","pos":"SF","hgt":79,"weight":225,"imgURL":"http://a.espncdn.com/i/headshots/nba/players/65/717.jpg","born":{"year":1973,"loc":"Gary, IN"},"contract":{"amount":"","exp":""},"draft":{"round":"","pick":"","team":"","orig. team":"","year":"1994"},"college":"Purdue","ratings":[{"hgt":57,"stre":58,"spd":72,"jmp":75,"endu":72,"ins":84,"dnk":75,"ft":54,"fg":88,"tp":70,"blk":44,"stl":65,"drb":45,"pss":56,"reb":65,"pot":79}],"skills":[]},{"tid":-2,"name":"Jason Kidd","pos":"PG","hgt":76,"weight":205,"imgURL":"http://thesportsgeeks.com/wp-content/uploads/2012/07/kiddrookie.jpeg","born":{"year":1973,"loc":"San Francisco, CA"},"contract":{"amount":"","exp":""},"draft":{"round":"","pick":"","team":"","orig. team":"","year":"1994"},"college":"California","ratings":[{"hgt":38,"stre":54,"spd":78,"jmp":68,"endu":74,"ins":50,"dnk":66,"ft":75,"fg":48,"tp":57,"blk":43,"stl":69,"drb":86,"pss":83,"reb":76,"pot":79}],"skills":[]},{"tid":-2,"name":"Grant Hill","pos":"SF","hgt":80,"weight":225,"imgURL":"http://a.espncdn.com/combiner/i?img=/i/headshots/nba/players/full/336.png&w=350&h=254","born":{"year":1972,"loc":"Dallas, TX"},"contract":{"amount":"","exp":""},"draft":{"round":"","pick":"","team":"","orig. team":"","year":"1994"},"college":"Duke","ratings":[{"hgt":67,"stre":54,"spd":74,"jmp":75,"endu":67,"ins":45,"dnk":54,"ft":87,"fg":84,"tp":74,"blk":34,"stl":66,"drb":74,"pss":84,"reb":74,"pot":81}],"skills":[]},{"tid":-2,"name":"Donyell Marshall","pos":"F","hgt":81,"weight":218,"imgURL":"http://www.tc-collector.com/Users/55/Img/Collection/Carte/2100_55-20111229171354_front.jpg","born":{"year":1973,"loc":"Reading, PA"},"contract":{"amount":"","exp":""},"draft":{"round":"","pick":"","team":"","orig. team":"","year":"1994"},"college":"Connecticut","ratings":[{"hgt":70,"stre":65,"spd":67,"jmp":65,"endu":63,"ins":65,"dnk":67,"ft":65,"fg":59,"tp":65,"blk":45,"stl":65,"drb":46,"pss":65,"reb":58,"pot":67}],"skills":[]},{"tid":-2,"name":"Juwan Howard","pos":"F","hgt":81,"weight":240,"imgURL":"http://a.espncdn.com/combiner/i?img=/i/headshots/nba/players/full/351.png&w=350&h=254","born":{"year":1973,"loc":"Chicago, IL"},"contract":{"amount":"","exp":""},"draft":{"round":"","pick":"","team":"","orig. team":"","year":"1994"},"college":"Michigan","ratings":[{"hgt":78,"stre":73,"spd":54,"jmp":56,"endu":64,"ins":76,"dnk":74,"ft":64,"fg":54,"tp":23,"blk":54,"stl":65,"drb":35,"pss":64,"reb":45,"pot":70}],"skills":[]},{"tid":-2,"name":"Sharone Wright","pos":"C","hgt":83,"weight":260,"imgURL":"http://www.thedraftreview.com/history/drafted1994/images/sharone-wright.jpg","born":{"year":1973,"loc":"Macon, GA"},"contract":{"amount":"","exp":""},"draft":{"round":"","pick":"","team":"","orig. team":"","year":"1994"},"college":"Clemson","ratings":[{"hgt":81,"stre":65,"spd":53,"jmp":64,"endu":56,"ins":65,"dnk":45,"ft":65,"fg":45,"tp":6,"blk":75,"stl":66,"drb":47,"pss":55,"reb":67,"pot":59}],"skills":[]},{"tid":-2,"name":"Lamond Murray","pos":"SF","hgt":79,"weight":236,"imgURL":"http://a.espncdn.com/i/headshots/nba/players/65/586.jpg","born":{"year":1973,"loc":"Pasadena, CA"},"contract":{"amount":"","exp":""},"draft":{"round":"","pick":"","team":"","orig. team":"","year":"1994"},"college":"California","ratings":[{"hgt":63,"stre":36,"spd":70,"jmp":71,"endu":68,"ins":45,"dnk":77,"ft":52,"fg":65,"tp":76,"blk":45,"stl":61,"drb":60,"pss":57,"reb":64,"pot":61}],"skills":[]},{"tid":-2,"name":"Brian Grant","pos":"PF","hgt":81,"weight":254,"imgURL":"http://assets.espn.go.com/i/headshots/nba/players/65/280.jpg","born":{"year":1972,"loc":"Columbus, OH"},"contract":{"amount":"","exp":""},"draft":{"round":"","pick":"","team":"","orig. team":"","year":"1994"},"college":"Xavier","ratings":[{"hgt":73,"stre":75,"spd":55,"jmp":63,"endu":63,"ins":65,"dnk":69,"ft":65,"fg":45,"tp":25,"blk":53,"stl":56,"drb":35,"pss":44,"reb":86,"pot":62}],"skills":[]},{"tid":-2,"name":"Eric Montross","pos":"C","hgt":84,"weight":270,"imgURL":"http://a.espncdn.com/i/headshots/nba/players/65/571.jpg","born":{"year":1971,"loc":"Indianapolis, IN"},"contract":{"amount":"","exp":""},"draft":{"round":"","pick":"","team":"","orig. team":"","year":"1994"},"college":"North Carolina","ratings":[{"hgt":89,"stre":72,"spd":39,"jmp":35,"endu":54,"ins":63,"dnk":66,"ft":2,"fg":46,"tp":0,"blk":76,"stl":46,"drb":24,"pss":50,"reb":70,"pot":57}],"skills":[]},{"tid":-2,"name":"Eddie Jones","pos":"GF","hgt":78,"weight":190,"imgURL":"http://a.espncdn.com/i/headshots/nba/players/65/402.jpg","born":{"year":1971,"loc":"Pompano Beach, FL"},"contract":{"amount":"","exp":""},"draft":{"round":"","pick":"","team":"","orig. team":"","year":"1994"},"college":"Temple","ratings":[{"hgt":54,"stre":45,"spd":68,"jmp":74,"endu":63,"ins":65,"dnk":73,"ft":57,"fg":46,"tp":61,"blk":54,"stl":65,"drb":66,"pss":54,"reb":64,"pot":68}],"skills":[]},{"tid":-2,"name":"Carlos Rogers","pos":"FC","hgt":83,"weight":220,"imgURL":"http://basketball.realgm.com/images/nba/4.2/profiles/photos/2006/Rogers_Carlos_nba.jpg","born":{"year":1971,"loc":"Detroit, MI"},"contract":{"amount":"","exp":""},"draft":{"round":"","pick":"","team":"","orig. team":"","year":"1994"},"college":"Tennessee State","ratings":[{"hgt":85,"stre":50,"spd":53,"jmp":65,"endu":54,"ins":65,"dnk":46,"ft":34,"fg":54,"tp":65,"blk":76,"stl":55,"drb":45,"pss":76,"reb":46,"pot":56}],"skills":[]},{"tid":-2,"name":"Khalid Reeves","pos":"PG","hgt":75,"weight":199,"imgURL":"http://thedraftreview.com/history/drafted1994/images/khalid-reeves.jpg","born":{"year":1972,"loc":"Queens, NY"},"contract":{"amount":"","exp":""},"draft":{"round":"","pick":"","team":"","orig. team":"","year":"1994"},"college":"Arizona","ratings":[{"hgt":29,"stre":38,"spd":64,"jmp":46,"endu":45,"ins":34,"dnk":65,"ft":76,"fg":46,"tp":76,"blk":64,"stl":46,"drb":70,"pss":65,"reb":44,"pot":58}],"skills":[]},{"tid":-2,"name":"Jalen Rose","pos":"GF","hgt":80,"weight":210,"imgURL":"http://www.tradingcarddb.com/Images/Cards/Basketball/2267/2267-2998738Fr.jpg","born":{"year":1973,"loc":"Detroit, MI"},"contract":{"amount":"","exp":""},"draft":{"round":"","pick":"","team":"","orig. team":"","year":"1994"},"college":"Michigan","ratings":[{"hgt":66,"stre":55,"spd":72,"jmp":64,"endu":58,"ins":62,"dnk":66,"ft":65,"fg":76,"tp":55,"blk":65,"stl":72,"drb":61,"pss":66,"reb":44,"pot":68}],"skills":[]},{"tid":-2,"name":"Yinka Dare","pos":"C","hgt":84,"weight":265,"imgURL":"http://a.espncdn.com/media/nba/2004/0110/photo/g_dare_vi.jpg","born":{"year":1972,"loc":"Kano, Nigeria"},"contract":{"amount":"","exp":""},"draft":{"round":"","pick":"","team":"","orig. team":"","year":"1994"},"college":"George Washington","ratings":[{"hgt":85,"stre":81,"spd":33,"jmp":60,"endu":60,"ins":56,"dnk":55,"ft":76,"fg":46,"tp":0,"blk":76,"stl":46,"drb":21,"pss":1,"reb":72,"pot":58}],"skills":[]},{"tid":-2,"name":"Eric Piatkowski","pos":"GF","hgt":79,"weight":215,"imgURL":"http://a.espncdn.com/i/headshots/nba/players/65/660.jpg","born":{"year":1970,"loc":"Steubenville, OH"},"contract":{"amount":"","exp":""},"draft":{"round":"","pick":"","team":"","orig. team":"","year":"1994"},"college":"Nebraska","ratings":[{"hgt":54,"stre":35,"spd":55,"jmp":63,"endu":56,"ins":35,"dnk":65,"ft":86,"fg":76,"tp":82,"blk":25,"stl":53,"drb":55,"pss":35,"reb":55,"pot":58}],"skills":[]},{"tid":-2,"name":"Clifford Rozier","pos":"C","hgt":83,"weight":245,"imgURL":"http://www.straitpinkie.com/wp-content/uploads/2010/06/rozier1.jpg","born":{"year":1972,"loc":"Bradenton, FL"},"contract":{"amount":"","exp":""},"draft":{"round":"","pick":"","team":"","orig. team":"","year":"1994"},"ratings":[{"hgt":85,"stre":69,"spd":50,"jmp":66,"endu":55,"ins":76,"dnk":46,"ft":56,"fg":45,"tp":15,"blk":65,"stl":76,"drb":36,"pss":34,"reb":80,"pot":58}],"skills":[]},{"tid":-2,"name":"Aaron McKie","pos":"GF","hgt":77,"weight":209,"imgURL":"http://www.tradingcarddb.com/Images/Cards/Basketball/2234/2234-679104Fr.jpg","born":{"year":1972,"loc":"Philadelphia, PA"},"contract":{"amount":"","exp":""},"draft":{"round":"","pick":"","team":"","orig. team":"","year":"1994"},"college":"Temple","ratings":[{"hgt":44,"stre":46,"spd":60,"jmp":65,"endu":58,"ins":44,"dnk":56,"ft":80,"fg":64,"tp":65,"blk":42,"stl":69,"drb":65,"pss":64,"reb":55,"pot":62}],"skills":[]},{"tid":-2,"name":"Eric Mobley","pos":"C","hgt":83,"weight":235,"imgURL":"http://www.tradingcarddb.com/Images/Cards/Basketball/2462/2462-349Fr.jpg","born":{"year":1970,"loc":"The Bronx, NY"},"contract":{"amount":"","exp":""},"draft":{"round":"","pick":"","team":"","orig. team":"","year":"1994"},"ratings":[{"hgt":84,"stre":80,"spd":39,"jmp":44,"endu":54,"ins":65,"dnk":66,"ft":46,"fg":56,"tp":5,"blk":69,"stl":46,"drb":46,"pss":37,"reb":66,"pot":54}],"skills":[]},{"tid":-2,"name":"Tony Dumas","pos":"SG","hgt":78,"weight":190,"imgURL":"http://www.cavshistory.com/images/players/Tony_Dumas.jpg","born":{"year":1972,"loc":"Chicago, IL"},"contract":{"amount":"","exp":""},"draft":{"round":"","pick":"","team":"","orig. team":"","year":"1994"},"college":"UMKC","ratings":[{"hgt":54,"stre":34,"spd":65,"jmp":54,"endu":65,"ins":24,"dnk":65,"ft":35,"fg":65,"tp":45,"blk":65,"stl":66,"drb":45,"pss":65,"reb":45,"pot":53}],"skills":[]},{"tid":-2,"name":"B.J. Tyler","pos":"PG","hgt":73,"weight":185,"imgURL":"http://www.tradingcarddb.com/Images/Cards/Basketball/2234/2234-679090Fr.jpg","born":{"year":1971,"loc":"Galveston, TX"},"contract":{"amount":"","exp":""},"draft":{"round":"","pick":"","team":"","orig. team":"","year":"1994"},"ratings":[{"hgt":15,"stre":35,"spd":68,"jmp":45,"endu":57,"ins":34,"dnk":54,"ft":65,"fg":55,"tp":65,"blk":35,"stl":65,"drb":69,"pss":65,"reb":35,"pot":55}],"skills":[]},{"tid":-2,"name":"Dickey Simpkins","pos":"FC","hgt":81,"weight":248,"imgURL":"http://thedraftreview.com/history/drafted1994/images/dickey-simpkins.jpg","born":{"year":1972,"loc":"Fort Washington, MD"},"contract":{"amount":"","exp":""},"draft":{"round":"","pick":"","team":"","orig. team":"","year":"1994"},"ratings":[{"hgt":72,"stre":72,"spd":45,"jmp":65,"endu":56,"ins":64,"dnk":60,"ft":76,"fg":36,"tp":0,"blk":55,"stl":45,"drb":26,"pss":46,"reb":75,"pot":54}],"skills":[]},{"tid":-2,"name":"Bill Curley","pos":"PF","hgt":81,"weight":220,"imgURL":"http://thedraftreview.com/history/drafted1994/images/bill-curley.jpg","born":{"year":1972,"loc":"Boston, MA"},"contract":{"amount":"","exp":""},"draft":{"round":"","pick":"","team":"","orig. team":"","year":"1994"},"college":"Boston College","ratings":[{"hgt":74,"stre":65,"spd":45,"jmp":45,"endu":56,"ins":54,"dnk":58,"ft":43,"fg":56,"tp":45,"blk":63,"stl":54,"drb":54,"pss":65,"reb":35,"pot":51}],"skills":[]},{"tid":-2,"name":"Wesley Person","pos":"GF","hgt":78,"weight":195,"imgURL":"http://a.espncdn.com/i/headshots/nba/players/65/655.jpg","born":{"year":1971,"loc":"Brantley, AL"},"contract":{"amount":"","exp":""},"draft":{"round":"","pick":"","team":"","orig. team":"","year":"1994"},"college":"Auburn","ratings":[{"hgt":52,"stre":36,"spd":72,"jmp":65,"endu":65,"ins":26,"dnk":55,"ft":65,"fg":84,"tp":80,"blk":55,"stl":46,"drb":62,"pss":56,"reb":55,"pot":63}],"skills":[]},{"tid":-2,"name":"Monty Williams","pos":"SF","hgt":80,"weight":225,"imgURL":"http://a.espncdn.com/i/headshots/nba/players/65/924.jpg","born":{"year":1971,"loc":"Fredericksburg, VA"},"contract":{"amount":"","exp":""},"draft":{"round":"","pick":"","team":"","orig. team":"","year":"1994"},"college":"Notre Dame","ratings":[{"hgt":64,"stre":45,"spd":66,"jmp":46,"endu":45,"ins":45,"dnk":55,"ft":70,"fg":55,"tp":46,"blk":44,"stl":56,"drb":45,"pss":46,"reb":56,"pot":55}],"skills":[]},{"tid":-2,"name":"Greg Minor","pos":"GF","hgt":78,"weight":210,"imgURL":"http://thedraftreview.com/history/drafted1994/images/greg-minor.jpg","born":{"year":1971,"loc":"Sandersville, GA"},"contract":{"amount":"","exp":""},"draft":{"round":"","pick":"","team":"","orig. team":"","year":"1994"},"college":"Louisville","ratings":[{"hgt":54,"stre":35,"spd":64,"jmp":76,"endu":45,"ins":46,"dnk":56,"ft":45,"fg":65,"tp":65,"blk":45,"stl":65,"drb":45,"pss":65,"reb":66,"pot":57}],"skills":[]},{"tid":-2,"name":"Charlie Ward","pos":"PG","hgt":74,"weight":190,"imgURL":"http://a.espncdn.com/i/headshots/nba/players/65/888.jpg","born":{"year":1970,"loc":"Thomasville, GA"},"contract":{"amount":"","exp":""},"draft":{"round":"","pick":"","team":"","orig. team":"","year":"1994"},"college":"Florida State","ratings":[{"hgt":21,"stre":54,"spd":65,"jmp":33,"endu":56,"ins":43,"dnk":56,"ft":65,"fg":45,"tp":34,"blk":65,"stl":54,"drb":65,"pss":77,"reb":54,"pot":58}],"skills":[]},{"tid":-2,"name":"Brooks Thompson","pos":"PG","hgt":76,"weight":193,"imgURL":"http://www.tradingcarddb.com/Images/Cards/Basketball/2234/2234-679086Fr.jpg","born":{"year":1970,"loc":"Dallas, TX"},"contract":{"amount":"","exp":""},"draft":{"round":"","pick":"","team":"","orig. team":"","year":"1994"},"college":"Oklahoma State","ratings":[{"hgt":36,"stre":32,"spd":66,"jmp":35,"endu":45,"ins":44,"dnk":47,"ft":54,"fg":65,"tp":65,"blk":25,"stl":45,"drb":65,"pss":65,"reb":35,"pot":52}],"skills":[]},{"tid":-2,"name":"Deon Thomas","pos":"F","hgt":81,"weight":238,"imgURL":"http://www.thedraftreview.com/history/drafted1994/images/deon-thomas.jpg","born":{"year":1971,"loc":"Chicago, IL"},"contract":{"amount":"","exp":""},"draft":{"round":"","pick":"","team":"","orig. team":"","year":"1994"},"college":"Illinois","ratings":[{"hgt":67,"stre":62,"spd":43,"jmp":65,"endu":55,"ins":38,"dnk":57,"ft":65,"fg":43,"tp":23,"blk":65,"stl":43,"drb":47,"pss":45,"reb":67,"pot":50}],"skills":[]},{"tid":-2,"name":"Antonio Lang","pos":"SF","hgt":80,"weight":205,"imgURL":"http://www.cavshistory.com/images/players/Antonio_Lang.jpg","born":{"year":1972,"loc":"Mobile, AL"},"contract":{"amount":"","exp":""},"draft":{"round":"","pick":"","team":"","orig. team":"","year":"1994"},"college":"Duke","ratings":[{"hgt":65,"stre":54,"spd":45,"jmp":65,"endu":45,"ins":66,"dnk":56,"ft":45,"fg":65,"tp":76,"blk":56,"stl":55,"drb":45,"pss":65,"reb":45,"pot":52}],"skills":[]},{"tid":-2,"name":"Howard Eisley","pos":"G","hgt":74,"weight":177,"imgURL":"http://a.espncdn.com/i/headshots/nba/players/65/220.jpg","born":{"year":1972,"loc":"Detroit, MI"},"contract":{"amount":"","exp":""},"draft":{"round":"","pick":"","team":"","orig. team":"","year":"1994"},"college":"Boston College","ratings":[{"hgt":21,"stre":25,"spd":70,"jmp":62,"endu":60,"ins":22,"dnk":66,"ft":75,"fg":62,"tp":66,"blk":56,"stl":76,"drb":73,"pss":71,"reb":26,"pot":58}],"skills":[]},{"tid":-2,"name":"Rodney Dent","pos":"PF","hgt":81,"weight":256,"imgURL":"http://www.thedraftreview.com/history/drafted1994/images/rodney-dent.jpg","born":{"year":1970,"loc":"Edison, GA"},"contract":{"amount":"","exp":""},"draft":{"round":"","pick":"","team":"","orig. team":"","year":"1994"},"college":"Kentucky","ratings":[{"hgt":64,"stre":58,"spd":41,"jmp":67,"endu":54,"ins":62,"dnk":61,"ft":56,"fg":42,"tp":27,"blk":63,"stl":37,"drb":31,"pss":33,"reb":56,"pot":55}],"skills":[]},{"tid":-2,"name":"Jim McIlvaine",
"pos":"C","hgt":85,"weight":240,"imgURL":"http://thedraftreview.com/history/drafted1994/images/jim-mcilvaine.jpg","born":{"year":1972,"loc":"Racine, WI"},"contract":{"amount":"","exp":""},"draft":{"round":"","pick":"","team":"","orig. team":"","year":"1994"},"college":"Marquette",
"ratings":[{"hgt":92,"stre":68,"spd":38,"jmp":65,"endu":52,"ins":32,"dnk":30,"ft":45,"fg":24,"tp":0,"blk":94,"stl":64,"drb":24,"pss":44,"reb":75,"pot":52}],"skills":[]},{"tid":-2,"name":"Derrick Alston",
"pos":"PF","hgt":83,"weight":225,"imgURL":"http://thedraftreview.com/history/drafted1994/images/derrick-alston.jpg","born":{"year":1972,"loc":"Bronx, NY"},"contract":{"amount":"","exp":""},"draft":{"round":"","pick":"","team":"","orig. team":"","year":"1994"},"college":"Duquesne","ratings":[{"hgt":82,"stre":65,"spd":34,"jmp":56,"endu":55,"ins":45,"dnk":65,"ft":75,"fg":35,"tp":65,"blk":55,"stl":65,"drb":35,"pss":50,"reb":60,"pot":56}],"skills":[]},{"tid":-2,"name":"Gaylon Nickerson","pos":"SG","hgt":75,"weight":190,"imgURL":"http://www.thedraftreview.com/history/drafted1994/images/gaylon-nickerson.jpg","born":{"year":1969,"loc":"Osecola, AR"},"contract":{"amount":"","exp":""},"draft":{"round":"","pick":"","team":"","orig. team":"","year":"1994"},"college":"Northwestern Oklahoma State","ratings":[{"hgt":29,"stre":44,"spd":66,"jmp":65,"endu":35,"ins":25,"dnk":65,"ft":65,"fg":56,"tp":56,"blk":45,"stl":65,"drb":55,"pss":45,"reb":65,"pot":50}],"skills":[]},{"tid":-2,"name":"Michael Smith","pos":"PF","hgt":80,"weight":230,"imgURL":"http://www.tradingcarddb.com/Images/Cards/Basketball/2234/2234-679109Fr.jpg","born":{"year":1972,"loc":"Washington, DC"},"contract":{"amount":"","exp":""},"draft":{"round":"","pick":"","team":"","orig. team":"","year":"1994"},"college":"Providence","ratings":[{"hgt":66,"stre":83,"spd":55,"jmp":56,"endu":55,"ins":65,"dnk":45,"ft":65,"fg":45,"tp":0,"blk":65,"stl":55,"drb":35,"pss":45,"reb":85,"pot":58}],"skills":[]},{"tid":-2,"name":"Andrei Fetisov","pos":"F","hgt":82,"weight":220,"imgURL":"http://upload.wikimedia.org/wikipedia/commons/2/23/Andrej_Fetissov_%28Pepsi_Rimini_1997-98%29.jpg","born":{"year":1972,"loc":"Novokuznetsk, Russia"},"contract":{"amount":"","exp":""},"draft":{"round":"","pick":"","team":"","orig. team":"","year":"1994"},"college":"Russia","ratings":[{"hgt":79,"stre":56,"spd":45,"jmp":46,"endu":52,"ins":58,"dnk":65,"ft":66,"fg":64,"tp":12,"blk":57,"stl":34,"drb":35,"pss":30,"reb":68,"pot":56}],"skills":[]},{"tid":-2,"name":"Dontonio Wingfield","pos":"SF","hgt":80,"weight":256,"imgURL":"http://www.tradingcarddb.com/Images/Cards/Basketball/2410/2410-686394Fr.jpg","born":{"year":1974,"loc":"Albany, GA"},"contract":{"amount":"","exp":""},"draft":{"round":"","pick":"","team":"","orig. team":"","year":"1994"},"college":"Cincinnati","ratings":[{"hgt":64,"stre":65,"spd":53,"jmp":45,"endu":45,"ins":55,"dnk":56,"ft":55,"fg":46,"tp":46,"blk":56,"stl":46,"drb":46,"pss":57,"reb":45,"pot":54}],"skills":[]},{"tid":-2,"name":"Darrin Hancock","pos":"SF","hgt":79,"weight":205,"imgURL":"http://hornets.playitusa.com/wp-content/uploads/2014/11/1995-Hancock-Darrin-210x300.jpg","born":{"year":1971,"loc":"Birmingham, AL"},"contract":{"amount":"","exp":""},"draft":{"round":"","pick":"","team":"","orig. team":"","year":"1994"},"ratings":[{"hgt":54,"stre":65,"spd":57,"jmp":82,"endu":57,"ins":55,"dnk":75,"ft":45,"fg":55,"tp":15,"blk":39,"stl":64,"drb":39,"pss":44,"reb":60,"pot":55}],"skills":[]},{"tid":-2,"name":"Anthony Miller","pos":"PF","hgt":81,"weight":225,"imgURL":"http://www.latimes.com/includes/projects/img/lakers/bio_photos/anthony_miller.jpg","born":{"year":1971,"loc":"Benton Harbor, MI"},"contract":{"amount":"","exp":""},"draft":{"round":"","pick":"","team":"","orig. team":"","year":"1994"},"college":"Michigan State","ratings":[{"hgt":68,"stre":75,"spd":42,"jmp":50,"endu":55,"ins":70,"dnk":66,"ft":60,"fg":36,"tp":15,"blk":56,"stl":45,"drb":30,"pss":46,"reb":65,"pot":53}],"skills":[]},{"tid":-2,"name":"Jeff Webster","pos":"SF","hgt":80,"weight":232,"imgURL":"http://i.imgur.com/fYsBoZe.png","born":{"year":1971,"loc":"Pine Bluff, AR"},"contract":{"amount":"","exp":""},"draft":{"round":"","pick":"","team":"","orig. team":"","year":"1994"},"college":"Oklahoma","ratings":[{"hgt":60,"stre":55,"spd":55,"jmp":55,"endu":45,"ins":36,"dnk":45,"ft":34,"fg":65,"tp":67,"blk":57,"stl":56,"drb":47,"pss":45,"reb":55,"pot":54}],"skills":[]},{"tid":-2,"name":"Will Njoku","pos":"F","hgt":81,"weight":215,"imgURL":"http://www.thedraftreview.com/history/drafted1994/images/william-njoku.jpg","born":{"year":1972,"loc":"Ghana"},"contract":{"amount":"","exp":""},"draft":{"round":"","pick":"","team":"","orig. team":"","year":"1994"},"ratings":[{"hgt":58,"stre":58,"spd":42,"jmp":64,"endu":58,"ins":63,"dnk":61,"ft":65,"fg":31,"tp":0,"blk":58,"stl":39,"drb":31,"pss":28,"reb":59,"pot":54}],"skills":[]},{"tid":-2,"name":"Gary Collier","pos":"SG","hgt":76,"weight":195,"imgURL":"http://www.thedraftreview.com/history/drafted1994/images/gary-collier.jpg","born":{"year":1971,"loc":"Fort Worth, TX"},"contract":{"amount":"","exp":""},"draft":{"round":"","pick":"","team":"","orig. team":"","year":"1994"},"ratings":[{"hgt":35,"stre":48,"spd":68,"jmp":35,"endu":50,"ins":31,"dnk":35,"ft":68,"fg":57,"tp":62,"blk":21,"stl":54,"drb":59,"pss":54,"reb":22,"pot":49}],"skills":[]},{"tid":-2,"name":"Shawnelle Scott","pos":"C","hgt":82,"weight":250,"imgURL":"http://a.espncdn.com/i/headshots/nba/players/65/760.jpg","born":{"year":1972,"loc":"New York City, NY"},"contract":{"amount":"","exp":""},"draft":{"round":"","pick":"","team":"","orig. team":"","year":"1994"},"college":"St. John's","ratings":[{"hgt":84,"stre":76,"spd":35,"jmp":34,"endu":49,"ins":65,"dnk":56,"ft":45,"fg":40,"tp":0,"blk":63,"stl":46,"drb":26,"pss":41,"reb":70,"pot":51}],"skills":[]},{"tid":-2,"name":"Damon Bailey","pos":"SG","hgt":75,"weight":200,"imgURL":"http://graphics.fansonly.com/schools/ind/graphics/bailey.jpg","born":{"year":1971,"loc":"Heltonville, IN"},"contract":{"amount":"","exp":""},"draft":{"round":"","pick":"","team":"","orig. team":"","year":"1994"},"college":"Indiana","ratings":[{"hgt":28,"stre":22,"spd":75,"jmp":64,"endu":59,"ins":43,"dnk":65,"ft":54,"fg":51,"tp":42,"blk":28,"stl":54,"drb":43,"pss":41,"reb":33,"pot":52}],"skills":[]},{"tid":-2,"name":"Dwayne Morton","pos":"PG","hgt":79,"weight":195,"imgURL":"http://www.thedraftreview.com/history/drafted1994/images/dwayne-morton.jpg","born":{"year":1971,"loc":"Louisville, KY"},"contract":{"amount":"","exp":""},"draft":{"round":"","pick":"","team":"","orig. team":"","year":"1994"},"college":"Louisville","ratings":[{"hgt":57,"stre":45,"spd":65,"jmp":44,"endu":55,"ins":25,"dnk":58,"ft":45,"fg":55,"tp":35,"blk":57,"stl":45,"drb":67,"pss":61,"reb":50,"pot":54}],"skills":[]},{"tid":-2,"name":"Voshon Lenard","pos":"SG","hgt":76,"weight":205,"imgURL":"http://a.espncdn.com/i/headshots/nba/players/65/465.jpg","born":{"year":1973,"loc":"Detroit, MI"},"contract":{"amount":"","exp":""},"draft":{"round":"","pick":"","team":"","orig. team":"","year":"1994"},"college":"Minnesota","ratings":[{"hgt":37,"stre":45,"spd":65,"jmp":55,"endu":55,"ins":55,"dnk":57,"ft":75,"fg":69,"tp":83,"blk":33,"stl":57,"drb":52,"pss":52,"reb":43,"pot":60}],"skills":[]},{"tid":-2,"name":"Jamie Watson","pos":"SF","hgt":79,"weight":190,"imgURL":"http://www.tradingcarddb.com/Images/Cards/Basketball/2234/2234-679124Fr.jpg","born":{"year":1972,"loc":"Elm City, NC"},"contract":{"amount":"","exp":""},"draft":{"round":"","pick":"","team":"","orig. team":"","year":"1994"},"college":"South Carolina","ratings":[{"hgt":56,"stre":45,"spd":65,"jmp":65,"endu":56,"ins":36,"dnk":45,"ft":44,"fg":65,"tp":46,"blk":56,"stl":76,"drb":45,"pss":65,"reb":55,"pot":55}],"skills":[]},{"tid":-2,"name":"Jevon Crudup","pos":"F","hgt":78,"weight":252,"imgURL":"http://thedraftreview.com/history/drafted1994/images/jevon-crudup.jpg","born":{"year":1972,"loc":"Kansas City, KS"},"contract":{"amount":"","exp":""},"draft":{"round":"","pick":"","team":"","orig. team":"","year":"1994"},"college":"Missouri","ratings":[{"hgt":49,"stre":58,"spd":47,"jmp":67,"endu":51,"ins":63,"dnk":61,"ft":54,"fg":43,"tp":14,"blk":64,"stl":31,"drb":35,"pss":37,"reb":68,"pot":50}],"skills":[]},{"tid":-2,"name":"Kris Bruton","pos":"SF","hgt":79,"weight":218,"imgURL":"http://www.rankopedia.com/CandidatePix/92171.gif","born":{"year":1971,"loc":"Greenville, SC"},"contract":{"amount":"","exp":""},"draft":{"round":"","pick":"","team":"","orig. team":"","year":"1994"},"college":"Benedict College","ratings":[{"hgt":59,"stre":68,"spd":57,"jmp":61,"endu":43,"ins":58,"dnk":59,"ft":61,"fg":52,"tp":34,"blk":67,"stl":31,"drb":34,"pss":41,"reb":68,"pot":50}],"skills":[]},{"tid":-2,"name":"Charles Claxton","pos":"C","hgt":84,"weight":265,"imgURL":"http://thedraftreview.com/history/drafted1994/images/charles-claxton.jpg","born":{"year":1970,"loc":"St. Thomas, U.S. Virgin Islands"},"contract":{"amount":"","exp":""},"draft":{"round":"","pick":"","team":"","orig. team":"","year":"1994"},"college":"Georgia","ratings":[{"hgt":90,"stre":65,"spd":34,"jmp":45,"endu":46,"ins":55,"dnk":65,"ft":76,"fg":56,"tp":0,"blk":56,"stl":56,"drb":24,"pss":34,"reb":66,"pot":51}],"skills":[]},{"tid":-2,"name":"Lawrence Funderburke","pos":"PF","hgt":81,"weight":230,"imgURL":"http://a.espncdn.com/i/headshots/nba/players/65/259.jpg","born":{"year":1970,"loc":"Columbus, OH"},"contract":{"amount":"","exp":""},"draft":{"round":"","pick":"","team":"","orig. team":"","year":"1994"},"college":"Ohio State","ratings":[{"hgt":71,"stre":75,"spd":50,"jmp":56,"endu":54,"ins":65,"dnk":45,"ft":65,"fg":64,"tp":13,"blk":56,"stl":46,"drb":27,"pss":45,"reb":65,"pot":57}],"skills":[]},{"tid":-2,"name":"Anthony Goldwire","pos":"PG","hgt":73,"weight":182,"imgURL":"http://a.espncdn.com/i/headshots/nba/players/65/275.jpg","born":{"year":1971,"loc":"West Palm Beach, FL"},"contract":{"amount":"","exp":""},"draft":{"round":"","pick":"","team":"","orig. team":"","year":"1994"},"college":"Houston","ratings":[{"hgt":14,"stre":35,"spd":67,"jmp":55,"endu":57,"ins":56,"dnk":45,"ft":65,"fg":67,"tp":57,"blk":27,"stl":56,"drb":74,"pss":72,"reb":36,"pot":55}],"skills":[]},{"tid":-2,"name":"Albert Burditt","pos":"PF","hgt":80,"weight":230,"imgURL":"http://www.thedraftreview.com/history/drafted1994/images/albert-burditt.jpg","born":{"year":1972,"loc":"Austin, TX"},"contract":{"amount":"","exp":""},"draft":{"round":"","pick":"","team":"","orig. team":"","year":"1994"},"college":"Texas","ratings":[{"hgt":64,"stre":64,"spd":43,"jmp":50,"endu":50,"ins":57,"dnk":52,"ft":56,"fg":0,"tp":0,"blk":75,"stl":54,"drb":21,"pss":26,"reb":54,"pot":48}],"skills":[]},{"tid":-2,"name":"Zeljko Rebraca","pos":"C","hgt":84,"weight":257,"imgURL":"http://a.espncdn.com/i/headshots/nba/players/65/690.jpg","born":{"year":1972,"loc":"Apatin, Serbia"},"contract":{"amount":"","exp":""},"draft":{"round":"","pick":"","team":"","orig. team":"","year":"1994"},"college":"Serbia","ratings":[{"hgt":90,"stre":64,"spd":34,"jmp":41,"endu":45,"ins":34,"dnk":54,"ft":33,"fg":54,"tp":54,"blk":65,"stl":43,"drb":54,"pss":56,"reb":76,"pot":58}],"skills":[]},{"tid":-2,"name":"Thomas Hamilton","pos":"C","hgt":86,"weight":330,"imgURL":"http://www.celticstats.com/pic/thomashamilton.jpg","born":{"year":1975,"loc":"Chicago, IL"},"contract":{"amount":"","exp":""},"draft":{"round":"","pick":"","team":"","orig. team":"","year":"1994"},"college":"Pittsburgh","ratings":[{"hgt":92,"stre":74,"spd":8,"jmp":7,"endu":31,"ins":79,"dnk":70,"ft":42,"fg":25,"tp":0,"blk":78,"stl":10,"drb":5,"pss":32,"reb":85,"pot":50}],"skills":[]},{"tid":-2,"name":"Ivano Newbill","pos":"FC","hgt":81,"weight":245,"imgURL":"http://basketball.realgm.com/images/nba/4.2/profiles/photos/2006/Newbill_Ivano_nba.jpg","born":{"year":1970,"loc":"Sedalia, MO"},"contract":{"amount":"","exp":""},"draft":{"round":"","pick":"","team":"","orig. team":"","year":"1994"},"college":"Georgia Tech","ratings":[{"hgt":76,"stre":74,"spd":32,"jmp":64,"endu":54,"ins":63,"dnk":44,"ft":54,"fg":23,"tp":0,"blk":52,"stl":21,"drb":30,"pss":34,"reb":64,"pot":51}],"skills":[]},{"tid":-2,"name":"Kevin Salvadori","pos":"C","hgt":84,"weight":231,"imgURL":"http://basketball.realgm.com/images/nba/4.2/profiles/photos/2006/Salvadori_Kevin_nba.jpg","born":{"year":1970,"loc":"Wheeling, WV"},"contract":{"amount":"","exp":""},"draft":{"round":"","pick":"","team":"","orig. team":"","year":"1994"},"college":"North Carolina","ratings":[{"hgt":88,"stre":65,"spd":33,"jmp":51,"endu":20,"ins":61,"dnk":54,"ft":75,"fg":34,"tp":0,"blk":56,"stl":41,"drb":11,"pss":47,"reb":66,"pot":52}],"skills":[]},{"tid":-2,"name":"Melvin Booker","pos":"G","hgt":73,"weight":185,"imgURL":"http://i.imgur.com/cSGuPSC.png","born":{"year":1972,"loc":"Pascagoula, MS"},"contract":{"amount":"","exp":""},"draft":{"round":"","pick":"","team":"","orig. team":"","year":"1994"},"college":"Missouri","ratings":[{"hgt":14,"stre":42,"spd":75,"jmp":27,"endu":34,"ins":24,"dnk":25,"ft":64,"fg":53,"tp":42,"blk":13,"stl":52,"drb":65,"pss":61,"reb":13,"pot":46}],"skills":[]},{"tid":-2,"name":"Fred Vinson","pos":"G","hgt":76,"weight":190,"imgURL":"http://basketball.realgm.com/images/nba/4.2/profiles/photos/2006/Vinson_Fred_nba.jpg","born":{"year":1971,"loc":"Murfreesboro, NC"},"contract":{"amount":"","exp":""},"draft":{"round":"","pick":"","team":"","orig. team":"","year":"1994"},"college":"Georgia Tech","ratings":[{"hgt":35,"stre":34,"spd":62,"jmp":31,"endu":56,"ins":32,"dnk":33,"ft":56,"fg":54,"tp":58,"blk":15,"stl":49,"drb":47,"pss":45,"reb":21,"pot":44}],"skills":[]},{"tid":-2,"name":"Jimmy Carruth","pos":"FC","hgt":82,"weight":265,"imgURL":"http://i.imgur.com/nbhho99.jpg","born":{"year":1969,"loc":"El Paso, TX"},"contract":{"amount":"","exp":""},"draft":{"round":"","pick":"","team":"","orig. team":"","year":"1994"},"ratings":[{"hgt":83,"stre":76,"spd":31,"jmp":62,"endu":35,"ins":65,"dnk":64,"ft":54,"fg":41,"tp":17,"blk":64,"stl":43,"drb":21,"pss":24,"reb":72,"pot":55}],"skills":[]},{"tid":-2,"name":"Ryan Lorthridge","pos":"SG","hgt":76,"weight":190,"imgURL":"http://i.imgur.com/RDlBBB6.png","born":{"year":1972,"loc":"Nashville, TN"},"contract":{"amount":"","exp":""},"draft":{"round":"","pick":"","team":"","orig. team":"","year":"1994"},"ratings":[{"hgt":35,"stre":32,"spd":75,"jmp":27,"endu":34,"ins":24,"dnk":25,"ft":64,"fg":53,"tp":42,"blk":13,"stl":52,"drb":55,"pss":61,"reb":13,"pot":46}],"skills":[]},{"tid":-2,"name":"Trevor Ruffin","pos":"G","hgt":73,"weight":185,"imgURL":"http://i.imgur.com/hHPg3hq.png","born":{"year":1970,"loc":"Buffalo, NY"},"contract":{"amount":"","exp":""},"draft":{"round":"","pick":"","team":"","orig. team":"","year":"1994"},"ratings":[{"hgt":14,"stre":42,"spd":75,"jmp":27,"endu":34,"ins":24,"dnk":25,"ft":64,"fg":53,"tp":42,"blk":13,"stl":52,"drb":65,"pss":61,"reb":13,"pot":46}],"skills":[]},{"tid":-2,"name":"Robert Churchwell","pos":"GF","hgt":78,"weight":195,"imgURL":"http://www.hoyabasketball.com/images/players/r_churchwell2.gif","born":{"year":1972,"loc":"South Bend, IN"},"contract":{"amount":"","exp":""},"draft":{"round":"","pick":"","team":"","orig. team":"","year":"1994"},"ratings":[{"hgt":43,"stre":42,"spd":75,"jmp":27,"endu":34,"ins":24,"dnk":25,"ft":64,"fg":53,"tp":42,"blk":13,"stl":52,"drb":65,"pss":61,"reb":13,"pot":46}],"skills":[]},{"tid":-2,"name":"Derrick Phelps","pos":"G","hgt":76,"weight":181,"imgURL":"http://i.imgur.com/Gh5rItN.png","born":{"year":1972,"loc":"Queens, NY"},"contract":{"amount":"","exp":""},"draft":{"round":"","pick":"","team":"","orig. team":"","year":"1994"},"college":"North Carolina","ratings":[{"hgt":35,"stre":42,"spd":75,"jmp":27,"endu":34,"ins":24,"dnk":25,"ft":64,"fg":53,"tp":42,"blk":13,"stl":52,"drb":65,"pss":61,"reb":13,"pot":46}],"skills":[]},{"tid":-2,"name":"Lazaro Borrell","pos":"F","hgt":80,"weight":220,"imgURL":"http://www.tradingcarddb.com/Images/Cards/Basketball/2829/2829-709218Fr.jpg","born":{"year":1972,"loc":"Santa Clara, Cuba"},"contract":{"amount":"","exp":""},"draft":{"round":"","pick":"","team":"","orig. team":"","year":"1994"},"ratings":[{"hgt":64,"stre":56,"spd":53,"jmp":57,"endu":41,"ins":75,"dnk":74,"ft":54,"fg":41,"tp":17,"blk":64,"stl":43,"drb":21,"pss":24,"reb":78,"pot":55}],"skills":[]},{"tid":-2,"name":"Randy Carter","pos":"F","hgt":80,"weight":233,"imgURL":"http://i.imgur.com/22tVqW4.jpg","born":{"year":1972,"loc":"Memphis, TN"},"contract":{"amount":"","exp":""},"draft":{"round":"","pick":"","team":"","orig. team":"","year":"1994"},"college":"Minnesota","ratings":[{"hgt":73,"stre":64,"spd":31,"jmp":67,"endu":35,"ins":49,"dnk":54,"ft":54,"fg":41,"tp":17,"blk":52,"stl":43,"drb":21,"pss":24,"reb":66,"pot":45}],"skills":[]},{"tid":-2,"name":"Askia Jones","pos":"G","hgt":77,"weight":200,"imgURL":"http://www.collectorsdreams.ca/media/catalog/product/cache/1/image/500x/94697d3fe0adb704f737421e2daf559c/j/o/jones1st.jpg","born":{"year":1971,"loc":"Philadelphia, PA"},"contract":{"amount":"","exp":""},"draft":{"round":"","pick":"","team":"","orig. team":"","year":"1994"},"ratings":[{"hgt":43,"stre":42,"spd":75,"jmp":27,"endu":34,"ins":24,"dnk":25,"ft":64,"fg":53,"tp":42,"blk":13,"stl":52,"drb":65,"pss":61,"reb":13,"pot":46}],"skills":[]},{"tid":-2,"name":"Kevin Rankin","pos":"FC","hgt":83,"weight":210,"imgURL":"http://thumbs3.ebaystatic.com/d/l225/m/m9SYB3w2dT7DQrGFMB3-9qQ.jpg","born":{"year":1971,"loc":"Wheeling, WV"},"contract":{"amount":"","exp":""},"draft":{"round":"","pick":"","team":"","orig. team":"","year":"1994"},"college":"Northwestern","ratings":[{"hgt":87,"stre":69,"spd":31,"jmp":57,"endu":35,"ins":65,"dnk":64,"ft":54,"fg":41,"tp":17,"blk":64,"stl":43,"drb":21,"pss":24,"reb":72,"pot":50}],"skills":[]},{"tid":-2,"name":"Aaron Swinson","pos":"F","hgt":77,"weight":230,"imgURL":"http://i.imgur.com/pKz9Pjy.png","born":{"year":1971,"loc":"Brunswich, GA"},"contract":{"amount":"","exp":""},"draft":{"round":"","pick":"","team":"","orig. team":"","year":"1994"},"college":"Auburn","ratings":[{"hgt":43,"stre":36,"spd":61,"jmp":77,"endu":35,"ins":25,"dnk":74,"ft":54,"fg":41,"tp":17,"blk":64,"stl":43,"drb":21,"pss":24,"reb":78,"pot":52}],"skills":[]},{"tid":-2,"name":"Logan Vander Velden","pos":"F","hgt":80,"weight":215,"imgURL":"http://i.imgur.com/OAvoQEA.png","born":{"year":1971,"loc":"Valder, WI"},"contract":{"amount":"","exp":""},"draft":{"round":"","pick":"","team":"","orig. team":"","year":"1994"},"college":"Green Bay","ratings":[{"hgt":71,"stre":56,"spd":52,"jmp":57,"endu":45,"ins":55,"dnk":54,"ft":54,"fg":41,"tp":17,"blk":64,"stl":43,"drb":21,"pss":24,"reb":68,"pot":49,"skills":[]}],"skills":[]}]}