{"startingSeason":2012,
"players":[
{"tid":-2,"name":"Anthony Davis","pos":"FC","hgt":82,"weight":220,"imgURL":"http://a.espncdn.com/i/headshots/nba/players/full/6583.png","born":{"year":1993,"loc":"Chicago, IL"},"contract":{"amount":"","exp":""},"draft":{"round":"","pick":"","tid":"","originalTid":"","year":""},
"college":"Kentucky","ratings":[{"hgt":85,"stre":83,"spd":65,"jmp":85,"endu":87,"ins":97,"dnk":96,"ft":87,"fg":77,"tp":24,"blk":83,"stl":68,"drb":63,"pss":63,"reb":94,"pot":86}],"skills":[]},{"tid":-2,"name":"Michael Kidd-Gilchrist","pos":"SF","hgt":79,"weight":232,"imgURL":"http://a.espncdn.com/i/headshots/nba/players/full/6601.png","born":{"year":1993,"loc":"Philadelphia, PA"},"contract":{"amount":"","exp":""},"draft":{"round":"","pick":"","tid":"","originalTid":"","year":""},
"college":"Kentucky","ratings":[{"hgt":54,"stre":52,"spd":64,"jmp":68,"endu":63,"ins":36,"dnk":65,"ft":74,"fg":72,"tp":47,"blk":47,"stl":44,"drb":56,"pss":57,"reb":68,"pot":66}],"skills":[]},{"tid":-2,"name":"Bradley Beal","pos":"SG","hgt":75,"weight":207,"imgURL":"http://a.espncdn.com/i/headshots/nba/players/full/6580.png","born":{"year":1993,"loc":"St. Louis, MO"},"contract":{"amount":"","exp":""},"draft":{"round":"","pick":"","tid":"","originalTid":"","year":""},
"college":"Florida","ratings":[{"hgt":47,"stre":37,"spd":79,"jmp":83,"endu":75,"ins":41,"dnk":54,"ft":79,"fg":67,"tp":87,"blk":38,"stl":56,"drb":67,"pss":63,"reb":56,"pot":67}],"skills":[]},{"tid":-2,"name":"Dion Waiters","pos":"SG","hgt":76,"weight":210,"imgURL":"http://a.espncdn.com/i/headshots/nba/players/full/6628.png","born":{"year":1991,"loc":"Philadelphia, PA"},"contract":{"amount":"","exp":""},"draft":{"round":"","pick":"","tid":"","originalTid":"","year":""},
"college":"Syracuse","ratings":[{"hgt":37,"stre":44,"spd":66,"jmp":67,"endu":75,"ins":62,"dnk":57,"ft":78,"fg":74,"tp":73,"blk":38,"stl":56,"drb":53,"pss":68,"reb":51,"pot":63}],"skills":[]},{"tid":-2,"name":"Thomas Robinson","pos":"PF","hgt":81,"weight":240,"imgURL":"http://a.espncdn.com/i/headshots/nba/players/full/6618.png","born":{"year":1991,"loc":"Washington, DC"},"contract":{"amount":"","exp":""},"draft":{"round":"","pick":"","tid":"","originalTid":"","year":""},
"college":"Kansas","ratings":[{"hgt":72,"stre":64,"spd":56,"jmp":48,"endu":64,"ins":62,"dnk":63,"ft":57,"fg":53,"tp":38,"blk":57,"stl":46,"drb":51,"pss":63,"reb":63,"pot":65}],"skills":[]},{"tid":-2,"name":"Damian Lillard","pos":"PG","hgt":75,"weight":195,"imgURL":"http://a.espncdn.com/i/headshots/nba/players/full/6606.png","born":{"year":1990,"loc":"Oakland, CA"},"contract":{"amount":"","exp":""},"draft":{"round":"","pick":"","tid":"","originalTid":"","year":""},
"college":"Weber State","ratings":[{"hgt":62,"stre":70,"spd":86,"jmp":87,"endu":87,"ins":53,"dnk":85,"ft":83,"fg":84,"tp":87,"blk":45,"stl":78,"drb":78,"pss":86,"reb":63,"pot":85}],"skills":[]},{"tid":-2,"name":"Harrison Barnes","pos":"SF","hgt":80,"weight":210,"imgURL":"http://a.espncdn.com/i/headshots/nba/players/full/6578.png","born":{"year":1992,"loc":"Ames, IA"},"contract":{"amount":"","exp":""},"draft":{"round":"","pick":"","tid":"","originalTid":"","year":""},
"college":"North Carolina","ratings":[{"hgt":54,"stre":42,"spd":63,"jmp":54,"endu":64,"ins":45,"dnk":59,"ft":67,"fg":62,"tp":73,"blk":35,"stl":56,"drb":62,"pss":58,"reb":56,"pot":66}],"skills":[]},{"tid":-2,"name":"Terrence Ross","pos":"SG","hgt":78,"weight":195,"imgURL":"http://a.espncdn.com/i/headshots/nba/players/full/6619.png","born":{"year":1991,"loc":"Portland, OR"},"contract":{"amount":"","exp":""},"draft":{"round":"","pick":"","tid":"","originalTid":"","year":""},
"college":"Washington","ratings":[{"hgt":55,"stre":47,"spd":75,"jmp":86,"endu":64,"ins":47,"dnk":81,"ft":74,"fg":54,"tp":54,"blk":43,"stl":48,"drb":56,"pss":64,"reb":53,"pot":64}],"skills":[]},{"tid":-2,"name":"Andre Drummond","pos":"C","hgt":82,"weight":270,"imgURL":"http://a.espncdn.com/i/headshots/nba/players/full/6585.png","born":{"year":1993,"loc":"Mount Vernon, NY"},"contract":{"amount":"","exp":""},"draft":{"round":"","pick":"","tid":"","originalTid":"","year":""},"ratings":[{"hgt":78,"stre":83,"spd":45,"jmp":67,"endu":64,"ins":65,"dnk":67,"ft":0,"fg":33,"tp":0,"blk":88,"stl":56,"drb":32,"pss":20,"reb":87,"pot":76}],"skills":[]},{"tid":-2,"name":"Austin Rivers","pos":"SG","hgt":76,"weight":200,"imgURL":"http://a.espncdn.com/i/headshots/nba/players/full/6617.png","born":{"year":1992,"loc":"Santa Monica, CA"},"contract":{"amount":"","exp":""},"draft":{"round":"","pick":"","tid":"","originalTid":"","year":""},
"college":"Duke","ratings":[{"hgt":54,"stre":46,"spd":67,"jmp":63,"endu":65,"ins":35,"dnk":56,"ft":57,"fg":63,"tp":56,"blk":26,"stl":46,"drb":54,"pss":63,"reb":52,"pot":65}],"skills":[]},{"tid":-2,"name":"Meyers Leonard","pos":"C","hgt":85,"weight":245,"imgURL":"http://a.espncdn.com/i/headshots/nba/players/full/6605.png","born":{"year":1992,"loc":"Woodbridge, VA"},"contract":{"amount":"","exp":""},"draft":{"round":"","pick":"","tid":"","originalTid":"","year":""},"ratings":[{"hgt":90,"stre":67,"spd":45,"jmp":56,"endu":60,"ins":68,"dnk":66,"ft":77,"fg":53,"tp":31,"blk":63,"stl":42,"drb":35,"pss":52,"reb":73,"pot":62}],"skills":[]},{"tid":-2,"name":"Jeremy Lamb","pos":"GF","hgt":77,"weight":180,"imgURL":"http://a.espncdn.com/i/headshots/nba/players/full/6603.png","born":{"year":1992,"loc":"Henrico Valley, VA"},"contract":{"amount":"","exp":""},"draft":{"round":"","pick":"","tid":"","originalTid":"","year":""},
"college":"Connecticut","ratings":[{"hgt":47,"stre":45,"spd":65,"jmp":64,"endu":57,"ins":42,"dnk":67,"ft":67,"fg":74,"tp":78,"blk":32,"stl":54,"drb":65,"pss":58,"reb":54,"pot":62}],"skills":[]},{"tid":-2,"name":"Kendall Marshall","pos":"PG","hgt":76,"weight":195,"imgURL":"http://a.espncdn.com/i/headshots/nba/players/full/6607.png","born":{"year":1991,"loc":"Dumfries, VA"},"contract":{"amount":"","exp":""},"draft":{"round":"","pick":"","tid":"","originalTid":"","year":""},
"college":"North Carolina","ratings":[{"hgt":36,"stre":43,"spd":63,"jmp":61,"endu":63,"ins":47,"dnk":56,"ft":65,"fg":63,"tp":56,"blk":34,"stl":45,"drb":66,"pss":78,"reb":47,"pot":59}],"skills":[]},{"tid":-2,"name":"John Henson","pos":"PF","hgt":83,"weight":220,"imgURL":"http://a.espncdn.com/i/headshots/nba/players/full/6592.png","born":{"year":1990,"loc":"Greensboro, NC"},"contract":{"amount":"","exp":""},"draft":{"round":"","pick":"","tid":"","originalTid":"","year":""},
"college":"North Carolina","ratings":[{"hgt":85,"stre":67,"spd":53,"jmp":56,"endu":65,"ins":63,"dnk":61,"ft":57,"fg":63,"tp":34,"blk":65,"stl":46,"drb":54,"pss":56,"reb":73,"pot":65}],"skills":[]},{"tid":-2,"name":"Maurice Harkless","pos":"SF","hgt":80,"weight":220,"imgURL":"http://a.espncdn.com/i/headshots/nba/players/full/6591.png","born":{"year":1993,"loc":"Queens, NY"},"contract":{"amount":"","exp":""},"draft":{"round":"","pick":"","tid":"","originalTid":"","year":""},
"college":"St. John's","ratings":[{"hgt":64,"stre":53,"spd":54,"jmp":62,"endu":54,"ins":34,"dnk":54,"ft":61,"fg":56,"tp":56,"blk":46,"stl":64,"drb":46,"pss":55,"reb":65,"pot":57}],"skills":[]},{"tid":-2,"name":"Royce White","pos":"PF","hgt":80,"weight":260,"imgURL":"http://a.espncdn.com/i/headshots/nba/players/full/6629.png","born":{"year":1991,"loc":"Minneapolis, MN"},"contract":{"amount":"","exp":""},"draft":{"round":"","pick":"","tid":"","originalTid":"","year":""},
"college":"Iowa State","ratings":[{"hgt":63,"stre":61,"spd":34,"jmp":45,"endu":45,"ins":41,"dnk":45,"ft":51,"fg":35,"tp":12,"blk":45,"stl":43,"drb":46,"pss":44,"reb":54,"pot":55}],"skills":[]},{"tid":-2,"name":"Tyler Zeller","pos":"C","hgt":84,"weight":250,"imgURL":"http://a.espncdn.com/i/headshots/nba/players/full/6631.png","born":{"year":1990,"loc":"Visalia, CA"},"contract":{"amount":"","exp":""},"draft":{"round":"","pick":"","tid":"","originalTid":"","year":""},
"college":"North Carolina","ratings":[{"hgt":92,"stre":64,"spd":34,"jmp":64,"endu":51,"ins":64,"dnk":66,"ft":54,"fg":32,"tp":1,"blk":65,"stl":36,"drb":46,"pss":43,"reb":53,"pot":58}],"skills":[]},{"tid":-2,"name":"Terrence Jones","pos":"PF","hgt":81,"weight":252,"imgURL":"http://a.espncdn.com/i/headshots/nba/players/full/6597.png","born":{"year":1992,"loc":"Portland, OR"},"contract":{"amount":"","exp":""},"draft":{"round":"","pick":"","tid":"","originalTid":"","year":""},"ratings":[{"hgt":71,"stre":67,"spd":46,"jmp":58,"endu":56,"ins":61,"dnk":56,"ft":64,"fg":41,"tp":23,"blk":61,"stl":45,"drb":43,"pss":54,"reb":63,"pot":56}],"skills":[]},{"tid":-2,"name":"Andrew Nicholson","pos":"PF","hgt":81,"weight":250,"imgURL":"http://a.espncdn.com/i/headshots/nba/players/full/6614.png","born":{"year":1989,"loc":"Mississauga, Canada"},"contract":{"amount":"","exp":""},"draft":{"round":"","pick":"","tid":"","originalTid":"","year":""},"ratings":[{"hgt":71,"stre":72,"spd":45,"jmp":63,"endu":55,"ins":63,"dnk":73,"ft":52,"fg":54,"tp":21,"blk":67,"stl":42,"drb":54,"pss":56,"reb":64,"pot":58}],"skills":[]},{"tid":-2,"name":"Evan Fournier","pos":"SG","hgt":78,"weight":190,"imgURL":"http://a.espncdn.com/i/nba/draft2012/headshots/19672.jpg","born":{"year":1992,"loc":"Saint-Maurice, France"},"contract":{"amount":"","exp":""},"draft":{"round":"","pick":"","tid":"","originalTid":"","year":""},
"college":"France","ratings":[{"hgt":50,"stre":43,"spd":66,"jmp":73,"endu":60,"ins":34,"dnk":62,"ft":52,"fg":56,"tp":63,"blk":48,"stl":64,"drb":63,"pss":62,"reb":60,"pot":62}],"skills":[]},{"tid":-2,"name":"Jared Sullinger","pos":"C","hgt":81,"weight":280,"imgURL":"http://a.espncdn.com/i/headshots/nba/players/full/6624.png","born":{"year":1992,"loc":"Columbus, OH"},"contract":{"amount":"","exp":""},"draft":{"round":"","pick":"","tid":"","originalTid":"","year":""},
"college":"Ohio State","ratings":[{"hgt":74,"stre":63,"spd":43,"jmp":67,"endu":50,"ins":73,"dnk":76,"ft":64,"fg":53,"tp":24,"blk":67,"stl":45,"drb":43,"pss":54,"reb":74,"pot":62}],"skills":[]},{"tid":-2,"name":"Fab Melo","pos":"C","hgt":84,"weight":255,"imgURL":"http://a.espncdn.com/i/headshots/nba/players/full/6608.png","born":{"year":1990,"loc":"Juiz de Forz, Brazil"},"contract":{"amount":"","exp":""},"draft":{"round":"","pick":"","tid":"","originalTid":"","year":""},
"college":"Syracuse","ratings":[{"hgt":83,"stre":67,"spd":48,"jmp":42,"endu":44,"ins":65,"dnk":61,"ft":54,"fg":34,"tp":0,"blk":65,"stl":43,"drb":47,"pss":45,"reb":67,"pot":51}],"skills":[]},{"tid":-2,"name":"John Jenkins","pos":"SG","hgt":76,"weight":215,"imgURL":"http://a.espncdn.com/i/headshots/nba/players/full/6594.png","born":{"year":1991,"loc":"Nashville, TN"},"contract":{"amount":"","exp":""},"draft":{"round":"","pick":"","tid":"","originalTid":"","year":""},
"college":"Vanderbilt","ratings":[{"hgt":36,"stre":43,"spd":63,"jmp":63,"endu":54,"ins":46,"dnk":54,"ft":63,"fg":64,"tp":56,"blk":21,"stl":43,"drb":45,"pss":44,"reb":34,"pot":50}],"skills":[]},{"tid":-2,"name":"Jared Cunningham","pos":"SG","hgt":76,"weight":194,"imgURL":"http://a.espncdn.com/i/headshots/nba/players/full/6582.png","born":{"year":1991,"loc":"Oakland, CA"},"contract":{"amount":"","exp":""},"draft":{"round":"","pick":"","tid":"","originalTid":"","year":""},
"college":"Oregon State","ratings":[{"hgt":36,"stre":53,"spd":53,"jmp":54,"endu":55,"ins":34,"dnk":54,"ft":65,"fg":54,"tp":48,"blk":34,"stl":45,"drb":48,"pss":41,"reb":34,"pot":53}],"skills":[]},{"tid":-2,"name":"Tony Wroten","pos":"SG","hgt":77,"weight":205,"imgURL":"http://a.espncdn.com/i/headshots/nba/players/full/6630.png","born":{"year":1993,"loc":"Seattle, WA"},"contract":{"amount":"","exp":""},"draft":{"round":"","pick":"","tid":"","originalTid":"","year":""},
"college":"Washington","ratings":[{"hgt":45,"stre":44,"spd":56,"jmp":63,"endu":51,"ins":44,"dnk":51,"ft":56,"fg":53,"tp":57,"blk":43,"stl":56,"drb":45,"pss":43,"reb":56,"pot":55}],"skills":[]},{"tid":-2,"name":"Miles Plumlee","pos":"C","hgt":82,"weight":245,"imgURL":"http://a.espncdn.com/i/headshots/nba/players/full/6616.png","born":{"year":1988,"loc":"Fort Wayne, IN"},"contract":{"amount":"","exp":""},"draft":{"round":"","pick":"","tid":"","originalTid":"","year":""},
"college":"Duke","ratings":[{"hgt":83,"stre":63,"spd":34,"jmp":65,"endu":54,"ins":67,"dnk":66,"ft":45,"fg":34,"tp":12,"blk":65,"stl":33,"drb":32,"pss":43,"reb":66,"pot":54}],"skills":[]},{"tid":-2,"name":"Arnett Moultrie","pos":"PF","hgt":83,"weight":249,"imgURL":"http://a.espncdn.com/i/headshots/nba/players/full/6612.png","born":{"year":1990,"loc":"Queens, NY"},"contract":{"amount":"","exp":""},"draft":{"round":"","pick":"","tid":"","originalTid":"","year":""},"ratings":[{"hgt":85,"stre":51,"spd":45,"jmp":56,"endu":41,"ins":45,"dnk":51,"ft":65,"fg":54,"tp":0,"blk":41,"stl":45,"drb":24,"pss":47,"reb":67,"pot":50}],"skills":[]},{"tid":-2,"name":"Perry Jones","pos":"PF","hgt":83,"weight":235,"imgURL":"http://a.espncdn.com/i/headshots/nba/players/full/6598.png","born":{"year":1991,"loc":"Winnsboro, LA"},"contract":{"amount":"","exp":""},"draft":{"round":"","pick":"","tid":"","originalTid":"","year":""},"ratings":[{"hgt":87,"stre":47,"spd":59,"jmp":77,"endu":43,"ins":54,"dnk":44,"ft":57,"fg":43,"tp":45,"blk":53,"stl":54,"drb":44,"pss":34,"reb":25,"pot":59}],"skills":[]},{"tid":-2,"name":"Marquis Teague","pos":"G","hgt":74,"weight":189,"imgURL":"http://a.espncdn.com/i/headshots/nba/players/full/6626.png","born":{"year":1993,"loc":"Indianapolis, IN"},"contract":{"amount":"","exp":""},"draft":{"round":"","pick":"","tid":"","originalTid":"","year":""},
"college":"Kentucky","ratings":[{"hgt":21,"stre":41,"spd":71,"jmp":55,"endu":57,"ins":32,"dnk":55,"ft":47,"fg":51,"tp":42,"blk":45,"stl":43,"drb":65,"pss":63,"reb":35,"pot":50}],"skills":[]},{"tid":-2,"name":"Festus Ezeli","pos":"C","hgt":83,"weight":255,"imgURL":"http://a.espncdn.com/i/headshots/nba/players/full/6587.png","born":{"year":1989,"loc":"Benin City, Nigeria"},"contract":{"amount":"","exp":""},"draft":{"round":"","pick":"","tid":"","originalTid":"","year":""},"ratings":[{"hgt":83,"stre":84,"spd":36,"jmp":55,"endu":43,"ins":67,"dnk":61,"ft":55,"fg":45,"tp":48,"blk":51,"stl":34,"drb":33,"pss":47,"reb":63,"pot":54}],"skills":[]},{"tid":-2,"name":"Jeff Taylor","pos":"SF","hgt":79,"weight":225,"imgURL":"http://a.espncdn.com/i/headshots/nba/players/full/6156.png","born":{"year":1989,"loc":"Norkopping, Sweden"},"contract":{"amount":"","exp":""},"draft":{"round":"","pick":"","tid":"","originalTid":"","year":""},"ratings":[{"hgt":55,"stre":54,"spd":43,"jmp":63,"endu":55,"ins":43,"dnk":43,"ft":64,"fg":52,"tp":41,"blk":47,"stl":53,"drb":45,"pss":44,"reb":45,"pot":52}],"skills":[]},{"tid":-2,"name":"Tomas Satoransky","pos":"SG","hgt":78,"weight":200,"imgURL":"http://basketball.realgm.com/images/nba/4.2/profiles/photos/2006/Satoransky_Tomas_euro.jpg","born":{"year":1991,"loc":"Prague, Czech Republic"},"contract":{"amount":"","exp":""},"draft":{"round":"","pick":"","tid":"","originalTid":"","year":""},"ratings":[{"hgt":45,"stre":34,"spd":47,"jmp":54,"endu":43,"ins":36,"dnk":47,"ft":56,"fg":43,"tp":45,"blk":32,"stl":45,"drb":49,"pss":45,"reb":43,"pot":48}],"skills":[]},{"tid":-2,"name":"Bernard James","pos":"C","hgt":82,"weight":240,"imgURL":"http://a.espncdn.com/i/headshots/nba/players/full/6593.png","born":{"year":1985,"loc":"Savannah, GA"},"contract":{"amount":"","exp":""},"draft":{"round":"","pick":"","tid":"","originalTid":"","year":""},"ratings":[{"hgt":77,"stre":73,"spd":38,"jmp":45,"endu":56,"ins":55,"dnk":52,"ft":54,"fg":45,"tp":0,"blk":65,"stl":43,"drb":23,"pss":47,"reb":76,"pot":55}],"skills":[]},{"tid":-2,"name":"Jae Crowder","pos":"SF","hgt":79,"weight":240,"imgURL":"http://a.espncdn.com/i/headshots/nba/players/full/6581.png","born":{"year":1990,"loc":"Villa Rica, GA"},"contract":{"amount":"","exp":""},"draft":{"round":"","pick":"","tid":"","originalTid":"","year":""},"ratings":[{"hgt":54,"stre":66,"spd":45,"jmp":47,"endu":52,"ins":53,"dnk":56,"ft":62,"fg":45,"tp":51,"blk":44,"stl":54,"drb":46,"pss":41,"reb":45,"pot":60}],"skills":[]},{"tid":-2,"name":"Draymond Green","pos":"SF","hgt":79,"weight":230,"imgURL":"http://a.espncdn.com/i/headshots/nba/players/full/6589.png","born":{"year":1990,"loc":"Saginaw, MI"},"contract":{"amount":"","exp":""},"draft":{"round":"","pick":"","tid":"","originalTid":"","year":""},"ratings":[{"hgt":63,"stre":65,"spd":64,"jmp":56,"endu":56,"ins":34,"dnk":41,"ft":65,"fg":54,"tp":57,"blk":54,"stl":43,"drb":44,"pss":41,"reb":63,"pot":59}],"skills":[]},{"tid":-2,"name":"Orlando Johnson","pos":"SG","hgt":77,"weight":220,"imgURL":"http://a.espncdn.com/i/headshots/nba/players/full/6595.png","born":{"year":1989,"loc":"Monterey, CA"},"contract":{"amount":"","exp":""},"draft":{"round":"","pick":"","tid":"","originalTid":"","year":""},"ratings":[{"hgt":45,"stre":46,"spd":56,"jmp":64,"endu":55,"ins":34,"dnk":37,"ft":57,"fg":64,"tp":43,"blk":54,"stl":54,"drb":44,"pss":43,"reb":32,"pot":52}],"skills":[]},{"tid":-2,"name":"Quincy Acy","pos":"PF","hgt":79,"weight":233,"imgURL":"http://a.espncdn.com/i/headshots/nba/players/full/6576.png","born":{"year":1990,"loc":"Tyler, TX"},"contract":{"amount":"","exp":""},"draft":{"round":"","pick":"","tid":"","originalTid":"","year":""},
"college":"Baylor","ratings":[{"hgt":54,"stre":55,"spd":54,"jmp":55,"endu":47,"ins":51,"dnk":45,"ft":63,"fg":43,"tp":32,"blk":54,"stl":43,"drb":46,"pss":52,"reb":53,"pot":56}],"skills":[]},{"tid":-2,"name":"Quincy Miller","pos":"SF","hgt":81,"weight":210,"imgURL":"http://a.espncdn.com/i/headshots/nba/players/full/6611.png","born":{"year":1992,"loc":"Chicago, IL"},"contract":{"amount":"","exp":""},"draft":{"round":"","pick":"","tid":"","originalTid":"","year":""},
"college":"Baylor","ratings":[{"hgt":54,"stre":47,"spd":46,"jmp":54,"endu":56,"ins":56,"dnk":54,"ft":54,"fg":53,"tp":54,"blk":34,"stl":45,"drb":43,"pss":44,"reb":42,"pot":52}],"skills":[]},{"tid":-2,"name":"Khris Middleton","pos":"GF","hgt":79,"weight":215,"imgURL":"http://a.espncdn.com/i/headshots/nba/players/full/6609.png","born":{"year":1991,"loc":"Charleston, SC"},"contract":{"amount":"","exp":""},"draft":{"round":"","pick":"","tid":"","originalTid":"","year":""},
"college":"Texas A&M","ratings":[{"hgt":59,"stre":44,"spd":64,"jmp":64,"endu":54,"ins":43,"dnk":41,"ft":65,"fg":56,"tp":63,"blk":36,"stl":54,"drb":44,"pss":58,"reb":45,"pot":58}],"skills":[]},{"tid":-2,"name":"Will Barton","pos":"SG","hgt":78,"weight":174,"imgURL":"http://a.espncdn.com/i/headshots/nba/players/full/6579.png","born":{"year":1991,"loc":"Baltimore, MD"},"contract":{"amount":"","exp":""},"draft":{"round":"","pick":"","tid":"","originalTid":"","year":""},
"college":"Memphis","ratings":[{"hgt":49,"stre":37,"spd":66,"jmp":65,"endu":43,"ins":46,"dnk":49,"ft":56,"fg":63,"tp":43,"blk":31,"stl":44,"drb":54,"pss":55,"reb":56,"pot":46}],"skills":[]},{"tid":-2,"name":"Tyshawn Taylor","pos":"PG","hgt":75,"weight":185,"imgURL":"http://a.espncdn.com/i/headshots/nba/players/full/6625.png","born":{"year":1990,"loc":"Hoboken, NJ"},"contract":{"amount":"","exp":""},"draft":{"round":"","pick":"","tid":"","originalTid":"","year":""},
"college":"Kansas","ratings":[{"hgt":28,"stre":45,"spd":65,"jmp":67,"endu":44,"ins":23,"dnk":41,"ft":65,"fg":56,"tp":60,"blk":45,"stl":54,"drb":62,"pss":45,"reb":43,"pot":52}],"skills":[]},{"tid":-2,"name":"Doron Lamb","pos":"SG","hgt":76,"weight":210,"imgURL":"http://a.espncdn.com/i/headshots/nba/players/full/6604.png","born":{"year":1991,"loc":"Queens, NY"},"contract":{"amount":"","exp":""},"draft":{"round":"","pick":"","tid":"","originalTid":"","year":""},
"college":"Kentucky","ratings":[{"hgt":45,"stre":45,"spd":56,"jmp":54,"endu":56,"ins":45,"dnk":45,"ft":57,"fg":65,"tp":58,"blk":43,"stl":46,"drb":47,"pss":54,"reb":45,"pot":53}],"skills":[]},{"tid":-2,"name":"Mike Scott","pos":"PF","hgt":80,"weight":237,"imgURL":"http://a.espncdn.com/i/headshots/nba/players/full/6622.png","born":{"year":1988,"loc":"Chesapeake, VA"},"contract":{"amount":"","exp":""},"draft":{"round":"","pick":"","tid":"","originalTid":"","year":""},
"college":"Virginia","ratings":[{"hgt":65,"stre":64,"spd":43,"jmp":56,"endu":43,"ins":57,"dnk":63,"ft":65,"fg":34,"tp":30,"blk":65,"stl":55,"drb":35,"pss":35,"reb":60,"pot":54}],"skills":[]},{"tid":-2,"name":"Kim English","pos":"SG","hgt":78,"weight":200,"imgURL":"http://a.espncdn.com/i/headshots/nba/players/full/6586.png","born":{"year":1988,"loc":"Baltimore, MD"},"contract":{"amount":"","exp":""},"draft":{"round":"","pick":"","tid":"","originalTid":"","year":""},
"college":"Missouri","ratings":[{"hgt":56,"stre":43,"spd":54,"jmp":64,"endu":56,"ins":43,"dnk":45,"ft":59,"fg":65,"tp":56,"blk":32,"stl":43,"drb":44,"pss":51,"reb":43,"pot":51}],"skills":[]},{"tid":-2,"name":"Justin Hamilton","pos":"C","hgt":84,"weight":260,"imgURL":"http://a.espncdn.com/i/nba/draft2012/headshots/19810.jpg","born":{"year":1990,"loc":"Newport Beach, CA"},"contract":{"amount":"","exp":""},"draft":{"round":"","pick":"","tid":"","originalTid":"","year":""},
"college":"LSU","ratings":[{"hgt":92,"stre":75,"spd":32,"jmp":43,"endu":26,"ins":43,"dnk":54,"ft":51,"fg":32,"tp":12,"blk":64,"stl":32,"drb":33,"pss":39,"reb":65,"pot":46}],"skills":[]},{"tid":-2,"name":"Darius Miller","pos":"SF","hgt":80,"weight":235,"imgURL":"http://a.espncdn.com/i/headshots/nba/players/full/6610.png","born":{"year":1990,"loc":"Maysville, KY"},"contract":{"amount":"","exp":""},"draft":{"round":"","pick":"","tid":"","originalTid":"","year":""},
"college":"Kentucky","ratings":[{"hgt":64,"stre":56,"spd":45,"jmp":54,"endu":46,"ins":49,"dnk":46,"ft":53,"fg":43,"tp":32,"blk":45,"stl":43,"drb":46,"pss":45,"reb":43,"pot":47}],"skills":[]},{"tid":-2,"name":"Kevin Murphy","pos":"SG","hgt":78,"weight":185,"imgURL":"http://a.espncdn.com/i/headshots/nba/players/full/6613.png","born":{"year":1990,"loc":"Atlanta, GA"},"contract":{"amount":"","exp":""},"draft":{"round":"","pick":"","tid":"","originalTid":"","year":""},
"college":"Tennessee Tech","ratings":[{"hgt":51,"stre":45,"spd":55,"jmp":56,"endu":53,"ins":41,"dnk":43,"ft":63,"fg":54,"tp":43,"blk":43,"stl":45,"drb":47,"pss":56,"reb":56,"pot":52}],"skills":[]},{"tid":-2,"name":"Kostas Papanikolaou","pos":"PF","hgt":81,"weight":225,"imgURL":"http://basketball.realgm.com/images/nba/4.2/profiles/photos/2006/Papanikolaou_Kostas_euro.jpg","born":{"year":1990,"loc":"Trikala, Greece"},"contract":{"amount":"","exp":""},"draft":{"round":"","pick":"","tid":"","originalTid":"","year":""},
"college":"Greece","ratings":[{"hgt":71,"stre":65,"spd":36,"jmp":54,"endu":45,"ins":54,"dnk":61,"ft":54,"fg":34,"tp":14,"blk":64,"stl":43,"drb":26,"pss":43,"reb":45,"pot":49}],"skills":[]},{"tid":-2,"name":"Kyle O'Quinn","pos":"C","hgt":82,"weight":240,"imgURL":"http://a.espncdn.com/i/headshots/nba/players/full/6615.png","born":{"year":1990,"loc":"Flushing, NY"},"contract":{"amount":"","exp":""},"draft":{"round":"","pick":"","tid":"","originalTid":"","year":""},
"college":"Norfolk State","ratings":[{"hgt":76,"stre":66,"spd":43,"jmp":57,"endu":46,"ins":65,"dnk":66,"ft":45,"fg":32,"tp":14,"blk":67,"stl":34,"drb":38,"pss":45,"reb":64,"pot":54}],"skills":[]},{"tid":-2,"name":"Izzet Turkyilmaz","pos":"C","hgt":84,"weight":211,"imgURL":"http://basketball.realgm.com/images/nba/4.2/profiles/photos/2006/Turkyilmaz_Izzet_euro.jpg","born":{"year":1990,"loc":"Burhaniye, Turkey"},"contract":{"amount":"","exp":""},"draft":{"round":"","pick":"","tid":"","originalTid":"","year":""},
"college":"Turkey","ratings":[{"hgt":74,"stre":67,"spd":45,"jmp":45,"endu":54,"ins":57,"dnk":53,"ft":57,"fg":26,"tp":0,"blk":56,"stl":45,"drb":25,"pss":35,"reb":43,"pot":45}],"skills":[]},{"tid":-2,"name":"Kris Joseph","pos":"SF","hgt":79,"weight":210,"imgURL":"http://a.espncdn.com/i/headshots/nba/players/full/6599.png","born":{"year":1988,"loc":"Montreal, Canada"},"contract":{"amount":"","exp":""},"draft":{"round":"","pick":"","tid":"","originalTid":"","year":""},
"college":"Syracuse","ratings":[{"hgt":54,"stre":57,"spd":57,"jmp":51,"endu":54,"ins":34,"dnk":43,"ft":65,"fg":54,"tp":43,"blk":34,"stl":54,"drb":43,"pss":44,"reb":45,"pot":51}],"skills":[]},{"tid":-2,"name":"Ognjen Kuzmic","pos":"C","hgt":85,"weight":251,"imgURL":"http://basketball.realgm.com/images/nba/4.2/profiles/photos/2006/Kuzmic_Ognjen_gsw_1314.jpg","born":{"year":1990,"loc":"Doboj, Bosnia"},"contract":{"amount":"","exp":""},"draft":{"round":"","pick":"","tid":"","originalTid":"","year":""},
"college":"Bosnia and Herzegovina","ratings":[{"hgt":90,"stre":55,"spd":36,"jmp":53,"endu":43,"ins":54,"dnk":47,"ft":54,"fg":35,"tp":12,"blk":45,"stl":46,"drb":48,"pss":52,"reb":63,"pot":49}],"skills":[]},{"tid":-2,"name":"Furkan Aldemir","pos":"PF","hgt":81,"weight":220,"imgURL":"http://basketball.realgm.com/images/nba/4.2/profiles/photos/2006/Aldemir_Furkan_euro.jpg","born":{"year":1991,"loc":"Konak, Turkey"},"contract":{"amount":"","exp":""},"draft":{"round":"","pick":"","tid":"","originalTid":"","year":""},
"college":"Turkey","ratings":[{"hgt":76,"stre":65,"spd":34,"jmp":67,"endu":31,"ins":67,"dnk":64,"ft":54,"fg":43,"tp":17,"blk":65,"stl":43,"drb":38,"pss":43,"reb":73,"pot":53}],"skills":[]},{"tid":-2,"name":"Tornike Shengelia","pos":"SF","hgt":81,"weight":217,"imgURL":"http://a.espncdn.com/i/nba/draft2012/headshots/19744.jpg","born":{"year":1991,"loc":"Tbilisi, Georgia"},"contract":{"amount":"","exp":""},"draft":{"round":"","pick":"","tid":"","originalTid":"","year":""},
"college":"Georgia","ratings":[{"hgt":71,"stre":56,"spd":54,"jmp":45,"endu":43,"ins":43,"dnk":23,"ft":54,"fg":45,"tp":54,"blk":34,"stl":54,"drb":43,"pss":54,"reb":44,"pot":49}],"skills":[]},{"tid":-2,"name":"Darius Johnson-Odom","pos":"SG","hgt":74,"weight":215,"imgURL":"http://a.espncdn.com/i/headshots/nba/players/full/6596.png","born":{"year":1989,"loc":"Raleigh, NC"},"contract":{"amount":"","exp":""},"draft":{"round":"","pick":"","tid":"","originalTid":"","year":""},"ratings":[{"hgt":44,"stre":44,"spd":47,"jmp":54,"endu":36,"ins":32,"dnk":43,"ft":56,"fg":54,"tp":57,"blk":32,"stl":43,"drb":44,"pss":49,"reb":32,"pot":45}],"skills":[]},{"tid":-2,"name":"Tomislav Zubcic","pos":"C","hgt":82,"weight":210,"imgURL":"http://basketball.realgm.com/images/nba/4.2/profiles/photos/2006/Zubcic_Tomislav_euro.jpg","born":{"year":1990,"loc":"Zadar, Croatia"},"contract":{"amount":"","exp":""},"draft":{"round":"","pick":"","tid":"","originalTid":"","year":""},"ratings":[{"hgt":75,"stre":54,"spd":32,"jmp":43,"endu":54,"ins":43,"dnk":54,"ft":65,"fg":43,"tp":12,"blk":65,"stl":54,"drb":44,"pss":54,"reb":65,"pot":54}],"skills":[]},{"tid":-2,"name":"Ilkan Karaman","pos":"PF","hgt":80,"weight":254,"imgURL":"http://cdn.fenerbahce.org/pic_lib/2012-10-25_ilkankaraman446.jpg","born":{"year":1990,"loc":"Istanbul, Turkey"},"contract":{"amount":"","exp":""},"draft":{"round":"","pick":"","tid":"","originalTid":"","year":""},"ratings":[{"hgt":75,"stre":54,"spd":43,"jmp":54,"endu":65,"ins":43,"dnk":34,"ft":54,"fg":54,"tp":34,"blk":54,"stl":43,"drb":54,"pss":43,"reb":54,"pot":51}],"skills":[]},{"tid":-2,"name":"Robbie Hummel","pos":"SF","hgt":80,"weight":215,"imgURL":"http://a.espncdn.com/i/headshots/nba/players/full/6633.png","born":{"year":1989,"loc":"Valparaiso, IN"},"contract":{"amount":"","exp":""},"draft":{"round":"","pick":"","tid":"","originalTid":"","year":""},"ratings":[{"hgt":60,"stre":45,"spd":65,"jmp":45,"endu":54,"ins":65,"dnk":34,"ft":54,"fg":65,"tp":34,"blk":54,"stl":34,"drb":54,"pss":54,"reb":55,"pot":51}],"skills":[]},{"tid":-2,"name":"Marcus Denmon","pos":"G","hgt":75,"weight":185,"imgURL":"http://basketball.realgm.com/images/nba/4.2/profiles/photos/2006/Denmon_Marcus_ncaami.jpg","born":{"year":1990,"loc":"Kansas City, MO"},"contract":{"amount":"","exp":""},"draft":{"round":"","pick":"","tid":"","originalTid":"","year":""},"ratings":[{"hgt":29,"stre":44,"spd":65,"jmp":43,"endu":44,"ins":43,"dnk":34,"ft":54,"fg":34,"tp":54,"blk":32,"stl":44,"drb":47,"pss":58,"reb":47,"pot":47}],"skills":[]},{"tid":-2,"name":"Robert Sacre","pos":"C","hgt":84,"weight":263,"imgURL":"http://a.espncdn.com/i/headshots/nba/players/full/6620.png","born":{"year":1989,"loc":"Baton Rouge, LA"},"contract":{"amount":"","exp":""},"draft":{"round":"","pick":"","tid":"","originalTid":"","year":""},"ratings":[{"hgt":77,"stre":65,"spd":42,"jmp":56,"endu":56,"ins":65,"dnk":43,"ft":56,"fg":43,"tp":12,"blk":54,"stl":43,"drb":33,"pss":43,"reb":54,"pot":49}],"skills":[]},{"tid":-2,"name":"Kent Bazemore","pos":"GF","hgt":77,"weight":201,"imgURL":"http://a.espncdn.com/combiner/i?img=/i/headshots/nba/players/full/6637.png&w=350&h=254","born":{"year":1989,"loc":"Kelford, NC"},"contract":{"amount":"","exp":""},"draft":{"round":"","pick":"","tid":"","originalTid":"","year":""},
"college":"Old Dominion","ratings":[{"hgt":52,"stre":31,"spd":68,"jmp":66,"endu":43,"ins":21,"dnk":58,"ft":52,"fg":64,"tp":56,"blk":32,"stl":46,"drb":47,"pss":54,"reb":41,"pot":55}],"skills":[]},{"tid":-2,"name":"Christapher Johnson","pos":"SF","hgt":78,"weight":201,"imgURL":"http://basketball.realgm.com/images/nba/4.2/profiles/photos/2006/Johnson_Chris_bkn_1314.jpg","born":{"year":1990,"loc":"Columbus, OH"},"contract":{"amount":"","exp":""},"draft":{"round":"","pick":"","tid":"","originalTid":"","year":""},
"college":"Dayton","ratings":[{"hgt":57,"stre":44,"spd":37,"jmp":43,"endu":27,"ins":47,"dnk":54,"ft":45,"fg":33,"tp":32,"blk":45,"stl":35,"drb":36,"pss":34,"reb":53,"pot":46}],"skills":[]},{"tid":-2,"name":"Henry Sims","pos":"C","hgt":82,"weight":248,"imgURL":"http://basketball.realgm.com/images/nba/4.2/profiles/photos/2006/Sims_Henry_cle_1314.jpg","born":{"year":1990,"loc":"Baltimore, MD"},"contract":{"amount":"","exp":""},"draft":{"round":"","pick":"","tid":"","originalTid":"","year":""},
"college":"Georgetown","ratings":[{"hgt":78,"stre":59,"spd":33,"jmp":45,"endu":34,"ins":56,"dnk":63,"ft":45,"fg":36,"tp":5,"blk":56,"stl":32,"drb":33,"pss":43,"reb":63,"pot":48}],"skills":[]},{"tid":-2,"name":"Jorge Gutierrez","pos":"PG","hgt":75,"weight":195,"imgURL":"http://basketball.realgm.com/images/nba/4.2/profiles/photos/2006/Gutierrez_Jorge_bkn_1314.jpg","born":{"year":1988,"loc":"Chihuahua, Mexico"},"contract":{"amount":"","exp":""},"draft":{"round":"","pick":"","tid":"","originalTid":"","year":""},
"college":"California","ratings":[{"hgt":43,"stre":37,"spd":58,"jmp":46,"endu":42,"ins":32,"dnk":43,"ft":56,"fg":53,"tp":46,"blk":32,"stl":43,"drb":69,"pss":61,"reb":37,"pot":47}],"skills":[]},{"tid":-2,"name":"DeQuan Jones","pos":"GF","hgt":80,"weight":220,"imgURL":"http://basketball.realgm.com/images/nba/4.2/profiles/photos/2006/Jones_DeQuan_dleague.jpg","born":{"year":1990,"loc":"Stone Mountain, GA"},"contract":{"amount":"","exp":""},"draft":{"round":"","pick":"","tid":"","originalTid":"","year":""},
"college":"Miami (FL)","ratings":[{"hgt":53,"stre":41,"spd":45,"jmp":32,"endu":24,"ins":43,"dnk":43,"ft":26,"fg":43,"tp":47,"blk":43,"stl":43,"drb":33,"pss":34,"reb":45,"pot":43}],"skills":[]},{"tid":-2,"name":"Scott Machado","pos":"PG","hgt":73,"weight":205,"imgURL":"http://basketball.realgm.com/images/nba/4.2/profiles/photos/2006/Machado_Scott_uta_1314.jpg","born":{"year":1990,"loc":"Queens, NY"},"contract":{"amount":"","exp":""},"draft":{"round":"","pick":"","tid":"","originalTid":"","year":""},
"college":"Iona","ratings":[{"hgt":37,"stre":27,"spd":36,"jmp":35,"endu":46,"ins":36,"dnk":34,"ft":45,"fg":36,"tp":42,"blk":35,"stl":36,"drb":67,"pss":36,"reb":34,"pot":45}],"skills":[]},{"tid":-2,"name":"Toure' Murry","pos":"G","hgt":77,"weight":195,"imgURL":"http://basketball.realgm.com/images/nba/4.2/profiles/photos/2006/Murry_Toure_nyk_1314.jpg","born":{"year":1989,"loc":"Houston, TX"},"contract":{"amount":"","exp":""},"draft":{"round":"","pick":"","tid":"","originalTid":"","year":""},"ratings":[{"hgt":43,"stre":37,"spd":66,"jmp":42,"endu":38,"ins":33,"dnk":31,"ft":54,"fg":47,"tp":53,"blk":32,"stl":37,"drb":63,"pss":41,"reb":27,"pot":53}],"skills":[]},{"tid":-2,"name":"James Nunnally","pos":"PF","hgt":79,"weight":205,"imgURL":"http://basketball.realgm.com/images/nba/4.2/profiles/photos/2006/Nunnally_James_phx_1314.jpg","born":{"year":1990,"loc":"San Jose, CA"},"contract":{"amount":"","exp":""},"draft":{"round":"","pick":"","tid":"","originalTid":"","year":""},"ratings":[{"hgt":56,"stre":42,"spd":34,"jmp":43,"endu":34,"ins":45,"dnk":43,"ft":42,"fg":38,"tp":23,"blk":45,"stl":36,"drb":36,"pss":34,"reb":43,"pot":40}],"skills":[]},
{
"tid":-2,
"name":"JaMychal Green",
"pos":"PF","hgt":81,"weight":227,
"imgURL":"http://basketball.realgm.com/images/nba/4.2/profiles/photos/2006/Green_JaMychal_mem1516.jpg",
"born":{"year":1990,"loc":"Montgomery, AL"},"contract":{"amount":"","exp":""},"draft":{"round":"","pick":"","tid":"","originalTid":"","year":""},
"college":"Alabama",
"ratings":[{"hgt":71,"stre":52,"spd":44,"jmp":63,"endu":34,"ins":55,"dnk":53,"ft":42,"fg":28,"tp":33,"blk":45,"stl":36,"drb":36,"pss":34,"reb":43,"pot":54}],"skills":[]},
{"tid":-2,"name":"Chris Smith","pos":"G","hgt":74,"weight":200,"imgURL":"http://a.espncdn.com/combiner/i?img=/i/headshots/nba/players/full/6639.png&w=350&h=254","born":{"year":1987,"loc":"Millstone, NJ"},"contract":{"amount":"","exp":""},"draft":{"round":"","pick":"","tid":"","originalTid":"","year":""},
"college":"Louisville","ratings":[{"hgt":21,"stre":31,"spd":54,"jmp":46,"endu":36,"ins":35,"dnk":36,"ft":46,"fg":43,"tp":38,"blk":43,"stl":32,"drb":43,"pss":44,"reb":34,"pot":43}],"skills":[]},{"tid":-2,"name":"Casper Ware","pos":"G","hgt":70,"weight":175,"imgURL":"http://a.espncdn.com/combiner/i?img=/i/headshots/nba/players/full/2326434.png&w=350&h=254","born":{"year":1990,"loc":"Cerritos, CA"},"contract":{"amount":"","exp":""},"draft":{"round":"","pick":"","tid":"","originalTid":"","year":""},
"college":"Long Beach State","ratings":[{"hgt":3,"stre":45,"spd":47,"jmp":44,"endu":54,"ins":32,"dnk":35,"ft":45,"fg":43,"tp":48,"blk":23,"stl":43,"drb":44,"pss":41,"reb":36,"pot":49}],"skills":[]}]
}