{"startingSeason":2011,
"players":[
{"tid":-2,"name":"Kyrie Irving","pos":"G","hgt":75,"weight":193,"imgURL":"http://basketball.realgm.com/images/nba/4.2/profiles/photos/2006/Irving_Kyrie_cle14.jpg","born":{"year":1992,"loc":"Melbourne, Australia"},"contract":{"amount":"","exp":""},"draft":{"round":"","pick":"","tid":"","orig. team":"","year":""},
"college":"Duke","ratings":[{"hgt":36,"stre":46,"spd":87,"jmp":90,"endu":88,"ins":45,"dnk":82,"ft":87,"fg":75,"tp":75,"blk":32,"stl":67,"drb":95,"pss":55,"reb":56,"pot":85}],"skills":[]},{"tid":-2,"name":"Derrick Williams","pos":"F","hgt":80,"weight":240,"imgURL":"http://basketball.realgm.com/images/nba/4.2/profiles/photos/2006/Williams_Derrick_sac14.jpg",
"college":"Arizona","born":{"year":1991,"loc":"Bellflower, CA"},"contract":{"amount":"","exp":""},"draft":{"round":"","pick":"","tid":"","orig. team":"","year":""},"ratings":[{"hgt":67,"stre":63,"spd":45,"jmp":55,"endu":68,"ins":63,"dnk":65,"ft":75,"fg":63,"tp":25,"blk":73,"stl":43,"drb":41,"pss":45,"reb":63,"pot":64}],"skills":[]},{"tid":-2,"name":"Enes Kanter","pos":"FC","hgt":83,"weight":247,"imgURL":"http://basketball.realgm.com/images/nba/4.2/profiles/photos/2006/Kanter_Enes_uta14.jpg","born":{"year":1992,"loc":"Zurich, Switzerland"},"contract":{"amount":"","exp":""},"draft":{"round":"","pick":"","tid":"","orig. team":"","year":""},
"college":"Kentucky","ratings":[{"hgt":85,"stre":66,"spd":51,"jmp":67,"endu":72,"ins":78,"dnk":74,"ft":75,"fg":64,"tp":34,"blk":65,"stl":43,"drb":38,"pss":53,"reb":81,"pot":66}],"skills":[]},{"tid":-2,"name":"Tristan Thompson","pos":"F","hgt":82,"weight":238,"imgURL":"http://basketball.realgm.com/images/nba/4.2/profiles/photos/2006/Thompson_Tristan_cle14.jpg","born":{"year":1991,"loc":"Toronto, Canada"},"contract":{"amount":"","exp":""},"draft":{"round":"","pick":"","tid":"","orig. team":"","year":""},
"college":"Texas","ratings":[{"hgt":78,"stre":54,"spd":63,"jmp":69,"endu":67,"ins":63,"dnk":59,"ft":74,"fg":65,"tp":68,"blk":53,"stl":56,"drb":47,"pss":53,"reb":76,"pot":65}],"skills":[]},{"tid":-2,"name":"Jonas Valanciunas","pos":"C","hgt":84,"weight":255,"imgURL":"http://basketball.realgm.com/images/nba/4.2/profiles/photos/2006/Valanciunas_Jonas_tor14.jpg","born":{"year":1992,"loc":"Utena, Lithuania"},"contract":{"amount":"","exp":""},"draft":{"round":"","pick":"","tid":"","orig. team":"","year":""},
"college":"Lithuania","ratings":[{"hgt":92,"stre":63,"spd":45,"jmp":55,"endu":68,"ins":63,"dnk":65,"ft":75,"fg":63,"tp":25,"blk":73,"stl":43,"drb":41,"pss":45,"reb":63,"pot":66}],"skills":[]},{"tid":-2,"name":"Jan Vesely","pos":"PF","hgt":83,"weight":240,"imgURL":"http://basketball.realgm.com/images/nba/4.2/profiles/photos/2006/Vesely_Jan_was_1314.jpg","born":{"year":1990,"loc":"Ostrava, Czech Republic"},"contract":{"amount":"","exp":""},"draft":{"round":"","pick":"","tid":"","orig. team":"","year":""},
"college":"Czech Republic","ratings":[{"hgt":85,"stre":42,"spd":49,"jmp":63,"endu":35,"ins":57,"dnk":53,"ft":74,"fg":50,"tp":12,"blk":78,"stl":45,"drb":38,"pss":44,"reb":68,"pot":72}],"skills":[]},{"tid":-2,"name":"Bismack Biyombo","pos":"PF","hgt":81,"weight":245,"imgURL":"http://basketball.realgm.com/images/nba/4.2/profiles/photos/2006/Biyombo_Bismack_cha14.jpg","born":{"year":1991,"loc":"Lubumbashi, Congo"},"contract":{"amount":"","exp":""},"draft":{"round":"","pick":"","tid":"","orig. team":"","year":""},
"college":"Congo","ratings":[{"hgt":78,"stre":68,"spd":58,"jmp":67,"endu":49,"ins":54,"dnk":35,"ft":63,"fg":65,"tp":0,"blk":28,"stl":56,"drb":27,"pss":63,"reb":42,"pot":67}],"skills":[]},{"tid":-2,"name":"Brandon Knight","pos":"G","hgt":75,"weight":189,"imgURL":"http://basketball.realgm.com/images/nba/4.2/profiles/photos/2006/Knight_Brandon_mil14.jpg",
"college":"Kentucky","born":{"year":1991,"loc":"Miami, FL"},"contract":{"amount":"","exp":""},"draft":{"round":"","pick":"","tid":"","orig. team":"","year":""},"ratings":[{"hgt":18,"stre":38,"spd":84,"jmp":73,"endu":66,"ins":42,"dnk":77,"ft":84,"fg":75,"tp":63,"blk":32,"stl":69,"drb":74,"pss":68,"reb":45,"pot":65}],"skills":[]},{"tid":-2,"name":"Kemba Walker","pos":"G","hgt":73,"weight":184,"imgURL":"http://basketball.realgm.com/images/nba/4.2/profiles/photos/2006/Walker_Kemba_cha14.jpg","born":{"year":1990,"loc":"Bronx, NY"},"contract":{"amount":"","exp":""},"draft":{"round":"","pick":"","tid":"","orig. team":"","year":""},
"college":"Connecticut","ratings":[{"hgt":22,"stre":41,"spd":86,"jmp":72,"endu":83,"ins":33,"dnk":65,"ft":77,"fg":71,"tp":81,"blk":34,"stl":68,"drb":77,"pss":77,"reb":51,"pot":66}],"skills":[]},{"tid":-2,"name":"Jimmer Fredette","pos":"G","hgt":74,"weight":195,"imgURL":"http://basketball.realgm.com/images/nba/4.2/profiles/photos/2006/Fredette_Jimmer_nop14.jpg","born":{"year":1989,"loc":"Glens Falls, NY"},"contract":{"amount":"","exp":""},"draft":{"round":"","pick":"","tid":"","orig. team":"","year":""},
"college":"Brigham Young","ratings":[{"hgt":33,"stre":35,"spd":65,"jmp":53,"endu":57,"ins":24,"dnk":50,"ft":85,"fg":80,"tp":77,"blk":28,"stl":56,"drb":63,"pss":53,"reb":32,"pot":57}],"skills":[]},{"tid":-2,"name":"Klay Thompson","pos":"SG","hgt":79,"weight":205,"imgURL":"http://basketball.realgm.com/images/nba/4.2/profiles/photos/2006/Thompson_Klay_gsw14.jpg","born":{"year":1990,"loc":"Los Angeles, CA"},"contract":{"amount":"","exp":""},"draft":{"round":"","pick":"","tid":"","orig. team":"","year":""},
"college":"Washington State","ratings":[{"hgt":63,"stre":46,"spd":76,"jmp":63,"endu":72,"ins":34,"dnk":64,"ft":87,"fg":82,"tp":86,"blk":56,"stl":64,"drb":75,"pss":72,"reb":53,"pot":67}],"skills":[]},{"tid":-2,"name":"Alec Burks","pos":"SG","hgt":78,"weight":211,"imgURL":"http://basketball.realgm.com/images/nba/4.2/profiles/photos/2006/Burks_Alec_uta14.jpg","born":{"year":1991,"loc":"Grandview, MO"},"contract":{"amount":"","exp":""},"draft":{"round":"","pick":"","tid":"","orig. team":"","year":""},
"college":"Colorado","ratings":[{"hgt":43,"stre":45,"spd":63,"jmp":43,"endu":57,"ins":34,"dnk":35,"ft":63,"fg":65,"tp":60,"blk":28,"stl":56,"drb":67,"pss":63,"reb":42,"pot":55}],"skills":[]},{"tid":-2,"name":"Markieff Morris","pos":"PF","hgt":82,"weight":245,"imgURL":"http://basketball.realgm.com/images/nba/4.2/profiles/photos/2006/Morris_Markieff_pho14.jpg","born":{"year":1989,"loc":"Philadelphia, PA"},"contract":{"amount":"","exp":""},"draft":{"round":"","pick":"","tid":"","orig. team":"","year":""},
"college":"Kansas","ratings":[{"hgt":78,"stre":65,"spd":51,"jmp":67,"endu":75,"ins":65,"dnk":64,"ft":75,"fg":65,"tp":48,"blk":62,"stl":58,"drb":54,"pss":68,"reb":75,"pot":65}],"skills":[]},{"tid":-2,"name":"Marcus Morris","pos":"PF","hgt":81,"weight":235,"imgURL":"http://basketball.realgm.com/images/nba/4.2/profiles/photos/2006/Morris_Marcus_pho14.jpg","born":{"year":1989,"loc":"Philadelphia, PA"},"contract":{"amount":"","exp":""},"draft":{"round":"","pick":"","tid":"","orig. team":"","year":""},
"college":"Kansas","ratings":[{"hgt":71,"stre":67,"spd":48,"jmp":63,"endu":68,"ins":63,"dnk":65,"ft":73,"fg":63,"tp":45,"blk":73,"stl":43,"drb":58,"pss":63,"reb":63,"pot":63}],"skills":[]},{"tid":-2,"name":"Kawhi Leonard","pos":"F","hgt":79,"weight":230,"imgURL":"http://basketball.realgm.com/images/nba/4.2/profiles/photos/2006/Leonard_Kawhi_sas14.jpg","born":{"year":1991,"loc":"Los Angeles, CA"},"contract":{"amount":"","exp":""},"draft":{"round":"","pick":"","tid":"","orig. team":"","year":""},
"college":"San Diego State","ratings":[{"hgt":65,"stre":65,"spd":65,"jmp":65,"endu":66,"ins":44,"dnk":72,"ft":85,"fg":53,"tp":52,"blk":42,"stl":75,"drb":55,"pss":43,"reb":75,"pot":70}],"skills":[]},{"tid":-2,"name":"Nikola Vucevic","pos":"PF","hgt":84,"weight":250,"imgURL":"http://basketball.realgm.com/images/nba/4.2/profiles/photos/2006/Vucevic_Nikola_orl14.jpg","born":{"year":1990,"loc":"Morges, Switzerland"},"contract":{"amount":"","exp":""},"draft":{"round":"","pick":"","tid":"","orig. team":"","year":""},
"college":"Soutern California","ratings":[{"hgt":92,"stre":69,"spd":45,"jmp":55,"endu":68,"ins":63,"dnk":65,"ft":75,"fg":63,"tp":25,"blk":73,"stl":43,"drb":41,"pss":45,"reb":63,"pot":65}],"skills":[]},{"tid":-2,"name":"Iman Shumpert","pos":"G","hgt":77,"weight":220,"imgURL":"http://basketball.realgm.com/images/nba/4.2/profiles/photos/2006/Shumpert_Iman_nyk14.jpg","born":{"year":1990,"loc":"Oak Park, IL"},"contract":{"amount":"","exp":""},"draft":{"round":"","pick":"","tid":"","orig. team":"","year":""},
"college":"Georgia Tech","ratings":[{"hgt":48,"stre":38,"spd":74,"jmp":57,"endu":75,"ins":57,"dnk":53,"ft":74,"fg":65,"tp":60,"blk":28,"stl":56,"drb":67,"pss":63,"reb":42,"pot":65}],"skills":[]},{"tid":-2,"name":"Chris Singleton","pos":"SF","hgt":80,"weight":228,"imgURL":"http://basketball.realgm.com/images/nba/4.2/profiles/photos/2006/Singleton_Chris_ind14.jpg","born":{"year":1989,"loc":"Canton, GA"},"contract":{"amount":"","exp":""},"draft":{"round":"","pick":"","tid":"","orig. team":"","year":""},
"college":"Florida State","ratings":[{"hgt":67,"stre":68,"spd":45,"jmp":55,"endu":48,"ins":63,"dnk":65,"ft":75,"fg":63,"tp":50,"blk":73,"stl":43,"drb":41,"pss":45,"reb":63,"pot":58}],"skills":[]},{"tid":-2,"name":"Tobias Harris","pos":"F","hgt":84,"weight":235,"imgURL":"http://basketball.realgm.com/images/nba/4.2/profiles/photos/2006/Harris_Tobias_orl14.jpg","born":{"year":1992,"loc":"Islip, NY"},"contract":{"amount":"","exp":""},"draft":{"round":"","pick":"","tid":"","orig. team":"","year":""},
"college":"Tennessee","ratings":[{"hgt":53,"stre":67,"spd":52,"jmp":63,"endu":65,"ins":65,"dnk":75,"ft":74,"fg":75,"tp":65,"blk":53,"stl":54,"drb":52,"pss":45,"reb":59,"pot":65}],"skills":[]},{"tid":-2,"name":"Donatas Motiejunas","pos":"C","hgt":84,"weight":222,"imgURL":"http://basketball.realgm.com/images/nba/4.2/profiles/photos/2006/Motiejunas_Donatas_hou14.jpg","born":{"year":1990,"loc":"Kaunas, Lithuania"},"contract":{"amount":"","exp":""},"draft":{"round":"","pick":"","tid":"","orig. team":"","year":""},
"college":"Lithuania","ratings":[{"hgt":92,"stre":77,"spd":45,"jmp":55,"endu":68,"ins":75,"dnk":74,"ft":75,"fg":62,"tp":25,"blk":75,"stl":43,"drb":41,"pss":45,"reb":75,"pot":62}],"skills":[]},{"tid":-2,"name":"Nolan Smith","pos":"G","hgt":72,"weight":190,"imgURL":"http://basketball.realgm.com/images/nba/4.2/profiles/photos/2006/Smith_Nolan_POR.jpg","born":{"year":1988,"loc":"Louisville, KY"},"contract":{"amount":"","exp":""},"draft":{"round":"","pick":"","tid":"","orig. team":"","year":""},
"college":"Duke","ratings":[{"hgt":7,"stre":45,"spd":63,"jmp":43,"endu":57,"ins":34,"dnk":35,"ft":63,"fg":65,"tp":60,"blk":28,"stl":56,"drb":67,"pss":63,"reb":42,"pot":55}],"skills":[]},{"tid":-2,"name":"Kenneth Faried","pos":"F","hgt":80,"weight":228,"imgURL":"http://basketball.realgm.com/images/nba/4.2/profiles/photos/2006/Faried_Kenneth_den14.jpg","born":{"year":1989,"loc":"Newark, NJ"},"contract":{"amount":"","exp":""},"draft":{"round":"","pick":"","tid":"","orig. team":"","year":""},
"college":"Morehead State","ratings":[{"hgt":67,"stre":85,"spd":43,"jmp":75,"endu":85,"ins":84,"dnk":86,"ft":75,"fg":53,"tp":5,"blk":88,"stl":34,"drb":28,"pss":43,"reb":78,"pot":65}],"skills":[]},{"tid":-2,"name":"Nikola Mirotic","pos":"F","hgt":82,"weight":220,"imgURL":"http://basketball.realgm.com/images/nba/4.2/profiles/photos/2006/Mirotic_Nikola_chi14.jpg","born":{"year":1991,"loc":"Podgorica, Montenegro"},"contract":{"amount":"","exp":""},"draft":{"round":"","pick":"","tid":"","orig. team":"","year":""},"ratings":[{"hgt":80,"stre":77,"spd":45,"jmp":55,"endu":68,"ins":75,"dnk":74,"ft":75,"fg":62,"tp":25,"blk":75,"stl":43,"drb":41,"pss":45,"reb":75,"pot":62}],"skills":[]},{"tid":-2,"name":"Reggie Jackson","pos":"G","hgt":75,"weight":208,"imgURL":"http://basketball.realgm.com/images/nba/4.2/profiles/photos/2006/Jackson_Reggie_okc14.jpg","born":{"year":1990,"loc":"Pordenone, Italy"},"contract":{"amount":"","exp":""},"draft":{"round":"","pick":"","tid":"","orig. team":"","year":""},"ratings":[{"hgt":35,"stre":44,"spd":75,"jmp":56,"endu":58,"ins":56,"dnk":72,"ft":85,"fg":75,"tp":74,"blk":34,"stl":62,"drb":63,"pss":78,"reb":45,"pot":63}],"skills":[]},{"tid":-2,"name":"MarShon Brooks","pos":"GF","hgt":77,"weight":200,"imgURL":"http://basketball.realgm.com/images/nba/4.2/profiles/photos/2006/Brooks_MarShon_bos_1314.jpg","born":{"year":1989,"loc":"Long Branch, NJ"},"contract":{"amount":"","exp":""},"draft":{"round":"","pick":"","tid":"","orig. team":"","year":""},"ratings":[{"hgt":43,"stre":45,"spd":63,"jmp":43,"endu":68,"ins":52,"dnk":56,"ft":82,"fg":72,"tp":74,"blk":38,"stl":63,"drb":67,"pss":74,"reb":42,"pot":59}],"skills":[]},{"tid":-2,"name":"Jordan Hamilton","pos":"SF","hgt":79,"weight":220,"imgURL":"http://basketball.realgm.com/images/nba/4.2/profiles/photos/2006/Hamilton_Jordan_tor14.jpg",
"college":"Texas","born":{"year":1990,"loc":"Los Angeles, CA"},"contract":{"amount":"","exp":""},"draft":{"round":"","pick":"","tid":"","orig. team":"","year":""},"ratings":[{"hgt":60,"stre":58,"spd":64,"jmp":65,"endu":58,"ins":55,"dnk":65,"ft":75,"fg":63,"tp":45,"blk":73,"stl":43,"drb":41,"pss":45,"reb":63,"pot":56}],"skills":[]},{"tid":-2,"name":"JaJuan Johnson","pos":"FC","hgt":81,"weight":221,"imgURL":"http://basketball.realgm.com/images/nba/4.2/profiles/photos/2006/Johnson_Jajuan_nba.jpg","born":{"year":1989,"loc":"Indianapolis, IN"},"contract":{"amount":"","exp":""},"draft":{"round":"","pick":"","tid":"","orig. team":"","year":""},"ratings":[{"hgt":70,"stre":63,"spd":45,"jmp":55,"endu":68,"ins":63,"dnk":65,"ft":75,"fg":63,"tp":25,"blk":73,"stl":43,"drb":41,"pss":45,"reb":63,"pot":52}],"skills":[]},{"tid":-2,"name":"Norris Cole","pos":"G","hgt":74,"weight":175,"imgURL":"http://basketball.realgm.com/images/nba/4.2/profiles/photos/2006/Cole_Norris_mia14.jpg","born":{"year":1988,"loc":"Dayton, OH"},"contract":{"amount":"","exp":""},"draft":{"round":"","pick":"","tid":"","orig. team":"","year":""},
"college":"Cleveland State","ratings":[{"hgt":22,"stre":45,"spd":67,"jmp":63,"endu":57,"ins":24,"dnk":58,"ft":63,"fg":65,"tp":60,"blk":28,"stl":56,"drb":72,"pss":71,"reb":42,"pot":55}],"skills":[]},{"tid":-2,"name":"Cory Joseph","pos":"PG","hgt":75,"weight":190,"imgURL":"http://basketball.realgm.com/images/nba/4.2/profiles/photos/2006/Joseph_Cory_sas14.jpg","born":{"year":1991,"loc":"Toronto, Canada"},"contract":{"amount":"","exp":""},"draft":{"round":"","pick":"","tid":"","orig. team":"","year":""},"ratings":[{"hgt":29,"stre":35,"spd":63,"jmp":63,"endu":57,"ins":34,"dnk":35,"ft":63,"fg":65,"tp":60,"blk":28,"stl":56,"drb":67,"pss":63,"reb":42,"pot":55}],"skills":[]},{"tid":-2,"name":"Jimmy Butler","pos":"GF","hgt":79,"weight":220,"imgURL":"http://basketball.realgm.com/images/nba/4.2/profiles/photos/2006/Butler_Jimmy_chi14.jpg","born":{"year":1989,"loc":"Houston, TX"},"contract":{"amount":"","exp":""},"draft":{"round":"","pick":"","tid":"","orig. team":"","year":""},
"college":"Marquette","ratings":[{"hgt":45,"stre":45,"spd":77,"jmp":59,"endu":88,"ins":35,"dnk":75,"ft":88,"fg":77,"tp":78,"blk":46,"stl":74,"drb":55,"pss":56,"reb":55,"pot":66}],"skills":[]},{"tid":-2,"name":"Bojan Bogdanovic","pos":"F","hgt":80,"weight":216,"imgURL":"http://basketball.realgm.com/images/nba/4.2/profiles/photos/2006/Bogdanovic_Bojan_bkn14.jpg","born":{"year":1989,"loc":"Mostar, Bosnia"},"contract":{"amount":"","exp":""},"draft":{"round":"","pick":"","tid":"","orig. team":"","year":""},"ratings":[{"hgt":67,"stre":63,"spd":45,"jmp":55,"endu":68,"ins":63,"dnk":65,"ft":75,"fg":63,"tp":25,"blk":73,"stl":43,"drb":41,"pss":45,"reb":63,"pot":58}],"skills":[]},{"tid":-2,"name":"Justin Harper","pos":"PF","hgt":82,"weight":225,"imgURL":"http://basketball.realgm.com/images/nba/4.2/profiles/photos/2006/Harper_Justin_ORL.jpg","born":{"year":1989,"loc":"Richmond, VA"},"contract":{"amount":"","exp":""},"draft":{"round":"","pick":"","tid":"","orig. team":"","year":""},"ratings":[{"hgt":78,"stre":63,"spd":45,"jmp":55,"endu":48,"ins":63,"dnk":65,"ft":75,"fg":33,"tp":25,"blk":73,"stl":43,"drb":21,"pss":45,"reb":63,"pot":52}],"skills":[]},{"tid":-2,"name":"Kyle Singler","pos":"F","hgt":80,"weight":230,"imgURL":"http://basketball.realgm.com/images/nba/4.2/profiles/photos/2006/Singler_Kyle_det14.jpg","born":{"year":1988,"loc":"Medford, OR"},"contract":{"amount":"","exp":""},"draft":{"round":"","pick":"","tid":"","orig. team":"","year":""},"ratings":[{"hgt":67,"stre":63,"spd":45,"jmp":55,"endu":68,"ins":63,"dnk":65,"ft":75,"fg":63,"tp":25,"blk":73,"stl":43,"drb":41,"pss":45,"reb":63,"pot":58}],"skills":[]},{"tid":-2,"name":"Shelvin Mack","pos":"G","hgt":75,"weight":207,"imgURL":"http://basketball.realgm.com/images/nba/4.2/profiles/photos/2006/Mack_Shelvin_atl14.jpg","born":{"year":1990,"loc":"Lexington, KY"},"contract":{"amount":"","exp":""},"draft":{"round":"","pick":"","tid":"","orig. team":"","year":""},"ratings":[{"hgt":28,"stre":45,"spd":63,"jmp":43,"endu":57,"ins":34,"dnk":35,"ft":63,"fg":65,"tp":60,"blk":28,"stl":56,"drb":67,"pss":63,"reb":42,"pot":55}],"skills":[]},{"tid":-2,"name":"Tyler Honeycutt","pos":"F","hgt":80,"weight":198,"imgURL":"http://basketball.realgm.com/images/nba/4.2/profiles/photos/2006/Honeycutt_Tyler_SAC.jpg","born":{"year":1990,"loc":"Los Angeles, CA"},"contract":{"amount":"","exp":""},"draft":{"round":"","pick":"","tid":"","orig. team":"","year":""},
"college":"UCLA","ratings":[{"hgt":67,"stre":63,"spd":45,"jmp":55,"endu":68,"ins":63,"dnk":65,"ft":75,"fg":63,"tp":25,"blk":73,"stl":43,"drb":41,"pss":45,"reb":63,"pot":54}],"skills":[]},{"tid":-2,"name":"Jordan Williams","pos":"PF","hgt":82,"weight":260,"imgURL":"http://basketball.realgm.com/images/nba/4.2/profiles/photos/2006/WILLIAMS_JORDAN_njn_12.jpg","born":{"year":1990,"loc":"Torrington, CT"},"contract":{"amount":"","exp":""},"draft":{"round":"","pick":"","tid":"","orig. team":"","year":""},
"college":"Maryland","ratings":[{"hgt":78,"stre":63,"spd":45,"jmp":55,"endu":58,"ins":63,"dnk":65,"ft":75,"fg":63,"tp":25,"blk":73,"stl":43,"drb":41,"pss":45,"reb":63,"pot":53}],"skills":[]},{"tid":-2,"name":"Trey Thompkins","pos":"F","hgt":82,"weight":245,"imgURL":"http://basketball.realgm.com/images/nba/4.2/profiles/photos/2006/Thompkins_Trey_LAC.jpg","born":{"year":1990,"loc":"Long Island, NY"},"contract":{"amount":"","exp":""},"draft":{"round":"","pick":"","tid":"","orig. team":"","year":""},
"college":"Georgia","ratings":[{"hgt":67,"stre":63,"spd":45,"jmp":55,"endu":68,"ins":63,"dnk":65,"ft":75,"fg":63,"tp":25,"blk":73,"stl":43,"drb":41,"pss":45,"reb":63,"pot":47}],"skills":[]},{"tid":-2,"name":"Chandler Parsons","pos":"SF","hgt":81,"weight":227,"imgURL":"http://basketball.realgm.com/images/nba/4.2/profiles/photos/2006/Parsons_Chandler_dal14.jpg","born":{"year":1988,"loc":"Casselberry, FL"},"contract":{"amount":"","exp":""},"draft":{"round":"","pick":"","tid":"","orig. team":"","year":""},
"college":"Florida","ratings":[{"hgt":67,"stre":37,"spd":52,"jmp":58,"endu":48,"ins":25,"dnk":54,"ft":75,"fg":72,"tp":72,"blk":30,"stl":33,"drb":41,"pss":45,"reb":58,"pot":57}],"skills":[]},{"tid":-2,"name":"Jeremy Tyler","pos":"PF","hgt":81,"weight":250,"imgURL":"http://basketball.realgm.com/images/nba/4.2/profiles/photos/2006/Tyler_Jeremy_lal14.jpg","born":{"year":1991,"loc":"San Diego, CA"},"contract":{"amount":"","exp":""},"draft":{"round":"","pick":"","tid":"","orig. team":"","year":""},
"college":"San Diego HS (CA)","ratings":[{"hgt":67,"stre":63,"spd":45,"jmp":55,"endu":68,"ins":63,"dnk":65,"ft":75,"fg":63,"tp":25,"blk":73,"stl":43,"drb":41,"pss":45,"reb":63,"pot":56}],"skills":[]},{"tid":-2,"name":"Jon Leuer","pos":"PF","hgt":82,"weight":228,"imgURL":"http://basketball.realgm.com/images/nba/4.2/profiles/photos/2006/Leuer_Jon_mem14.jpg","born":{"year":1989,"loc":"Long Lake, MN"},"contract":{"amount":"","exp":""},"draft":{"round":"","pick":"","tid":"","orig. team":"","year":""},
"college":"Wisconsin","ratings":[{"hgt":78,"stre":63,"spd":45,"jmp":55,"endu":58,"ins":63,"dnk":65,"ft":75,"fg":63,"tp":25,"blk":73,"stl":43,"drb":41,"pss":45,"reb":63,"pot":56}],"skills":[]},{"tid":-2,"name":"Darius Morris","pos":"G","hgt":77,"weight":195,"imgURL":"http://basketball.realgm.com/images/nba/4.2/profiles/photos/2006/Morris_Darius_por14.jpg","born":{"year":1991,"loc":"Los Angeles, CA"},"contract":{"amount":"","exp":""},"draft":{"round":"","pick":"","tid":"","orig. team":"","year":""},
"college":"Michigan","ratings":[{"hgt":43,"stre":45,"spd":63,"jmp":43,"endu":57,"ins":34,"dnk":35,"ft":63,"fg":65,"tp":60,"blk":28,"stl":56,"drb":67,"pss":63,"reb":42,"pot":55}],"skills":[]},{"tid":-2,"name":"Davis Bertans","pos":"SF","hgt":81,"weight":195,"imgURL":"http://www.fiba.com/images/web/Events/11/FU19M/photo/headshots/LAT/_215/Small_lat_8.JPG","born":{"year":1992,"loc":"Valmiera, Latvia"},"contract":{"amount":"","exp":""},"draft":{"round":"","pick":"","tid":"","orig. team":"","year":""},
"college":"Latvia","ratings":[{"hgt":71,"stre":35,"spd":63,"jmp":43,"endu":57,"ins":34,"dnk":35,"ft":63,"fg":65,"tp":60,"blk":28,"stl":56,"drb":67,"pss":63,"reb":42,"pot":55}],"skills":[]},{"tid":-2,"name":"Malcolm Lee","pos":"G","hgt":77,"weight":200,"imgURL":"http://basketball.realgm.com/images/nba/4.2/profiles/photos/2006/Lee_Malcolm_phi14.jpg","born":{"year":1990,"loc":"Riverside, CA"},"contract":{"amount":"","exp":""},"draft":{"round":"","pick":"","tid":"","orig. team":"","year":""},
"college":"UCLA","ratings":[{"hgt":43,"stre":45,"spd":63,"jmp":43,"endu":57,"ins":34,"dnk":35,"ft":63,"fg":65,"tp":60,"blk":28,"stl":56,"drb":67,"pss":63,"reb":42,"pot":55}],"skills":[]},{"tid":-2,"name":"Charles Jenkins","pos":"G","hgt":75,"weight":215,"imgURL":"http://basketball.realgm.com/images/nba/4.2/profiles/photos/2006/Jenkins_Charles_GSW.jpg","born":{"year":1989,"loc":"Brooklyn, NY"},"contract":{"amount":"","exp":""},"draft":{"round":"","pick":"","tid":"","orig. team":"","year":""},
"college":"Hofstra","ratings":[{"hgt":29,"stre":45,"spd":63,"jmp":43,"endu":57,"ins":34,"dnk":35,"ft":63,"fg":65,"tp":60,"blk":28,"stl":56,"drb":67,"pss":63,"reb":42,"pot":55}],"skills":[]},{"tid":-2,"name":"Josh Harrellson","pos":"FC","hgt":82,"weight":275,"imgURL":"http://basketball.realgm.com/images/nba/4.2/profiles/photos/2006/Harrellson_Josh_MIA.jpg","born":{"year":1989,"loc":"St. Charles, MO"},"contract":{"amount":"","exp":""},"draft":{"round":"","pick":"","tid":"","orig. team":"","year":""},
"college":"Kentucky","ratings":[{"hgt":79,"stre":63,"spd":45,"jmp":55,"endu":48,"ins":63,"dnk":55,"ft":75,"fg":53,"tp":45,"blk":73,"stl":43,"drb":31,"pss":45,"reb":63,"pot":53}],"skills":[]},{"tid":-2,"name":"Andrew Goudelock","pos":"G","hgt":75,"weight":200,"imgURL":"http://basketball.realgm.com/images/nba/4.2/profiles/photos/2006/Goudelock_Andrew_LAL.jpg","born":{"year":1988,"loc":"Gainesville, GA"},"contract":{"amount":"","exp":""},"draft":{"round":"","pick":"","tid":"","orig. team":"","year":""},
"college":"College of Charleston","ratings":[{"hgt":30,"stre":45,"spd":63,"jmp":43,"endu":57,"ins":34,"dnk":35,"ft":63,"fg":65,"tp":60,"blk":28,"stl":56,"drb":67,"pss":63,"reb":42,"pot":54}],"skills":[]},{"tid":-2,"name":"Travis Leslie","pos":"G","hgt":76,"weight":205,"imgURL":"http://basketball.realgm.com/images/nba/4.2/profiles/photos/2006/Leslie_Travis_LAC.jpg","born":{"year":1990,"loc":"Atlanta, GA"},"contract":{"amount":"","exp":""},"draft":{"round":"","pick":"","tid":"","orig. team":"","year":""},
"college":"Georgia","ratings":[{"hgt":36,"stre":45,"spd":63,"jmp":43,"endu":57,"ins":34,"dnk":35,"ft":63,"fg":65,"tp":60,"blk":28,"stl":56,"drb":67,"pss":63,"reb":42,"pot":52}],"skills":[]},{"tid":-2,"name":"Keith Benson","pos":"C","hgt":82,"weight":230,"imgURL":"http://basketball.realgm.com/images/nba/4.2/profiles/photos/2006/Benson_Keith_atl_1112.jpg","born":{"year":1988,"loc":"Cleveland, OH"},"contract":{"amount":"","exp":""},"draft":{"round":"","pick":"","tid":"","orig. team":"","year":""},
"college":"Oakland","ratings":[{"hgt":78,"stre":63,"spd":45,"jmp":55,"endu":48,"ins":63,"dnk":65,"ft":75,"fg":63,"tp":0,"blk":73,"stl":43,"drb":21,"pss":45,"reb":63,"pot":51}],"skills":[]},{"tid":-2,"name":"Josh Selby","pos":"G","hgt":74,"weight":195,"imgURL":"http://basketball.realgm.com/images/nba/4.2/profiles/photos/2006/Selby_Josh_MEM.jpg","born":{"year":1991,"loc":"Baltimore, MD"},"contract":{"amount":"","exp":""},"draft":{"round":"","pick":"","tid":"","orig. team":"","year":""},
"college":"Kansas","ratings":[{"hgt":21,"stre":45,"spd":63,"jmp":63,"endu":57,"ins":34,"dnk":35,"ft":63,"fg":65,"tp":60,"blk":28,"stl":56,"drb":67,"pss":63,"reb":42,"pot":50}],"skills":[]},{"tid":-2,"name":"Lavoy Allen","pos":"PF","hgt":81,"weight":255,"imgURL":"http://basketball.realgm.com/images/nba/4.2/profiles/photos/2006/Allen_Lavoy_ind14.jpg","born":{"year":1989,"loc":"Morrisville, PA"},"contract":{"amount":"","exp":""},"draft":{"round":"","pick":"","tid":"","orig. team":"","year":""},
"college":"Temple","ratings":[{"hgt":71,"stre":63,"spd":45,"jmp":55,"endu":68,"ins":63,"dnk":65,"ft":75,"fg":63,"tp":5,"blk":73,"stl":43,"drb":41,"pss":45,"reb":63,"pot":52}],"skills":[]},{"tid":-2,"name":"Jon Diebler","pos":"SF","hgt":78,"weight":205,"imgURL":"http://a.espncdn.com/i/headshots/nba/players/full/6432.png","born":{"year":1988,"loc":"Sylvania, OH"},"contract":{"amount":"","exp":""},"draft":{"round":"","pick":"","tid":"","orig. team":"","year":""},
"college":"Ohio State","ratings":[{"hgt":49,"stre":45,"spd":63,"jmp":43,"endu":57,"ins":34,"dnk":35,"ft":63,"fg":65,"tp":60,"blk":28,"stl":56,"drb":67,"pss":63,"reb":42,"pot":48}],"skills":[]},{"tid":-2,"name":"Vernon Macklin","pos":"FC","hgt":82,"weight":227,"imgURL":"http://basketball.realgm.com/images/nba/4.2/profiles/photos/2006/Macklin_Vernon_nop14.jpg","born":{"year":1986,"loc":"Portsmouth, VA"},"contract":{"amount":"","exp":""},"draft":{"round":"","pick":"","tid":"","orig. team":"","year":""},
"college":"Florida","ratings":[{"hgt":78,"stre":63,"spd":45,"jmp":55,"endu":48,"ins":56,"dnk":55,"ft":75,"fg":43,"tp":0,"blk":73,"stl":43,"drb":21,"pss":45,"reb":63,"pot":53}],"skills":[]},{"tid":-2,"name":"DeAndre Liggins","pos":"G","hgt":78,"weight":209,"imgURL":"http://a.espncdn.com/combiner/i?img=/i/headshots/nba/players/full/6453.png&w=350&h=254","born":{"year":1988,"loc":"Chicago, IL"},"contract":{"amount":"","exp":""},"draft":{"round":"","pick":"","tid":"","orig. team":"","year":""},
"college":"Kentucky","ratings":[{"hgt":49,"stre":45,"spd":63,"jmp":43,"endu":57,"ins":34,"dnk":35,"ft":63,"fg":65,"tp":60,"blk":28,"stl":56,"drb":67,"pss":63,"reb":42,"pot":54}],"skills":[]},{"tid":-2,"name":"Milan Macvan","pos":"PF","hgt":80,"weight":265,"imgURL":"http://basketball.realgm.com/images/nba/4.2/profiles/photos/2006/Macvan_Milan_ncaa.jpg","born":{"year":1989,"loc":"Vukovar, Croatia"},"contract":{"amount":"","exp":""},"draft":{"round":"","pick":"","tid":"","orig. team":"","year":""},
"college":"Serbia","ratings":[{"hgt":67,"stre":63,"spd":45,"jmp":55,"endu":48,"ins":62,"dnk":65,"ft":75,"fg":53,"tp":25,"blk":63,"stl":43,"drb":41,"pss":42,"reb":62,"pot":51}],"skills":[]},{"tid":-2,"name":"E'Twaun Moore","pos":"SG","hgt":76,"weight":191,"imgURL":"http://basketball.realgm.com/images/nba/4.2/profiles/photos/2006/Moore_ETwaun_chi14.jpg","born":{"year":1989,"loc":"East Chicago, IN"},"contract":{"amount":"","exp":""},"draft":{"round":"","pick":"","tid":"","orig. team":"","year":""},
"college":"Purdue","ratings":[{"hgt":36,"stre":45,"spd":63,"jmp":43,"endu":57,"ins":34,"dnk":35,"ft":63,"fg":65,"tp":60,"blk":28,"stl":56,"drb":67,"pss":63,"reb":42,"pot":53}],"skills":[]},{"tid":-2,"name":"Chu Maduabum","pos":"PF","hgt":81,"weight":210,"imgURL":"http://www.spox.com/de/sport/diashows/1106/bilder-des-tages/2806/400/chukwudiebere-maduabum-514_400x230.jpg","born":{"year":1991,"loc":"Lagos, Nigeria"},"contract":{"amount":"","exp":""},"draft":{"round":"","pick":"","tid":"","orig. team":"","year":""},
"college":"Yeahiva University","ratings":[{"hgt":67,"stre":63,"spd":45,"jmp":55,"endu":68,"ins":63,"dnk":65,"ft":75,"fg":63,"tp":25,"blk":73,"stl":43,"drb":41,"pss":45,"reb":63,"pot":50}],"skills":[]},{"tid":-2,"name":"Tanguy Ngombo","pos":"GF","hgt":78,"weight":230,"imgURL":"http://www.thedraftreview.com/images/history/drafted2011/targuy-ngombo.jpg","born":{"year":1989,"loc":"Brazzaville, Congo"},"contract":{"amount":"","exp":""},"draft":{"round":"","pick":"","tid":"","orig. team":"","year":""},
"college":"Congo","ratings":[{"hgt":43,"stre":45,"spd":63,"jmp":43,"endu":57,"ins":34,"dnk":35,"ft":63,"fg":65,"tp":60,"blk":28,"stl":56,"drb":67,"pss":63,"reb":42,"pot":47}],"skills":[]},{"tid":-2,"name":"Ater Majok","pos":"C","hgt":83,"weight":233,"imgURL":"http://a.espncdn.com/combiner/i?img=/i/headshots/nba/players/full/6458.png&w=350&h=254","born":{"year":1987,"loc":"Khartoum, Sudan"},"contract":{"amount":"","exp":""},"draft":{"round":"","pick":"","tid":"","orig. team":"","year":""},
"college":"Connecticut","ratings":[{"hgt":85,"stre":63,"spd":45,"jmp":55,"endu":38,"ins":63,"dnk":65,"ft":75,"fg":33,"tp":25,"blk":73,"stl":43,"drb":21,"pss":45,"reb":63,"pot":49}],"skills":[]},{"tid":-2,"name":"Adam Hanga","pos":"F","hgt":79,"weight":200,"imgURL":"http://basketball.realgm.com/images/nba/4.2/profiles/photos/2006/Hanga_Adam_euro.jpg","born":{"year":1989,"loc":"Budapest, Hungary"},"contract":{"amount":"","exp":""},"draft":{"round":"","pick":"","tid":"","orig. team":"","year":""},"ratings":[{"hgt":57,"stre":43,"spd":45,"jmp":55,"endu":38,"ins":23,"dnk":65,"ft":75,"fg":63,"tp":25,"blk":63,"stl":43,"drb":41,"pss":45,"reb":63,"pot":48}],"skills":[]},{"tid":-2,"name":"Isaiah Thomas","pos":"PG","hgt":69,"weight":185,"imgURL":"http://basketball.realgm.com/images/nba/4.2/profiles/photos/2006/Thomas_Isaiah_pho14.jpg","born":{"year":1989,"loc":"Tacoma, WA"},"contract":{"amount":"","exp":""},"draft":{"round":"","pick":"","tid":"","orig. team":"","year":""},"ratings":[{"hgt":5,"stre":47,"spd":90,"jmp":72,"endu":76,"ins":48,"dnk":75,"ft":85,"fg":84,"tp":76,"blk":43,"stl":78,"drb":74,"pss":84,"reb":45,"pot":70}],"skills":[]},{"tid":-2,"name":"Julyan Stone","pos":"G","hgt":78,"weight":200,"imgURL":"http://basketball.realgm.com/images/nba/4.2/profiles/photos/2006/Stone_Julyan_tor_1314.jpg","born":{"year":1988,"loc":"Alexandria, VA"},"contract":{"amount":"","exp":""},"draft":{"round":"","pick":"","tid":"","orig. team":"","year":""},"ratings":[{"hgt":43,"stre":45,"spd":63,"jmp":43,"endu":57,"ins":34,"dnk":35,"ft":63,"fg":65,"tp":60,"blk":28,"stl":56,"drb":67,"pss":63,"reb":42,"pot":55}],"skills":[]},{"tid":-2,"name":"Malcolm Thomas","pos":"F","hgt":81,"weight":225,"imgURL":"http://a.espncdn.com/combiner/i?img=/i/headshots/nba/players/full/6511.png&w=350&h=254","born":{"year":1988,"loc":"Columbia, MO"},"contract":{"amount":"","exp":""},"draft":{"round":"","pick":"","tid":"","orig. team":"","year":""},
"college":"San Diego State","ratings":[{"hgt":70,"stre":63,"spd":59,"jmp":65,"endu":48,"ins":63,"dnk":65,"ft":75,"fg":63,"tp":15,"blk":63,"stl":59,"drb":41,"pss":45,"reb":63,"pot":55}],"skills":[]},{"tid":-2,"name":"Greg Smith","pos":"C","hgt":82,"weight":250,"imgURL":"http://basketball.realgm.com/images/nba/4.2/profiles/photos/2006/Smith_Greg_dal14.jpg","born":{"year":1991,"loc":"Vallejo, CA"},"contract":{"amount":"","exp":""},"draft":{"round":"","pick":"","tid":"","orig. team":"","year":""},
"college":"Fresno State","ratings":[{"hgt":79,"stre":69,"spd":35,"jmp":55,"endu":48,"ins":63,"dnk":65,"ft":75,"fg":63,"tp":25,"blk":73,"stl":43,"drb":31,"pss":45,"reb":72,"pot":54}],"skills":[]},{"tid":-2,"name":"Diante Garrett","pos":"SG","hgt":76,"weight":190,"imgURL":"http://basketball.realgm.com/images/nba/4.2/profiles/photos/2006/Garrett_Diante_por14.jpg","born":{"year":1988,"loc":"Milwaukee, WI"},"contract":{"amount":"","exp":""},"draft":{"round":"","pick":"","tid":"","orig. team":"","year":""},
"college":"Iowa State","ratings":[{"hgt":35,"stre":45,"spd":63,"jmp":43,"endu":57,"ins":34,"dnk":35,"ft":63,"fg":65,"tp":60,"blk":28,"stl":56,"drb":67,"pss":63,"reb":42,"pot":53}],"skills":[]},{"tid":-2,"name":"Cory Higgins","pos":"G","hgt":77,"weight":181,"imgURL":"http://basketball.realgm.com/images/nba/4.2/profiles/photos/2006/Higgins_Cory_CHA.jpg","born":{"year":1989,"loc":"Danville, CA"},"contract":{"amount":"","exp":""},"draft":{"round":"","pick":"","tid":"","orig. team":"","year":""},
"college":"Colorado","ratings":[{"hgt":43,"stre":45,"spd":63,"jmp":43,"endu":57,"ins":34,"dnk":35,"ft":63,"fg":65,"tp":60,"blk":28,"stl":56,"drb":67,"pss":63,"reb":42,"pot":55}],"skills":[]},{"tid":-2,"name":"Chris Wright","pos":"F","hgt":80,"weight":225,"imgURL":"http://basketball.realgm.com/images/nba/4.2/profiles/photos/2006/Wright_Chris_mil14.jpg","born":{"year":1988,"loc":"Trotwood, OH"},"contract":{"amount":"","exp":""},"draft":{"round":"","pick":"","tid":"","orig. team":"","year":""},
"college":"Georgetown","ratings":[{"hgt":67,"stre":63,"spd":45,"jmp":55,"endu":68,"ins":63,"dnk":65,"ft":75,"fg":63,"tp":25,"blk":73,"stl":43,"drb":41,"pss":45,"reb":63,"pot":55}],"skills":[]},{"tid":-2,"name":"Willie Reed","pos":"F","hgt":82,"weight":220,"imgURL":"http://basketball.realgm.com/images/nba/4.2/profiles/photos/2006/Reed_Willie_bkn14.jpg","born":{"year":1990,"loc":"Kansas City, MO"},"contract":{"amount":"","exp":""},"draft":{"round":"","pick":"","tid":"","orig. team":"","year":""},
"college":"Saint Louis","ratings":[{"hgt":78,"stre":63,"spd":45,"jmp":55,"endu":52,"ins":55,"dnk":57,"ft":75,"fg":43,"tp":25,"blk":73,"stl":43,"drb":31,"pss":35,"reb":63,"pot":55}],"skills":[]},{"tid":-2,"name":"Dwight Buycks","pos":"G","hgt":75,"weight":190,"imgURL":"http://basketball.realgm.com/images/nba/4.2/profiles/photos/2006/Buycks_Dwight_tor_1314.jpg","born":{"year":1989,"loc":"Milwaukee, WI"},"contract":{"amount":"","exp":""},"draft":{"round":"","pick":"","tid":"","orig. team":"","year":""},"ratings":[{"hgt":33,"stre":45,"spd":63,"jmp":43,"endu":57,"ins":34,"dnk":35,"ft":63,"fg":65,"tp":60,"blk":28,"stl":56,"drb":67,"pss":63,"reb":42,"pot":56}],"skills":[]},{"tid":-2,"name":"Justin Holiday","pos":"SF","hgt":78,"weight":185,"imgURL":"http://basketball.realgm.com/images/nba/4.2/profiles/photos/2006/Holiday_Justin_gsw14.jpg","born":{"year":1989,"loc":"Mission Hills, CA"},"contract":{"amount":"","exp":""},"draft":{"round":"","pick":"","tid":"","orig. team":"","year":""},"ratings":[{"hgt":50,"stre":45,"spd":63,"jmp":43,"endu":57,"ins":34,"dnk":35,"ft":63,"fg":65,"tp":60,"blk":28,"stl":56,"drb":67,"pss":63,"reb":42,"pot":56}],"skills":[]},{"tid":-2,"name":"Zoran Dragic","pos":"SG","hgt":77,"weight":200,"imgURL":"http://basketball.realgm.com/images/nba/4.2/profiles/photos/2006/Dragic_Zoran_pho14.jpg","born":{"year":1989,"loc":"Ljubljana, Slovenia"},"contract":{"amount":"","exp":""},"draft":{"round":"","pick":"","tid":"","orig. team":"","year":""},
"college":"Slovenia","ratings":[{"hgt":43,"stre":45,"spd":63,"jmp":43,"endu":57,"ins":34,"dnk":35,"ft":63,"fg":65,"tp":60,"blk":28,"stl":56,"drb":67,"pss":63,"reb":42,"pot":55}],"skills":[]}]
}