{"startingSeason":2010,
"players":[
{
"tid":-2,
"name":"John Wall",
"pos":"PG","hgt":76,"weight":195,
"imgURL":"http://a.espncdn.com/i/headshots/nba/players/full/4237.png",
"born":{"year":1990,"loc":"Raleigh, NC"},"contract":{"amount":"","exp":""},"draft":{"round":"","pick":"","team":"","orig. team":"","year":""},
"college":"Kentucky",
"ratings":[{"hgt":54,"stre":45,"spd":84,"jmp":78,"endu":86,"ins":45,"dnk":93,"ft":84,"fg":84,"tp":61,"blk":63,"stl":76,"drb":84,"pss":86,"reb":54,"pot":78}],"skills":[]},
{
"tid":-2,
"name":"Evan Turner",
"pos":"GF","hgt":79,"weight":205,
"imgURL":"http://a.espncdn.com/i/headshots/nba/players/full/4239.png",
"born":{"year":1988,"loc":"Chicago, IL"},"contract":{"amount":"","exp":""},"draft":{"round":"","pick":"","team":"","orig. team":"","year":""},
"college":"Ohio State",
"ratings":[{"hgt":57,"stre":42,"spd":68,"jmp":75,"endu":65,"ins":34,"dnk":72,"ft":65,"fg":63,"tp":57,"blk":21,"stl":65,"drb":63,"pss":64,"reb":62,"pot":66}],"skills":[]},
{
"tid":-2,
"name":"Derrick Favors",
"pos":"PF","hgt":82,"weight":246,
"imgURL":"http://a.espncdn.com/i/headshots/nba/players/full/4257.png",
"born":{"year":1991,"loc":"Atlanta, GA"},"contract":{"amount":"","exp":""},"draft":{"round":"","pick":"","team":"","orig. team":"","year":""},
"college":"Georgia Tech",
"ratings":[{"hgt":74,"stre":65,"spd":42,"jmp":75,"endu":57,"ins":74,"dnk":84,"ft":78,"fg":65,"tp":0,"blk":65,"stl":54,"drb":43,"pss":48,"reb":65,"pot":69}],"skills":[]},
{
"tid":-2,
"name":"Wesley Johnson",
"pos":"GF","hgt":79,"weight":205,
"imgURL":"http://a.espncdn.com/i/headshots/nba/players/full/4247.png",
"born":{"year":1987,"loc":"Corsicana, TX"},"contract":{"amount":"","exp":""},"draft":{"round":"","pick":"","team":"","orig. team":"","year":""},
"college":"Syracuse",
"ratings":[{"hgt":43,"stre":42,"spd":65,"jmp":72,"endu":55,"ins":34,"dnk":54,"ft":65,"fg":63,"tp":59,"blk":21,"stl":56,"drb":63,"pss":64,"reb":42,"pot":58}],"skills":[]},
{
"tid":-2,
"name":"DeMarcus Cousins",
"pos":"C","hgt":83,"weight":270,
"imgURL":"http://a.espncdn.com/i/headshots/nba/players/full/4258.png",
"born":{"year":1990,"loc":"Mobile, AL"},"contract":{"amount":"","exp":""},"draft":{"round":"","pick":"","team":"","orig. team":"","year":""},
"college":"Kentucky",
"ratings":[{"hgt":86,"stre":85,"spd":63,"jmp":85,"endu":70,"ins":89,"dnk":86,"ft":86,"fg":75,"tp":30,"blk":75,"stl":63,"drb":55,"pss":54,"reb":86,"pot":76}],"skills":[]},
{
"tid":-2,
"name":"Ekpe Udoh",
"pos":"FC","hgt":82,"weight":240,
"imgURL":"http://a.espncdn.com/i/headshots/nba/players/full/4261.png",
"born":{"year":1987,"loc":"Edmond, OK"},"contract":{"amount":"","exp":""},"draft":{"round":"","pick":"","team":"","orig. team":"","year":""},
"college":"Baylor",
"ratings":[{"hgt":74,"stre":65,"spd":42,"jmp":75,"endu":57,"ins":64,"dnk":74,"ft":78,"fg":55,"tp":0,"blk":85,"stl":64,"drb":13,"pss":48,"reb":69,"pot":64}],"skills":[]},
{
"tid":-2,
"name":"Greg Monroe",
"pos":"FC","hgt":83,"weight":253,
"imgURL":"http://a.espncdn.com/i/headshots/nba/players/full/4260.png",
"born":{"year":1990,"loc":"New Orleans, LA"},"contract":{"amount":"","exp":""},"draft":{"round":"","pick":"","team":"","orig. team":"","year":""},
"college":"Georgetown",
"ratings":[{"hgt":86,"stre":85,"spd":43,"jmp":85,"endu":80,"ins":82,"dnk":86,"ft":86,"fg":75,"tp":0,"blk":75,"stl":63,"drb":20,"pss":34,"reb":86,"pot":76}],"skills":[]},
{
"tid":-2,
"name":"Al-Farouq Aminu",
"pos":"SF","hgt":81,"weight":215,
"imgURL":"http://a.espncdn.com/i/headshots/nba/players/full/4248.png",
"born":{"year":1990,"loc":"Atlanta, GA"},"contract":{"amount":"","exp":""},"draft":{"round":"","pick":"","team":"","orig. team":"","year":""},
"college":"Wake Forest",
"ratings":[{"hgt":74,"stre":65,"spd":42,"jmp":75,"endu":67,"ins":74,"dnk":84,"ft":78,"fg":65,"tp":44,"blk":65,"stl":54,"drb":23,"pss":68,"reb":65,"pot":58}],"skills":[]},
{
"tid":-2,
"name":"Gordon Hayward",
"pos":"SF","hgt":80,"weight":207,
"imgURL":"http://a.espncdn.com/i/headshots/nba/players/full/4249.png",
"born":{"year":1990,"loc":"Indianapolis, IN"},"contract":{"amount":"","exp":""},"draft":{"round":"","pick":"","team":"","orig. team":"","year":""},
"college":"Butler",
"ratings":[{"hgt":74,"stre":33,"spd":63,"jmp":75,"endu":63,"ins":24,"dnk":84,"ft":78,"fg":65,"tp":77,"blk":65,"stl":54,"drb":53,"pss":68,"reb":62,"pot":66}],"skills":[]},
{
"tid":-2,
"name":"Paul George",
"pos":"GF","hgt":80,"weight":214,
"imgURL":"http://a.espncdn.com/i/headshots/nba/players/full/4251.png",
"born":{"year":1990,"loc":"Palmdale, CA"},"contract":{"amount":"","exp":""},"draft":{"round":"","pick":"","team":"","orig. team":"","year":""},
"college":"Fresno State",
"ratings":[{"hgt":64,"stre":70,"spd":76,"jmp":65,"endu":56,"ins":63,"dnk":75,"ft":85,"fg":76,"tp":70,"blk":54,"stl":63,"drb":60,"pss":74,"reb":63,"pot":78}],"skills":[]},
{
"tid":-2,
"name":"Cole Aldrich",
"pos":"C","hgt":83,"weight":245,
"imgURL":"http://a.espncdn.com/i/headshots/nba/players/full/4267.png",
"born":{"year":1988,"loc":"Burnsville, MN"},"contract":{"amount":"","exp":""},"draft":{"round":"","pick":"","team":"","orig. team":"","year":""},
"college":"Kansas",
"ratings":[{"hgt":86,"stre":65,"spd":42,"jmp":75,"endu":47,"ins":74,"dnk":84,"ft":78,"fg":65,"tp":0,"blk":65,"stl":54,"drb":23,"pss":68,"reb":65,"pot":66}],"skills":[]},
{
"tid":-2,
"name":"Xavier Henry",
"pos":"GF","hgt":78,"weight":220,
"imgURL":"http://a.espncdn.com/i/headshots/nba/players/full/4241.png",
"born":{"year":1991,"loc":"Gent, Belgium"},"contract":{"amount":"","exp":""},"draft":{"round":"","pick":"","team":"","orig. team":"","year":""},
"college":"Kansas",
"ratings":[{"hgt":43,"stre":42,"spd":65,"jmp":42,"endu":65,"ins":34,"dnk":54,"ft":65,"fg":63,"tp":59,"blk":21,"stl":56,"drb":63,"pss":64,"reb":42,"pot":54}],"skills":[]},
{
"tid":-2,
"name":"Ed Davis",
"pos":"FC","hgt":82,"weight":225,
"imgURL":"http://a.espncdn.com/i/headshots/nba/players/full/4259.png",
"born":{"year":1989,"loc":"Washington, DC"},"contract":{"amount":"","exp":""},"draft":{"round":"","pick":"","team":"","orig. team":"","year":""},
"college":"North Carolina",
"ratings":[{"hgt":74,"stre":65,"spd":42,"jmp":75,"endu":57,"ins":64,"dnk":74,"ft":78,"fg":65,"tp":0,"blk":65,"stl":54,"drb":43,"pss":58,"reb":65,"pot":57}],"skills":[]},
{
"tid":-2,
"name":"Patrick Patterson",
"pos":"PF","hgt":81,"weight":235,
"imgURL":"http://a.espncdn.com/i/headshots/nba/players/full/4264.png",
"born":{"year":1989,"loc":"Washington, DC"},"contract":{"amount":"","exp":""},"draft":{"round":"","pick":"","team":"","orig. team":"","year":""},
"college":"Kentucky",
"ratings":[{"hgt":74,"stre":65,"spd":42,"jmp":75,"endu":67,"ins":74,"dnk":84,"ft":78,"fg":65,"tp":34,"blk":65,"stl":54,"drb":33,"pss":68,"reb":65,"pot":66}],"skills":[]},
{
"tid":-2,
"name":"Larry Sanders",
"pos":"FC","hgt":83,"weight":235,
"imgURL":"http://a.espncdn.com/i/headshots/nba/players/full/4265.png",
"born":{"year":1988,"loc":"Fort Pierce, FL"},"contract":{"amount":"","exp":""},"draft":{"round":"","pick":"","team":"","orig. team":"","year":""},
"college":"VCU",
"ratings":[{"hgt":74,"stre":65,"spd":42,"jmp":75,"endu":67,"ins":74,"dnk":84,"ft":78,"fg":65,"tp":0,"blk":82,"stl":54,"drb":53,"pss":68,"reb":65,"pot":66}],"skills":[]},
{
"tid":-2,
"name":"Luke Babbitt",
"pos":"F","hgt":81,"weight":225,
"imgURL":"http://a.espncdn.com/i/headshots/nba/players/full/4250.png",
"born":{"year":1989,"loc":"Cincinnati, OH"},"contract":{"amount":"","exp":""},"draft":{"round":"","pick":"","team":"","orig. team":"","year":""},
"college":"Nevada",
"ratings":[{"hgt":72,"stre":58,"spd":42,"jmp":55,"endu":52,"ins":34,"dnk":64,"ft":78,"fg":81,"tp":66,"blk":60,"stl":54,"drb":50,"pss":58,"reb":65,"pot":56}],"skills":[]},
{
"tid":-2,
"name":"Kevin Seraphin",
"pos":"FC","hgt":81,"weight":264,
"imgURL":"http://a.espncdn.com/combiner/i?img=/i/headshots/nba/players/full/4289.png&w=350&h=254",
"born":{"year":1989,"loc":"Cayenne, French Guiana"},"contract":{"amount":"","exp":""},"draft":{"round":"","pick":"","team":"","orig. team":"","year":""},
"college":"France",
"ratings":[{"hgt":74,"stre":76,"spd":42,"jmp":75,"endu":57,"ins":69,"dnk":64,"ft":78,"fg":35,"tp":0,"blk":65,"stl":54,"drb":23,"pss":28,"reb":75,"pot":60}],"skills":[]},
{
"tid":-2,
"name":"Eric Bledsoe",
"pos":"PG","hgt":73,"weight":190,
"imgURL":"http://a.espncdn.com/i/headshots/nba/players/full/4238.png",
"born":{"year":1989,"loc":"Birmingham, AL"},"contract":{"amount":"","exp":""},"draft":{"round":"","pick":"","team":"","orig. team":"","year":""},
"college":"Kentucky",
"ratings":[{"hgt":15,"stre":41,"spd":84,"jmp":54,"endu":74,"ins":33,"dnk":74,"ft":84,"fg":86,"tp":84,"blk":31,"stl":65,"drb":75,"pss":66,"reb":45,"pot":67}],"skills":[]},
{
"tid":-2,
"name":"Avery Bradley",
"pos":"G","hgt":74,"weight":180,
"imgURL":"http://a.espncdn.com/i/headshots/nba/players/full/4240.png",
"born":{"year":1990,"loc":"Tacoma, WA"},"contract":{"amount":"","exp":""},"draft":{"round":"","pick":"","team":"","orig. team":"","year":""},
"college":"Texas",
"ratings":[{"hgt":43,"stre":42,"spd":75,"jmp":76,"endu":55,"ins":24,"dnk":64,"ft":65,"fg":64,"tp":59,"blk":21,"stl":66,"drb":67,"pss":64,"reb":42,"pot":57}],"skills":[]},
{
"tid":-2,
"name":"James Anderson",
"pos":"GF","hgt":78,"weight":215,
"imgURL":"http://a.espncdn.com/i/headshots/nba/players/full/4242.png",
"born":{"year":1989,"loc":"El Dorado, AR"},"contract":{"amount":"","exp":""},"draft":{"round":"","pick":"","team":"","orig. team":"","year":""},
"college":"Oklahoma State",
"ratings":[{"hgt":43,"stre":42,"spd":65,"jmp":66,"endu":60,"ins":34,"dnk":54,"ft":65,"fg":63,"tp":59,"blk":21,"stl":56,"drb":63,"pss":64,"reb":42,"pot":54}],"skills":[]},
{
"tid":-2,
"name":"Craig Brackins",
"pos":"PF","hgt":82,"weight":230,
"imgURL":"http://a.espncdn.com/i/headshots/nba/players/full/4254.png",
"born":{"year":1987,"loc":"Los Angeles, CA"},"contract":{"amount":"","exp":""},"draft":{"round":"","pick":"","team":"","orig. team":"","year":""},
"college":"Iowa State",
"ratings":[{"hgt":78,"stre":65,"spd":42,"jmp":75,"endu":47,"ins":64,"dnk":64,"ft":78,"fg":35,"tp":34,"blk":55,"stl":54,"drb":33,"pss":50,"reb":62,"pot":55}],"skills":[]},
{
"tid":-2,
"name":"Elliot Williams",
"pos":"SG","hgt":77,"weight":180,
"imgURL":"http://a.espncdn.com/i/headshots/nba/players/full/4294.png",
"born":{"year":1989,"loc":"Memphis, TN"},"contract":{"amount":"","exp":""},"draft":{"round":"","pick":"","team":"","orig. team":"","year":""},
"college":"Memphis",
"ratings":[{"hgt":43,"stre":42,"spd":65,"jmp":42,"endu":65,"ins":34,"dnk":54,"ft":65,"fg":63,"tp":59,"blk":21,"stl":56,"drb":63,"pss":64,"reb":42,"pot":54}],"skills":[]},
{
"tid":-2,
"name":"Trevor Booker",
"pos":"PF","hgt":79,"weight":240,
"imgURL":"http://a.espncdn.com/i/headshots/nba/players/full/4270.png",
"born":{"year":1987,"loc":"Newberry, SC"},"contract":{"amount":"","exp":""},"draft":{"round":"","pick":"","team":"","orig. team":"","year":""},
"college":"Clemson",
"ratings":[{"hgt":74,"stre":65,"spd":42,"jmp":75,"endu":63,"ins":74,"dnk":78,"ft":78,"fg":65,"tp":24,"blk":65,"stl":54,"drb":43,"pss":58,"reb":65,"pot":62}],"skills":[]},
{
"tid":-2,
"name":"Damion James",
"pos":"SF","hgt":79,"weight":225,
"imgURL":"http://a.espncdn.com/i/headshots/nba/players/full/4252.png",
"born":{"year":1987,"loc":"Hobbs, NM"},"contract":{"amount":"","exp":""},"draft":{"round":"","pick":"","team":"","orig. team":"","year":""},
"college":"Texas",
"ratings":[{"hgt":43,"stre":42,"spd":65,"jmp":42,"endu":65,"ins":34,"dnk":54,"ft":65,"fg":63,"tp":59,"blk":21,"stl":56,"drb":63,"pss":64,"reb":42,"pot":52}],"skills":[]},
{
"tid":-2,
"name":"Dominique Jones",
"pos":"G","hgt":76,"weight":215,
"imgURL":"http://a.espncdn.com/i/headshots/nba/players/full/4246.png",
"born":{"year":1988,"loc":"Lake Wales, FL"},"contract":{"amount":"","exp":""},"draft":{"round":"","pick":"","team":"","orig. team":"","year":""},
"college":"South Florida",
"ratings":[{"hgt":35,"stre":42,"spd":65,"jmp":42,"endu":65,"ins":34,"dnk":54,"ft":65,"fg":63,"tp":59,"blk":21,"stl":56,"drb":63,"pss":64,"reb":42,"pot":54}],"skills":[]},
{
"tid":-2,
"name":"Quincy Pondexter",
"pos":"GF","hgt":78,"weight":225,
"imgURL":"http://a.espncdn.com/i/headshots/nba/players/full/4253.png",
"born":{"year":1988,"loc":"Fresno, CA"},"contract":{"amount":"","exp":""},"draft":{"round":"","pick":"","team":"","orig. team":"","year":""},
"college":"Washington",
"ratings":[{"hgt":53,"stre":59,"spd":65,"jmp":57,"endu":65,"ins":34,"dnk":54,"ft":65,"fg":63,"tp":59,"blk":21,"stl":62,"drb":55,"pss":64,"reb":42,"pot":54}],"skills":[]},
{
"tid":-2,
"name":"Jordan Crawford",
"pos":"SG","hgt":76,"weight":195,
"imgURL":"http://a.espncdn.com/i/headshots/nba/players/full/4243.png",
"born":{"year":1988,"loc":"Detroit, MI"},"contract":{"amount":"","exp":""},"draft":{"round":"","pick":"","team":"","orig. team":"","year":""},
"college":"Xavier",
"ratings":[{"hgt":36,"stre":33,"spd":67,"jmp":53,"endu":47,"ins":36,"dnk":74,"ft":85,"fg":76,"tp":66,"blk":42,"stl":63,"drb":57,"pss":60,"reb":54,"pot":58}],"skills":[]},
{
"tid":-2,
"name":"Greivis Vasquez",
"pos":"G","hgt":78,"weight":200,
"imgURL":"http://a.espncdn.com/i/headshots/nba/players/full/4291.png",
"born":{"year":1987,"loc":"Caracas, Venezuela"},"contract":{"amount":"","exp":""},"draft":{"round":"","pick":"","team":"","orig. team":"","year":""},
"college":"Maryland",
"ratings":[{"hgt":49,"stre":42,"spd":65,"jmp":52,"endu":65,"ins":34,"dnk":54,"ft":65,"fg":63,"tp":59,"blk":21,"stl":56,"drb":63,"pss":64,"reb":42,"pot":54}],"skills":[]},
{
"tid":-2,
"name":"Daniel Orton",
"pos":"FC","hgt":82,"weight":255,
"imgURL":"http://a.espncdn.com/i/headshots/nba/players/full/4263.png",
"born":{"year":1990,"loc":"Oklahoma City, OK"},"contract":{"amount":"","exp":""},"draft":{"round":"","pick":"","team":"","orig. team":"","year":""},
"college":"Kentucky",
"ratings":[{"hgt":79,"stre":75,"spd":32,"jmp":42,"endu":47,"ins":74,"dnk":84,"ft":78,"fg":65,"tp":0,"blk":65,"stl":54,"drb":33,"pss":38,"reb":65,"pot":56}],"skills":[]},
{
"tid":-2,
"name":"Lazar Hayward",
"pos":"SF","hgt":78,"weight":225,
"imgURL":"http://a.espncdn.com/i/headshots/nba/players/full/4277.png",
"born":{"year":1986,"loc":"Buffalo, NY"},"contract":{"amount":"","exp":""},"draft":{"round":"","pick":"","team":"","orig. team":"","year":""},
"college":"Marquette",
"ratings":[{"hgt":50,"stre":55,"spd":52,"jmp":75,"endu":43,"ins":44,"dnk":64,"ft":78,"fg":65,"tp":34,"blk":65,"stl":54,"drb":43,"pss":51,"reb":65,"pot":56}],"skills":[]},
{
"tid":-2,
"name":"Tibor Pleiss",
"pos":"C","hgt":86,"weight":242,
"imgURL":"http://basketball.realgm.com/images/nba/4.2/profiles/photos/2006/Pleiss_Tibor_euro.jpg",
"born":{"year":1989,"loc":"Bergisch Gladbach, Germany"},"contract":{"amount":"","exp":""},"draft":{"round":"","pick":"","team":"","orig. team":"","year":""},
"college":"Germany",
"ratings":[{"hgt":95,"stre":55,"spd":44,"jmp":44,"endu":22,"ins":64,"dnk":53,"ft":64,"fg":53,"tp":12,"blk":65,"stl":34,"drb":21,"pss":45,"reb":75,"pot":58}],"skills":[]},
{
"tid":-2,
"name":"Dexter Pittman",
"pos":"C","hgt":83,"weight":308,
"imgURL":"http://a.espncdn.com/combiner/i?img=/i/headshots/nba/players/full/4283.png",
"born":{"year":1988,"loc":"Rosenberg, TX"},"contract":{"amount":"","exp":""},"draft":{"round":"","pick":"","team":"","orig. team":"","year":""},
"college":"Texas",
"ratings":[{"hgt":75,"stre":65,"spd":34,"jmp":64,"endu":52,"ins":74,"dnk":63,"ft":64,"fg":63,"tp":12,"blk":65,"stl":34,"drb":21,"pss":45,"reb":75,"pot":56}],"skills":[]},
{
"tid":-2,
"name":"Hassan Whiteside",
"pos":"C","hgt":84,"weight":235,
"imgURL":"http://a.espncdn.com/combiner/i?img=/i/headshots/nba/players/full/4262.png",
"born":{"year":1989,"loc":"Gastonia, NC"},"contract":{"amount":"","exp":""},"draft":{"round":"","pick":"","team":"","orig. team":"","year":""},
"college":"Marshall",
"ratings":[{"hgt":74,"stre":63,"spd":54,"jmp":78,"endu":64,"ins":78,"dnk":86,"ft":75,"fg":16,"tp":0,"blk":84,"stl":64,"drb":12,"pss":3,"reb":84,"pot":66}],"skills":[]},
{
"tid":-2,
"name":"Armon Johnson",
"pos":"PG","hgt":75,"weight":195,
"imgURL":"http://basketball.realgm.com/images/nba/4.2/profiles/photos/2006/JOHNSON_ARMON_por_1112.jpg",
"born":{"year":1989,"loc":"Chicago, IL"},"contract":{"amount":"","exp":""},"draft":{"round":"","pick":"","team":"","orig. team":"","year":""},
"college":"Nevada",
"ratings":[{"hgt":29,"stre":42,"spd":65,"jmp":52,"endu":45,"ins":34,"dnk":54,"ft":65,"fg":63,"tp":59,"blk":21,"stl":56,"drb":63,"pss":64,"reb":42,"pot":54}],"skills":[]},
{
"tid":-2,
"name":"Nemanja Bjelica",
"pos":"PF","hgt":82,"weight":225,
"imgURL":"http://basketball.realgm.com/images/nba/4.2/profiles/photos/2006/Bjelica_Nemanja_euro.jpg",
"born":{"year":1988,"loc":"Belgrade, Serbia"},"contract":{"amount":"","exp":""},"draft":{"round":"","pick":"","team":"","orig. team":"","year":""},
"college":"Serbia",
"ratings":[{"hgt":75,"stre":65,"spd":34,"jmp":64,"endu":52,"ins":74,"dnk":63,"ft":64,"fg":63,"tp":12,"blk":65,"stl":34,"drb":21,"pss":45,"reb":75,"pot":56}],"skills":[]},
{
"tid":-2,
"name":"Terrico White",
"pos":"G","hgt":77,"weight":215,
"imgURL":"http://basketball.realgm.com/images/nba/4.2/profiles/photos/2006/White_Terrico_det_12.jpg",
"born":{"year":1990,"loc":"Memphis, TN"},"contract":{"amount":"","exp":""},"draft":{"round":"","pick":"","team":"","orig. team":"","year":""},
"college":"Ole Miss",
"ratings":[{"hgt":43,"stre":42,"spd":65,"jmp":42,"endu":65,"ins":34,"dnk":54,"ft":65,"fg":63,"tp":59,"blk":21,"stl":56,"drb":63,"pss":64,"reb":42,"pot":54}],"skills":[]},
{
"tid":-2,
"name":"Darington Hobson",
"pos":"SG","hgt":79,"weight":210,
"imgURL":"http://basketball.realgm.com/images/nba/4.2/profiles/photos/2006/HOBSON_DARINGTON_mil_12.jpg",
"born":{"year":1987,"loc":"Las Vegas, NV"},"contract":{"amount":"","exp":""},"draft":{"round":"","pick":"","team":"","orig. team":"","year":""},
"college":"New Mexico",
"ratings":[{"hgt":43,"stre":42,"spd":65,"jmp":42,"endu":65,"ins":34,"dnk":54,"ft":65,"fg":63,"tp":59,"blk":21,"stl":56,"drb":63,"pss":64,"reb":42,"pot":54}],"skills":[]},
{
"tid":-2,
"name":"Andy Rautins",
"pos":"SG","hgt":76,"weight":190,
"imgURL":"http://basketball.realgm.com/images/nba/4.2/profiles/photos/2006/Rautins_Andy_OKC.jpg",
"born":{"year":1986,"loc":"Syracuse, NY"},"contract":{"amount":"","exp":""},"draft":{"round":"","pick":"","team":"","orig. team":"","year":""},
"college":"Syracuse",
"ratings":[{"hgt":36,"stre":42,"spd":65,"jmp":42,"endu":65,"ins":34,"dnk":54,"ft":65,"fg":63,"tp":59,"blk":21,"stl":56,"drb":63,"pss":64,"reb":42,"pot":54}],"skills":[]},
{
"tid":-2,
"name":"Landry Fields",
"pos":"GF","hgt":79,"weight":210,
"imgURL":"http://basketball.realgm.com/images/nba/4.2/profiles/photos/2006/Fields_Landry_tor14.jpg",
"born":{"year":1988,"loc":"Long Beach, CA"},"contract":{"amount":"","exp":""},"draft":{"round":"","pick":"","team":"","orig. team":"","year":""},
"college":"Stanford",
"ratings":[{"hgt":43,"stre":42,"spd":65,"jmp":42,"endu":65,"ins":34,"dnk":54,"ft":65,"fg":63,"tp":59,"blk":21,"stl":56,"drb":63,"pss":64,"reb":42,"pot":54}],"skills":[]},
{
"tid":-2,
"name":"Lance Stephenson",
"pos":"SG","hgt":77,"weight":210,
"imgURL":"http://basketball.realgm.com/images/nba/4.2/profiles/photos/2006/Stephenson_Lance_cha14.jpg",
"born":{"year":1990,"loc":"Brooklyn, NY"},"contract":{"amount":"","exp":""},"draft":{"round":"","pick":"","team":"","orig. team":"","year":""},
"college":"Cincinnati",
"ratings":[{"hgt":67,"stre":56,"spd":71,"jmp":68,"endu":55,"ins":55,"dnk":68,"ft":74,"fg":58,"tp":59,"blk":47,"stl":63,"drb":60,"pss":61,"reb":54,"pot":63}],"skills":[]},
{
"tid":-2,
"name":"Jarvis Varnado",
"pos":"PF","hgt":81,"weight":230,
"imgURL":"http://basketball.realgm.com/images/nba/4.2/profiles/photos/2006/Varnado_Jarvis_MIA.jpg",
"born":{"year":1988,"loc":"Fairfax, VA"},"contract":{"amount":"","exp":""},"draft":{"round":"","pick":"","team":"","orig. team":"","year":""},
"college":"Mississippi State",
"ratings":[{"hgt":72,"stre":65,"spd":42,"jmp":75,"endu":57,"ins":64,"dnk":74,"ft":78,"fg":55,"tp":0,"blk":65,"stl":54,"drb":33,"pss":48,"reb":62,"pot":55}],"skills":[]},
{
"tid":-2,
"name":"Devin Ebanks",
"pos":"GF","hgt":81,"weight":215,
"imgURL":"http://basketball.realgm.com/images/nba/4.2/profiles/photos/2006/Ebanks_Devin_dal_1314.jpg",
"born":{"year":1989,"loc":"Queens, NY"},"contract":{"amount":"","exp":""},"draft":{"round":"","pick":"","team":"","orig. team":"","year":""},
"college":"West Virginia",
"ratings":[{"hgt":43,"stre":42,"spd":65,"jmp":42,"endu":65,"ins":34,"dnk":54,"ft":65,"fg":63,"tp":59,"blk":21,"stl":56,"drb":63,"pss":64,"reb":42,"pot":54}],"skills":[]},
{
"tid":-2,
"name":"Jerome Jordan",
"pos":"C","hgt":84,"weight":253,
"imgURL":"http://basketball.realgm.com/images/nba/4.2/profiles/photos/2006/Jordan_Jerome_bkn14.jpg",
"born":{"year":1986,"loc":"Kingston, Jamaica"},"contract":{"amount":"","exp":""},"draft":{"round":"","pick":"","team":"","orig. team":"","year":""},
"college":"Tulsa",
"ratings":[{"hgt":90,"stre":75,"spd":42,"jmp":45,"endu":47,"ins":57,"dnk":54,"ft":78,"fg":25,"tp":0,"blk":65,"stl":54,"drb":23,"pss":28,"reb":65,"pot":53}],"skills":[]},
{
"tid":-2,
"name":"Gani Lawal",
"pos":"PF","hgt":81,"weight":234,
"imgURL":"http://basketball.realgm.com/images/nba/4.2/profiles/photos/2006/Lawal_Gani_phi_1314.jpg",
"born":{"year":1988,"loc":"College Park, GA"},"contract":{"amount":"","exp":""},"draft":{"round":"","pick":"","team":"","orig. team":"","year":""},
"college":"Georgia Tech",
"ratings":[{"hgt":72,"stre":55,"spd":42,"jmp":75,"endu":47,"ins":64,"dnk":74,"ft":78,"fg":55,"tp":0,"blk":65,"stl":54,"drb":22,"pss":38,"reb":65,"pot":56}],"skills":[]},
{
"tid":-2,
"name":"Tiny Gallon",
"pos":"C","hgt":81,"weight":290,
"imgURL":"http://basketball.realgm.com/images/nba/4.2/profiles/photos/2006/Gallon_Tiny_ncaa_okl.jpg",
"born":{"year":1991,"loc":"Vallejo, CA"},"contract":{"amount":"","exp":""},"draft":{"round":"","pick":"","team":"","orig. team":"","year":""},
"college":"Oklahoma",
"ratings":[{"hgt":71,"stre":65,"spd":34,"jmp":64,"endu":42,"ins":64,"dnk":53,"ft":64,"fg":33,"tp":0,"blk":65,"stl":34,"drb":21,"pss":25,"reb":71,"pot":48}],"skills":[]},
{
"tid":-2,
"name":"Latavious Williams",
"pos":"F","hgt":80,"weight":225,
"imgURL":"http://basketball.realgm.com/images/nba/4.2/profiles/photos/2006/Williams_Latavious_euro.jpg",
"born":{"year":1989,"loc":"Starkville, MS"},"contract":{"amount":"","exp":""},"draft":{"round":"","pick":"","team":"","orig. team":"","year":""},
"college":"Christian Life Center Academy (TX)",
"ratings":[{"hgt":75,"stre":65,"spd":34,"jmp":64,"endu":52,"ins":74,"dnk":63,"ft":64,"fg":63,"tp":12,"blk":65,"stl":34,"drb":21,"pss":45,"reb":75,"pot":56}],"skills":[]},
{
"tid":-2,
"name":"Ryan Richards",
"pos":"FC","hgt":83,"weight":230,
"imgURL":"http://basketball.realgm.com/images/nba/4.2/profiles/photos/2006/Richards_Ryan_euro.jpg",
"born":{"year":1991,"loc":"Chatham, England"},"contract":{"amount":"","exp":""},"draft":{"round":"","pick":"","team":"","orig. team":"","year":""},
"college":"England",
"ratings":[{"hgt":87,"stre":65,"spd":55,"jmp":64,"endu":42,"ins":54,"dnk":53,"ft":64,"fg":53,"tp":0,"blk":50,"stl":34,"drb":21,"pss":40,"reb":75,"pot":55}],"skills":[]},
{
"tid":-2,
"name":"Solomon Alabi",
"pos":"C","hgt":85,"weight":251,
"imgURL":"http://basketball.realgm.com/images/nba/4.2/profiles/photos/2006/Alabi_Solomon_NOH.jpg",
"born":{"year":1988,"loc":"Kaduna, Nigeria"},"contract":{"amount":"","exp":""},"draft":{"round":"","pick":"","team":"","orig. team":"","year":""},
"college":"Florida State",
"ratings":[{"hgt":90,"stre":65,"spd":42,"jmp":65,"endu":27,"ins":54,"dnk":64,"ft":78,"fg":25,"tp":0,"blk":65,"stl":54,"drb":13,"pss":28,"reb":80,"pot":48}],"skills":[]},
{
"tid":-2,
"name":"Magnum Rolle",
"pos":"F","hgt":83,"weight":235,
"imgURL":"http://basketball.realgm.com/images/nba/4.2/profiles/photos/2006/Rolle_Magnum_ind_1112.jpg",
"born":{"year":1986,"loc":"Freeport, Bahamas"},"contract":{"amount":"","exp":""},"draft":{"round":"","pick":"","team":"","orig. team":"","year":""},
"college":"Louisiana Tech",
"ratings":[{"hgt":85,"stre":65,"spd":34,"jmp":64,"endu":42,"ins":64,"dnk":63,"ft":34,"fg":63,"tp":0,"blk":65,"stl":34,"drb":21,"pss":45,"reb":75,"pot":49}],"skills":[]},
{
"tid":-2,
"name":"Luke Harangody",
"pos":"PF","hgt":80,"weight":246,
"imgURL":"http://basketball.realgm.com/images/nba/4.2/profiles/photos/2006/Harangody_Luke_CLE.jpg",
"born":{"year":1988,"loc":"Decatur, IL"},"contract":{"amount":"","exp":""},"draft":{"round":"","pick":"","team":"","orig. team":"","year":""},
"college":"Notre Dame",
"ratings":[{"hgt":75,"stre":65,"spd":38,"jmp":64,"endu":42,"ins":64,"dnk":57,"ft":64,"fg":58,"tp":36,"blk":65,"stl":54,"drb":21,"pss":35,"reb":75,"pot":51}],"skills":[]},
{
"tid":-2,
"name":"Pape Sy",
"pos":"SF","hgt":79,"weight":225,
"imgURL":"http://a.espncdn.com/combiner/i?img=/i/headshots/nba/players/full/4290.png",
"born":{"year":1988,"loc":"Loudeac, France"},"contract":{"amount":"","exp":""},"draft":{"round":"","pick":"","team":"","orig. team":"","year":""},
"college":"France",
"ratings":[{"hgt":57,"stre":42,"spd":65,"jmp":42,"endu":65,"ins":34,"dnk":54,"ft":65,"fg":63,"tp":59,"blk":21,"stl":56,"drb":63,"pss":64,"reb":42,"pot":54}],"skills":[]},
{
"tid":-2,
"name":"Willie Warren",
"pos":"PG","hgt":76,"weight":203,
"imgURL":"http://basketball.realgm.com/images/nba/4.2/profiles/photos/2006/WARREN_WILLIE_lac_12.jpg",
"born":{"year":1989,"loc":"Dallas, TX"},"contract":{"amount":"","exp":""},"draft":{"round":"","pick":"","team":"","orig. team":"","year":""},
"college":"Oklahoma",
"ratings":[{"hgt":35,"stre":42,"spd":65,"jmp":42,"endu":65,"ins":34,"dnk":54,"ft":65,"fg":63,"tp":59,"blk":21,"stl":56,"drb":63,"pss":64,"reb":42,"pot":54}],"skills":[]},
{
"tid":-2,
"name":"Jeremy Evans",
"pos":"SF","hgt":81,"weight":196,
"imgURL":"http://basketball.realgm.com/images/nba/4.2/profiles/photos/2006/Evans_Jeremy_uta14.jpg",
"born":{"year":1987,"loc":"Crossett, AR"},"contract":{"amount":"","exp":""},"draft":{"round":"","pick":"","team":"","orig. team":"","year":""},
"ratings":[{"hgt":71,"stre":42,"spd":65,"jmp":42,"endu":65,"ins":34,"dnk":54,"ft":65,"fg":63,"tp":29,"blk":21,"stl":56,"drb":43,"pss":44,"reb":68,"pot":54}],"skills":[]},
{
"tid":-2,
"name":"Hamady N'Diaye",
"pos":"C","hgt":84,"weight":245,
"imgURL":"http://basketball.realgm.com/images/nba/4.2/profiles/photos/2006/Ndiaye_Hamady_sac_1314.jpg",
"born":{"year":1987,"loc":"Dakar, Senegal"},"contract":{"amount":"","exp":""},"draft":{"round":"","pick":"","team":"","orig. team":"","year":""},
"college":"Rutgers",
"ratings":[{"hgt":90,"stre":65,"spd":34,"jmp":64,"endu":52,"ins":54,"dnk":63,"ft":64,"fg":43,"tp":0,"blk":65,"stl":34,"drb":21,"pss":45,"reb":75,"pot":56}],"skills":[]},
{
"tid":-2,
"name":"Ryan Reid",
"pos":"PF","hgt":80,"weight":232,
"imgURL":"http://basketball.realgm.com/images/nba/4.2/profiles/photos/2006/Reid_Ryan_okc.jpg",
"born":{"year":1986,"loc":"Lauderdale Lakes, FL"},"contract":{"amount":"","exp":""},"draft":{"round":"","pick":"","team":"","orig. team":"","year":""},
"college":"Florida State",
"ratings":[{"hgt":75,"stre":65,"spd":34,"jmp":64,"endu":52,"ins":74,"dnk":63,"ft":64,"fg":63,"tp":12,"blk":65,"stl":34,"drb":21,"pss":45,"reb":75,"pot":56}],"skills":[]},
{
"tid":-2,
"name":"Derrick Caracter",
"pos":"C","hgt":81,"weight":275,
"imgURL":"http://a.espncdn.com/combiner/i?img=/i/headshots/nba/players/full/4272.png",
"born":{"year":1988,"loc":"Fanwood, NJ"},"contract":{"amount":"","exp":""},"draft":{"round":"","pick":"","team":"","orig. team":"","year":""},
"college":"UTEP",
"ratings":[{"hgt":75,"stre":65,"spd":34,"jmp":64,"endu":52,"ins":74,"dnk":63,"ft":64,"fg":63,"tp":12,"blk":65,"stl":34,"drb":21,"pss":45,"reb":75,"pot":56}],"skills":[]},
{
"tid":-2,
"name":"Stanley Robinson",
"pos":"F","hgt":81,"weight":220,
"imgURL":"http://basketball.realgm.com/images/nba/4.2/profiles/photos/2006/Robinson_Stanley_ncaa.jpg",
"born":{"year":1988,"loc":"Birmingham, AL"},"contract":{"amount":"","exp":""},"draft":{"round":"","pick":"","team":"","orig. team":"","year":""},
"college":"Connecticut",
"ratings":[{"hgt":75,"stre":65,"spd":44,"jmp":64,"endu":32,"ins":60,"dnk":63,"ft":64,"fg":53,"tp":12,"blk":65,"stl":34,"drb":21,"pss":35,"reb":68,"pot":50}],"skills":[]},
{
"tid":-2,
"name":"Dwyane Collins",
"pos":"F","hgt":80,"weight":241,
"imgURL":"http://basketball.realgm.com/images/nba/4.2/profiles/photos/2006/Collins_Dwayne_ncaa.jpg",
"born":{"year":1988,"loc":"Miami, FL"},"contract":{"amount":"","exp":""},"draft":{"round":"","pick":"","team":"","orig. team":"","year":""},
"ratings":[{"hgt":75,"stre":65,"spd":34,"jmp":64,"endu":52,"ins":74,"dnk":63,"ft":64,"fg":63,"tp":12,"blk":65,"stl":34,"drb":21,"pss":45,"reb":75,"pot":56}],"skills":[]},
{
"tid":-2,
"name":"Jeremy Lin",
"pos":"G","hgt":75,"weight":200,
"imgURL":"http://basketball.realgm.com/images/nba/4.2/profiles/photos/2006/Lin_Jeremy_lal14.jpg",
"born":{"year":1988,"loc":"Palo Alto, CA"},"contract":{"amount":"","exp":""},"draft":{"round":"","pick":"","team":"","orig. team":"","year":""},
"college":"Harvard",
"ratings":[{"hgt":30,"stre":32,"spd":86,"jmp":52,"endu":64,"ins":35,"dnk":35,"ft":75,"fg":74,"tp":84,"blk":64,"stl":63,"drb":67,"pss":75,"reb":45,"pot":60}],"skills":[]},
{
"tid":-2,
"name":"Ish Smith",
"pos":"PG","hgt":72,"weight":175,
"imgURL":"http://basketball.realgm.com/images/nba/4.2/profiles/photos/2006/Smith_Ish_hou14.jpg",
"born":{"year":1988,"loc":"Charlotte, NC"},"contract":{"amount":"","exp":""},"draft":{"round":"","pick":"","team":"","orig. team":"","year":""},
"ratings":[{"hgt":7,"stre":42,"spd":65,"jmp":42,"endu":65,"ins":34,"dnk":54,"ft":65,"fg":43,"tp":49,"blk":21,"stl":56,"drb":70,"pss":76,"reb":42,"pot":54}],"skills":[]},
{
"tid":-2,
"name":"Manny Harris",
"pos":"SG","hgt":77,"weight":185,
"imgURL":"http://basketball.realgm.com/images/nba/4.2/profiles/photos/2006/Harris_Manny_orl_1314.jpg",
"born":{"year":1989,"loc":"Detroit, MI"},"contract":{"amount":"","exp":""},"draft":{"round":"","pick":"","team":"","orig. team":"","year":""},
"college":"Michigan",
"ratings":[{"hgt":43,"stre":42,"spd":65,"jmp":42,"endu":55,"ins":34,"dnk":54,"ft":65,"fg":63,"tp":59,"blk":21,"stl":56,"drb":63,"pss":64,"reb":42,"pot":54}],"skills":[]},
{
"tid":-2,
"name":"Samardo Samuels",
"pos":"FC","hgt":77,"weight":260,
"imgURL":"http://basketball.realgm.com/images/nba/4.2/profiles/photos/2006/Samuels_Samardo_CLE.jpg",
"born":{"year":1989,"loc":"Trelawny, Jamaica"},"contract":{"amount":"","exp":""},"draft":{"round":"","pick":"","team":"","orig. team":"","year":""},
"college":"Louisville",
"ratings":[{"hgt":75,"stre":65,"spd":34,"jmp":64,"endu":52,"ins":74,"dnk":63,"ft":64,"fg":63,"tp":12,"blk":65,"stl":34,"drb":21,"pss":45,"reb":75,"pot":56}],"skills":[]},
{
"tid":-2,
"name":"Donald Sloan",
"pos":"G","hgt":75,"weight":205,
"imgURL":"http://basketball.realgm.com/images/nba/4.2/profiles/photos/2006/Sloan_Donald_ind14.jpg",
"born":{"year":1988,"loc":"Shreveport, LA"},"contract":{"amount":"","exp":""},"draft":{"round":"","pick":"","team":"","orig. team":"","year":""},
"college":"Texas A&M",
"ratings":[{"hgt":29,"stre":42,"spd":65,"jmp":42,"endu":65,"ins":34,"dnk":54,"ft":65,"fg":63,"tp":59,"blk":21,"stl":56,"drb":63,"pss":64,"reb":42,"pot":54}],"skills":[]},
{
"tid":-2,
"name":"Lance Thomas",
"pos":"SF","hgt":80,"weight":225,
"imgURL":"http://basketball.realgm.com/images/nba/4.2/profiles/photos/2006/Thomas_Lance_okc14.jpg",
"born":{"year":1988,"loc":"Brooklyn, NY"},"contract":{"amount":"","exp":""},"draft":{"round":"","pick":"","team":"","orig. team":"","year":""},
"college":"Duke",
"ratings":[{"hgt":64,"stre":42,"spd":65,"jmp":42,"endu":65,"ins":34,"dnk":54,"ft":65,"fg":63,"tp":59,"blk":21,"stl":56,"drb":63,"pss":64,"reb":42,"pot":54}],"skills":[]},
{
"tid":-2,
"name":"Alexey Shved",
"pos":"G","hgt":78,"weight":187,
"imgURL":"http://basketball.realgm.com/images/nba/4.2/profiles/photos/2006/Shved_Alexey_phi14.jpg",
"born":{"year":1988,"loc":"Belgorod, Russia"},"contract":{"amount":"","exp":""},"draft":{"round":"","pick":"","team":"","orig. team":"","year":""},
"college":"Russia",
"ratings":[{"hgt":50,"stre":42,"spd":65,"jmp":42,"endu":65,"ins":34,"dnk":54,"ft":65,"fg":63,"tp":59,"blk":21,"stl":56,"drb":63,"pss":64,"reb":42,"pot":58}],"skills":[]},
{
"tid":-2,
"name":"Ben Uzoh",
"pos":"PG","hgt":75,"weight":205,
"imgURL":"http://basketball.realgm.com/images/nba/4.2/profiles/photos/2006/Uzoh_Ben_DEN.jpg",
"born":{"year":1988,"loc":"Houston, TX"},"contract":{"amount":"","exp":""},"draft":{"round":"","pick":"","team":"","orig. team":"","year":""},
"college":"Tulsa",
"ratings":[{"hgt":29,"stre":42,"spd":65,"jmp":42,"endu":65,"ins":34,"dnk":54,"ft":65,"fg":63,"tp":59,"blk":21,"stl":56,"drb":63,"pss":72,"reb":42,"pot":54}],"skills":[]},
{
"tid":-2,
"name":"Marqus Blakely",
"pos":"GF","hgt":77,"weight":225,
"imgURL":"http://basketball.realgm.com/images/nba/4.2/profiles/photos/2006/Blakely_Marqus_LAC.jpg",
"born":{"year":1988,"loc":"Metuchen, NJ"},"contract":{"amount":"","exp":""},"draft":{"round":"","pick":"","team":"","orig. team":"","year":""},
"college":"Vermont",
"ratings":[{"hgt":43,"stre":35,"spd":54,"jmp":64,"endu":42,"ins":24,"dnk":63,"ft":64,"fg":63,"tp":12,"blk":25,"stl":34,"drb":21,"pss":45,"reb":45,"pot":47}],"skills":[]},
{
"tid":-2,
"name":"Sherron Collins",
"pos":"PG","hgt":71,"weight":205,
"imgURL":"http://basketball.realgm.com/images/nba/4.2/profiles/photos/2006/Collins_Sherron_ncaa.jpg",
"born":{"year":1987,"loc":"Chicago, IL"},"contract":{"amount":"","exp":""},"draft":{"round":"","pick":"","team":"","orig. team":"","year":""},
"college":"Kansas",
"ratings":[{"hgt":3,"stre":42,"spd":65,"jmp":42,"endu":65,"ins":34,"dnk":54,"ft":65,"fg":63,"tp":59,"blk":21,"stl":56,"drb":63,"pss":64,"reb":42,"pot":50}],"skills":[]},
{
"tid":-2,
"name":"Jerome Dyson",
"pos":"G","hgt":75,"weight":180,
"imgURL":"http://basketball.realgm.com/images/nba/4.2/profiles/photos/2006/DYSON_JEROME_okc_12.jpg",
"born":{"year":1987,"loc":"Rockville, MD"},"contract":{"amount":"","exp":""},"draft":{"round":"","pick":"","team":"","orig. team":"","year":""},
"college":"Connecticut",
"ratings":[{"hgt":29,"stre":42,"spd":65,"jmp":42,"endu":65,"ins":34,"dnk":54,"ft":65,"fg":63,"tp":59,"blk":21,"stl":56,"drb":63,"pss":64,"reb":42,"pot":47}],"skills":[]},
{
"tid":-2,
"name":"Boban Marjanovic",
"ratings":[{"hgt":98,"stre":95,"spd":40,"jmp":55,"endu":60,"ins":71,"dnk":55,"ft":53,"fg":40,"tp":0,"blk":63,"stl":19,"drb":12,"pss":22,"reb":81,"pot":56,"skills":[]}],
"pos":"C","hgt":87,"weight":290,"born":{"year":1988,"loc":"Zajecar, Serbia"},
"imgURL":"http://a.espncdn.com/combiner/i?img=/i/headshots/nba/players/full/4376.png&w=350&h=254",
"contract":{"amount":"","exp":""},"draft":{"round":0,"pick":0,"tid":-1,"originalTid":-1,"year":2010},
"college":"Serbia",
"injury":{"type":"Healthy","gamesRemaining":0}},
{
"tid":-2,
"name":"Jeff Foote",
"pos":"C","hgt":84,"weight":265,
"imgURL":"http://basketball.realgm.com/images/nba/4.2/profiles/photos/2006/Foote_Jeff_ncaa.jpg",
"born":{"year":1987,"loc":"Lockwood, NY"},"contract":{"amount":"","exp":""},"draft":{"round":"","pick":"","team":"","orig. team":"","year":""},
"college":"Cornell",
"ratings":[{"hgt":90,"stre":65,"spd":34,"jmp":54,"endu":52,"ins":54,"dnk":53,"ft":64,"fg":33,"tp":12,"blk":65,"stl":34,"drb":21,"pss":45,"reb":65,"pot":48}],"skills":[]}]
}