{"startingSeason":1997,"players":[{"tid":-2,"name":"Tim Duncan","pos":"FC","hgt":83,"weight":250,"imgURL":"http://www.spotrac.com/blog/wp-content/uploads/2013/05/sa-duncan.png","born":{"year":1976,"loc":"St. Croix, U.S. Virgin Islands"},"contract":{"amount":"","exp":""},"draft":{"round":"","pick":"","tid":"","orig. team":"","year":""},"college":"Wake Forest","ratings":[{"hgt":93,"stre":82,"spd":63,"jmp":87,"endu":81,"ins":93,"dnk":85,"ft":74,"fg":77,"tp":4,"blk":87,"stl":64,"drb":56,"pss":64,"reb":86,"pot":94}],"skills":[]},{"tid":-2,"name":"Keith Van Horn","pos":"SF","hgt":82,"weight":220,"imgURL":"http://static.giantbomb.com/uploads/scale_small/0/2986/565949-keith_van_horn.jpg","born":{"year":1975,"loc":"Fullerton, CA"},"contract":{"amount":"","exp":""},"draft":{"round":"","pick":"","tid":"","orig. team":"","year":""},"college":"Utah","ratings":[{"hgt":79,"stre":50,"spd":66,"jmp":70,"endu":74,"ins":68,"dnk":61,"ft":76,"fg":67,"tp":72,"blk":67,"stl":65,"drb":54,"pss":65,"reb":87,"pot":67}],"skills":[]},{"tid":-2,"name":"Chauncey Billups","pos":"G","hgt":75,"weight":202,"imgURL":"http://a.espncdn.com/combiner/i?img=/i/headshots/nba/players/full/63.png&w=350&h=254","born":{"year":1976,"loc":"Denver, CO"},"contract":{"amount":"","exp":""},"draft":{"round":"","pick":"","tid":"","orig. team":"","year":""},"college":"Colorado","ratings":[{"hgt":28,"stre":43,"spd":82,"jmp":78,"endu":74,"ins":34,"dnk":74,"ft":78,"fg":67,"tp":65,"blk":36,"stl":66,"drb":90,"pss":87,"reb":45,"pot":78}],"skills":[]},{"tid":-2,"name":"Antonio Daniels","pos":"G","hgt":76,"weight":195,"imgURL":"http://assets.espn.go.com/i/headshots/nba/players/65/183.jpg","born":{"year":1975,"loc":"Columbus, OH"},"contract":{"amount":"","exp":""},"draft":{"round":"","pick":"","tid":"","orig. team":"","year":""},"college":"Bowling Green","ratings":[{"hgt":35,"stre":47,"spd":72,"jmp":70,"endu":62,"ins":47,"dnk":66,"ft":75,"fg":54,"tp":61,"blk":45,"stl":65,"drb":68,"pss":66,"reb":54,"pot":62}],"skills":[]},{"tid":-2,"name":"Tony Battie","pos":"FC","hgt":83,"weight":230,"imgURL":"http://a.espncdn.com/combiner/i?img=/i/headshots/nba/players/full/45.png&w=350&h=254","born":{"year":1976,"loc":"Dallas, TX"},"contract":{"amount":"","exp":""},"draft":{"round":"","pick":"","tid":"","orig. team":"","year":""},"college":"Texas Tech","ratings":[{"hgt":85,"stre":63,"spd":50,"jmp":63,"endu":59,"ins":54,"dnk":34,"ft":54,"fg":34,"tp":54,"blk":54,"stl":54,"drb":45,"pss":55,"reb":34,"pot":59}],"skills":[]},{"tid":-2,"name":"Ron Mercer","pos":"GF","hgt":79,"weight":210,"imgURL":"http://a.espncdn.com/i/headshots/nba/players/65/546.jpg","born":{"year":1976,"loc":"Nashville, TN"},"contract":{"amount":"","exp":""},"draft":{"round":"","pick":"","tid":"","orig. team":"","year":""},"college":"Kentucky","ratings":[{"hgt":57,"stre":50,"spd":68,"jmp":75,"endu":60,"ins":45,"dnk":65,"ft":70,"fg":56,"tp":59,"blk":65,"stl":75,"drb":43,"pss":47,"reb":54,"pot":65}],"skills":[]},{"tid":-2,"name":"Tim Thomas","pos":"PF","hgt":82,"weight":230,"imgURL":"https://tedbrogen.files.wordpress.com/2008/07/tt.jpg","born":{"year":1977,"loc":"Paterson, NJ"},"contract":{"amount":"","exp":""},"draft":{"round":"","pick":"","tid":"","orig. team":"","year":""},"college":"Villanova","ratings":[{"hgt":77,"stre":60,"spd":64,"jmp":70,"endu":56,"ins":53,"dnk":34,"ft":34,"fg":55,"tp":54,"blk":67,"stl":56,"drb":42,"pss":47,"reb":66,"pot":61}],"skills":[]},{"tid":-2,"name":"Adonal Foyle","pos":"C","hgt":82,"weight":250,"imgURL":"http://a.espncdn.com/i/headshots/nba/players/65/254.jpg","born":{"year":1975,"loc":"Canouan, Saint Vincent and the Grenadines"},"contract":{"amount":"","exp":""},"draft":{"round":"","pick":"","tid":"","orig. team":"","year":""},"college":"Colgate","ratings":[{"hgt":82,"stre":90,"spd":53,"jmp":69,"endu":66,"ins":47,"dnk":40,"ft":3,"fg":12,"tp":0,"blk":96,"stl":58,"drb":15,"pss":19,"reb":88,"pot":57}],"skills":[]},{"tid":-2,"name":"Tracy McGrady","pos":"GF","hgt":80,"weight":210,"imgURL":"http://i.imgur.com/W7zyjmu.png","born":{"year":1979,"loc":"Bartow, FL"},"contract":{"amount":"","exp":""},"draft":{"round":"","pick":"","tid":"","orig. team":"","year":""},"college":"Mt. Zion Christian Academy (HS)","ratings":[{"hgt":67,"stre":34,"spd":83,"jmp":87,"endu":32,"ins":25,"dnk":62,"ft":78,"fg":53,"tp":46,"blk":45,"stl":53,"drb":58,"pss":56,"reb":54,"pot":83}],"skills":[]},{"tid":-2,"name":"Danny Fortson","pos":"FC","hgt":79,"weight":260,"imgURL":"http://a.espncdn.com/i/headshots/nba/players/65/248.jpg","born":{"year":1976,"loc":"Philadelphia, PA"},"contract":{"amount":"","exp":""},"draft":{"round":"","pick":"","tid":"","orig. team":"","year":""},"college":"Cincinnati","ratings":[{"hgt":60,"stre":82,"spd":57,"jmp":65,"endu":64,"ins":55,"dnk":57,"ft":35,"fg":65,"tp":0,"blk":65,"stl":45,"drb":35,"pss":45,"reb":65,"pot":59}],"skills":[]},{"tid":-2,"name":"Tariq Abdul-Wahad","pos":"SG","hgt":78,"weight":223,"imgURL":"http://a.espncdn.com/i/headshots/nba/players/65/2.jpg","born":{"year":1974,"loc":"Maisons Alfort, France"},"contract":{"amount":"","exp":""},"draft":{"round":"","pick":"","tid":"","orig. team":"","year":""},"college":"San Jose State","ratings":[{"hgt":52,"stre":46,"spd":56,"jmp":65,"endu":58,"ins":56,"dnk":66,"ft":56,"fg":66,"tp":56,"blk":66,"stl":56,"drb":66,"pss":56,"reb":66,"pot":61}],"skills":[]},{"tid":-2,"name":"Austin Croshere","pos":"PF","hgt":81,"weight":235,"imgURL":"http://a.espncdn.com/i/headshots/nba/players/65/167.jpg","born":{"year":1975,"loc":"Los Angeles, CA"},"contract":{"amount":"","exp":""},"draft":{"round":"","pick":"","tid":"","orig. team":"","year":""},"college":"Providence","ratings":[{"hgt":71,"stre":65,"spd":45,"jmp":65,"endu":45,"ins":65,"dnk":54,"ft":34,"fg":45,"tp":54,"blk":34,"stl":45,"drb":54,"pss":34,"reb":54,"pot":56}],"skills":[]},{"tid":-2,"name":"Derek Anderson","pos":"GF","hgt":77,"weight":194,"imgURL":"http://photos1.blogger.com/blogger/798/3340/320/derek.jpg","born":{"year":1974,"loc":"Louisville, KY"},"contract":{"amount":"","exp":""},"draft":{"round":"","pick":"","tid":"","orig. team":"","year":""},"college":"Kentucky","ratings":[{"hgt":43,"stre":52,"spd":69,"jmp":64,"endu":59,"ins":25,"dnk":65,"ft":65,"fg":75,"tp":65,"blk":45,"stl":65,"drb":45,"pss":65,"reb":45,"pot":63}],"skills":[]},{"tid":-2,"name":"Maurice Taylor","pos":"FC","hgt":81,"weight":260,"imgURL":"http://a.espncdn.com/i/headshots/nba/players/65/837.jpg","born":{"year":1976,"loc":"Detroit, MI"},"contract":{"amount":"","exp":""},"draft":{"round":"","pick":"","tid":"","orig. team":"","year":""},"college":"Michigan","ratings":[{"hgt":72,"stre":65,"spd":48,"jmp":58,"endu":61,"ins":64,"dnk":64,"ft":73,"fg":34,"tp":5,"blk":63,"stl":63,"drb":42,"pss":45,"reb":65,"pot":60}],"skills":[]},{"tid":-2,"name":"Kelvin Cato","pos":"FC","hgt":83,"weight":255,"imgURL":"http://www.thedraftreview.com/history/drafted1997/images/kelvin-cato.jpg","born":{"year":1974,"loc":"Atlanta, GA"},"contract":{"amount":"","exp":""},"draft":{"round":"","pick":"","tid":"","orig. team":"","year":""},"college":"Iowa State","ratings":[{"hgt":85,"stre":80,"spd":45,"jmp":35,"endu":53,"ins":64,"dnk":51,"ft":45,"fg":54,"tp":0,"blk":67,"stl":45,"drb":35,"pss":49,"reb":75,"pot":57}],"skills":[]},{"tid":-2,"name":"Brevin Knight","pos":"PG","hgt":70,"weight":173,"imgURL":"http://a.espncdn.com/i/headshots/nba/players/65/440.jpg","born":{"year":1975,"loc":"Livingston, NJ"},"contract":{"amount":"","exp":""},"draft":{"round":"","pick":"","tid":"","orig. team":"","year":""},"college":"Stanford","ratings":[{"hgt":12,"stre":34,"spd":78,"jmp":45,"endu":64,"ins":33,"dnk":50,"ft":56,"fg":75,"tp":60,"blk":25,"stl":90,"drb":87,"pss":89,"reb":36,"pot":63}],"skills":[]},{"tid":-2,"name":"Johnny Taylor","pos":"SF","hgt":81,"weight":220,"imgURL":"http://www.thedraftreview.com/history/drafted1997/images/johnny-taylor.jpg","born":{"year":1974,"loc":"Chattanooga, TN"},"contract":{"amount":"","exp":""},"draft":{"round":"","pick":"","tid":"","orig. team":"","year":""},"college":"Chattanooga","ratings":[{"hgt":71,"stre":45,"spd":65,"jmp":54,"endu":44,"ins":35,"dnk":56,"ft":72,"fg":57,"tp":45,"blk":35,"stl":65,"drb":47,"pss":38,"reb":54,"pot":56}],"skills":[]},{"tid":-2,"name":"Chris Anstey","pos":"C","hgt":84,"weight":249,"imgURL":"http://basketball.realgm.com/images/nba/4.2/profiles/photos/2006/Anstey_Chris_nba.jpg","born":{"year":1975,"loc":"Melbourne, Australia"},"contract":{"amount":"","exp":""},"draft":{"round":"","pick":"","tid":"","orig. team":"","year":""},"college":"Australia","ratings":[{"hgt":93,"stre":63,"spd":24,"jmp":48,"endu":43,"ins":55,"dnk":53,"ft":72,"fg":28,"tp":32,"blk":45,"stl":65,"drb":26,"pss":52,"reb":74,"pot":54}],"skills":[]},{"tid":-2,"name":"Scot Pollard","pos":"C","hgt":83,"weight":265,"imgURL":"http://assets.espn.go.com/i/headshots/nba/players/65/664.jpg","born":{"year":1975,"loc":"Murray, UT"},"contract":{"amount":"","exp":""},"draft":{"round":"","pick":"","tid":"","orig. team":"","year":""},"college":"Kansas","ratings":[{"hgt":85,"stre":80,"spd":34,"jmp":53,"endu":53,"ins":53,"dnk":65,"ft":65,"fg":76,"tp":20,"blk":65,"stl":44,"drb":35,"pss":45,"reb":72,"pot":57}],"skills":[]},{"tid":-2,"name":"Paul Grant","pos":"C","hgt":84,"weight":245,"imgURL":"http://cdn.hoopshype.com/i/f1/1d/f8/paul_grant.jpg","born":{"year":1974,"loc":"Pittsburgh, PA"},"contract":{"amount":"","exp":""},"draft":{"round":"","pick":"","tid":"","orig. team":"","year":""},"college":"Wisconsin","ratings":[{"hgt":90,"stre":68,"spd":22,"jmp":34,"endu":54,"ins":56,"dnk":57,"ft":65,"fg":67,"tp":0,"blk":75,"stl":45,"drb":25,"pss":56,"reb":77,"pot":53}],"skills":[]},{"tid":-2,"name":"Anthony Parker","pos":"GF","hgt":78,"weight":215,"imgURL":"http://media.tumblr.com/tumblr_lknfcppv8Z1qh4jcw.png","born":{"year":1975,"loc":"Naperville, IL"},"contract":{"amount":"","exp":""},"draft":{"round":"","pick":"","tid":"","orig. team":"","year":""},"college":"Bradley","ratings":[{"hgt":50,"stre":33,"spd":55,"jmp":54,"endu":65,"ins":45,"dnk":63,"ft":45,"fg":65,"tp":45,"blk":65,"stl":56,"drb":55,"pss":65,"reb":45,"pot":56}],"skills":[]},{"tid":-2,"name":"Ed Gray","pos":"SG","hgt":75,"weight":210,"imgURL":"http://imageocd.com/images/nba10/ed-gray-wallpaper-height-weight-position-college-high-school/ed-gray.jpg","born":{"year":1975,"loc":"Riverside, CA"},"contract":{"amount":"","exp":""},"draft":{"round":"","pick":"","tid":"","orig. team":"","year":""},"ratings":[{"hgt":28,"stre":45,"spd":62,"jmp":44,"endu":47,"ins":43,"dnk":54,"ft":36,"fg":34,"tp":64,"blk":54,"stl":34,"drb":54,"pss":54,"reb":33,"pot":54}],"skills":[]},{"tid":-2,"name":"Bobby Jackson","pos":"G","hgt":73,"weight":185,"imgURL":"http://a.espncdn.com/i/headshots/nba/players/65/376.jpg","born":{"year":1973,"loc":"East Spencer, NC"},"contract":{"amount":"","exp":""},"draft":{"round":"","pick":"","tid":"","orig. team":"","year":""},"ratings":[{"hgt":15,"stre":31,"spd":87,"jmp":85,"endu":55,"ins":35,"dnk":74,"ft":45,"fg":65,"tp":65,"blk":66,"stl":56,"drb":79,"pss":53,"reb":43,"pot":63}],"skills":[]},{"tid":-2,"name":"Rodrick Rhodes","pos":"GF","hgt":78,"weight":225,"imgURL":"http://www.clutchfans.net/images/profiles/Rodrick_Rhodes.jpg","born":{"year":1973,"loc":"Jersey City, NJ"},"contract":{"amount":"","exp":""},"draft":{"round":"","pick":"","tid":"","orig. team":"","year":""},"college":"Soutern California","ratings":[{"hgt":54,"stre":56,"spd":60,"jmp":54,"endu":65,"ins":45,"dnk":66,"ft":35,"fg":45,"tp":34,"blk":54,"stl":66,"drb":45,"pss":34,"reb":54,"pot":55}],"skills":[]},{"tid":-2,"name":"John Thomas","pos":"FC","hgt":81,"weight":265,"imgURL":"http://a.espncdn.com/combiner/i?img=/i/headshots/nba/players/full/848.png&w=350&h=254","born":{"year":1975,"loc":"Minneapolis, MN"},"contract":{"amount":"","exp":""},"draft":{"round":"","pick":"","tid":"","orig. team":"","year":""},"college":"Minnesota","ratings":[{"hgt":72,"stre":65,"spd":50,"jmp":55,"endu":52,"ins":62,"dnk":55,"ft":62,"fg":30,"tp":0,"blk":65,"stl":45,"drb":35,"pss":45,"reb":75,"pot":56}],"skills":[]},{"tid":-2,"name":"Charles Smith","pos":"SG","hgt":76,"weight":194,"imgURL":"http://www.thedraftreview.com/history/drafted1997/images/charles-smith.jpg","born":{"year":1975,"loc":"Fort Worth, TX"},"contract":{"amount":"","exp":""},"draft":{"round":"","pick":"","tid":"","orig. team":"","year":""},"college":"New Mexico","ratings":[{"hgt":37,"stre":45,"spd":65,"jmp":45,"endu":55,"ins":25,"dnk":55,"ft":65,"fg":45,"tp":65,"blk":45,"stl":45,"drb":66,"pss":45,"reb":35,"pot":56}],"skills":[]},{"tid":-2,"name":"Jacque Vaughn","pos":"PG","hgt":73,"weight":190,"imgURL":"http://orlandomagicdaily.com/files/2013/05/vaughn1_550_072812.jpg","born":{"year":1975,"loc":"Los Angeles, CA"},"contract":{"amount":"","exp":""},"draft":{"round":"","pick":"","tid":"","orig. team":"","year":""},"college":"Kansas","ratings":[{"hgt":15,"stre":45,"spd":73,"jmp":65,"endu":44,"ins":38,"dnk":51,"ft":78,"fg":45,"tp":54,"blk":65,"stl":76,"drb":76,"pss":74,"reb":35,"pot":55}],"skills":[]},{"tid":-2,"name":"Keith Booth","pos":"SF","hgt":78,"weight":226,"imgURL":"http://image.cdnllnwnl.xosnetwork.com/fls/29700/old_site/images/3595275.jpeg","born":{"year":1974,"loc":"Baltimore, MD"},"contract":{"amount":"","exp":""},"draft":{"round":"","pick":"","tid":"","orig. team":"","year":""},"college":"Maryland","ratings":[{"hgt":50,"stre":45,"spd":44,"jmp":65,"endu":55,"ins":46,"dnk":55,"ft":66,"fg":45,"tp":67,"blk":56,"stl":55,"drb":59,"pss":46,"reb":64,"pot":59}],"skills":[]},{"tid":-2,"name":"Serge Zwikker","pos":"C","hgt":87,"weight":273,"imgURL":"https://imspatial.files.wordpress.com/2007/02/serge_zwikker.jpg","born":{"year":1973,"loc":"Vlaardingen, Netherlands"},"contract":{"amount":"","exp":""},"draft":{"round":"","pick":"","tid":"","orig. team":"","year":""},"ratings":[{"hgt":87,"stre":64,"spd":47,"jmp":45,"endu":34,"ins":54,"dnk":55,"ft":45,"fg":20,"tp":0,"blk":67,"stl":45,"drb":25,"pss":21,"reb":60,"pot":53}],"skills":[]},{"tid":-2,"name":"Mark Sanford","pos":"F","hgt":81,"weight":210,"imgURL":"http://i.imgur.com/zdUWYvw.png","born":{"year":1976,"loc":"Dallas, TX"},"contract":{"amount":"","exp":""},"draft":{"round":"","pick":"","tid":"","orig. team":"","year":""},"college":"Washington","ratings":[{"hgt":71,"stre":55,"spd":45,"jmp":34,"endu":50,"ins":34,"dnk":54,"ft":65,"fg":45,"tp":45,"blk":45,"stl":55,"drb":45,"pss":55,"reb":56,"pot":50}],"skills":[]},{"tid":-2,"name":"Charles O'Bannon","pos":"SG","hgt":77,"weight":209,"imgURL":"http://i.imgur.com/jwwVMaA.png","born":{"year":1975,"loc":"Bellflower, CA"},"contract":{"amount":"","exp":""},"draft":{"round":"","pick":"","tid":"","orig. team":"","year":""},"college":"UCLA","ratings":[{"hgt":43,"stre":45,"spd":55,"jmp":65,"endu":44,"ins":54,"dnk":65,"ft":45,"fg":65,"tp":45,"blk":65,"stl":44,"drb":34,"pss":54,"reb":65,"pot":53}],"skills":[]},{"tid":-2,"name":"James Cotton","pos":"SG","hgt":77,"weight":220,"imgURL":"http://i.imgur.com/7qxcoFN.png","born":{"year":1975,"loc":"Los Angeles, CA"},"contract":{"amount":"","exp":""},"draft":{"round":"","pick":"","tid":"","orig. team":"","year":""},"college":"Long Beach State","ratings":[{"hgt":43,"stre":45,"spd":62,"jmp":65,"endu":45,"ins":34,"dnk":55,"ft":45,"fg":34,"tp":54,"blk":34,"stl":54,"drb":55,"pss":44,"reb":54,"pot":52}],"skills":[]},{"tid":-2,"name":"Marko Milic","pos":"GF","hgt":77,"weight":235,"imgURL":"http://i.imgur.com/JdWnkiQ.png","born":{"year":1977,"loc":"Kranj, Slovenia"},"contract":{"amount":"","exp":""},"draft":{"round":"","pick":"","tid":"","orig. team":"","year":""},"college":"Slovenia","ratings":[{"hgt":43,"stre":34,"spd":63,"jmp":72,"endu":45,"ins":34,"dnk":77,"ft":45,"fg":45,"tp":45,"blk":65,"stl":66,"drb":34,"pss":44,"reb":55,"pot":54}],"skills":[]},{"tid":-2,"name":"Bubba Wells","pos":"SG","hgt":77,"weight":230,"imgURL":"http://www.thesharkguys.com/wp-content/uploads/2012/09/Bubba-wells.jpg","born":{"year":1974,"loc":"Russellville, KY"},"contract":{"amount":"","exp":""},"draft":{"round":"","pick":"","tid":"","orig. team":"","year":""},"college":"Austin Peay","ratings":[{"hgt":43,"stre":40,"spd":58,"jmp":54,"endu":34,"ins":55,"dnk":45,"ft":45,"fg":66,"tp":34,"blk":34,"stl":24,"drb":54,"pss":45,"reb":60,"pot":45}],"skills":[]},{"tid":-2,"name":"Kebu Stewart","pos":"PF","hgt":80,"weight":239,"imgURL":"http://www.thedraftreview.com/history/drafted1997/images/kebu-stewart.jpg","born":{"year":1973,"loc":"Brooklyn, NY"},"contract":{"amount":"","exp":""},"draft":{"round":"","pick":"","tid":"","orig. team":"","year":""},"college":"Cal State Bakersfield","ratings":[{"hgt":66,"stre":73,"spd":43,"jmp":45,"endu":34,"ins":54,"dnk":65,"ft":45,"fg":45,"tp":34,"blk":54,"stl":65,"drb":45,"pss":54,"reb":54,"pot":51}],"skills":[]},{"tid":-2,"name":"James Collins","pos":"SG","hgt":76,"weight":196,"imgURL":"http://www.nolefan.org/basketball/collins_james2.jpg","born":{"year":1973,"loc":"Jacksonville, FL"},"contract":{"amount":"","exp":""},"draft":{"round":"","pick":"","tid":"","orig. team":"","year":""},"college":"Florida State","ratings":[{"hgt":35,"stre":33,"spd":66,"jmp":45,"endu":34,"ins":54,"dnk":45,"ft":65,"fg":45,"tp":44,"blk":56,"stl":45,"drb":44,"pss":65,"reb":34,"pot":50}],"skills":[]},{"tid":-2,"name":"Marc Jackson","pos":"FC","hgt":82,"weight":270,"imgURL":"http://a.espncdn.com/media/nba/2000/1214/photo/a_jackson_i.jpg","born":{"year":1975,"loc":"Philadelphia, PA"},"contract":{"amount":"","exp":""},"draft":{"round":"","pick":"","tid":"","orig. team":"","year":""},"college":"Temple","ratings":[{"hgt":78,"stre":83,"spd":34,"jmp":35,"endu":55,"ins":54,"dnk":33,"ft":54,"fg":65,"tp":14,"blk":65,"stl":45,"drb":36,"pss":45,"reb":76,"pot":55}],"skills":[]},{"tid":-2,"name":"Jerald Honeycutt","pos":"PF","hgt":81,"weight":245,"imgURL":"http://www.nba.com/media/playerfile/jerald_honeycutt.jpg","born":{"year":1974,"loc":"Shreveport, LA"},"contract":{"amount":"","exp":""},"draft":{"round":"","pick":"","tid":"","orig. team":"","year":""},"college":"Tulane","ratings":[{"hgt":54,"stre":65,"spd":44,"jmp":54,"endu":45,"ins":34,"dnk":65,"ft":45,"fg":45,"tp":44,"blk":54,"stl":65,"drb":44,"pss":54,"reb":34,"pot":54}],"skills":[]},{"tid":-2,"name":"Anthony Johnson","pos":"G","hgt":75,"weight":190,"imgURL":"http://a.espncdn.com/combiner/i?img=/i/headshots/nba/players/full/396.png&w=350&h=254","born":{"year":1974,"loc":"Charleston, SC"},"contract":{"amount":"","exp":""},"draft":{"round":"","pick":"","tid":"","orig. team":"","year":""},"college":"College of Charleston","ratings":[{"hgt":28,"stre":45,"spd":65,"jmp":34,"endu":54,"ins":34,"dnk":54,"ft":65,"fg":45,"tp":65,"blk":45,"stl":65,"drb":71,"pss":72,"reb":56,"pot":56}],"skills":[]},{"tid":-2,"name":"Eddie Elisma","pos":"G","hgt":75,"weight":213,"imgURL":"http://i.imgur.com/vBWEhX9.png","born":{"year":1975,"loc":"Miami, FL"},"contract":{"amount":"","exp":""},"draft":{"round":"","pick":"","tid":"","orig. team":"","year":""},"college":"Georgia Tech","ratings":[{"hgt":28,"stre":45,"spd":65,"jmp":34,"endu":54,"ins":34,"dnk":54,"ft":65,"fg":45,"tp":65,"blk":45,"stl":65,"drb":45,"pss":65,"reb":56,"pot":49}],"skills":[]},{"tid":-2,"name":"Jason Lawson","pos":"C","hgt":83,"weight":240,"imgURL":"http://basketball.realgm.com/images/nba/4.2/profiles/photos/2006/Lawson_Jason_nba.jpg","born":{"year":1974,"loc":"Philadelphia, PA"},"contract":{"amount":"","exp":""},"draft":{"round":"","pick":"","tid":"","orig. team":"","year":""},"college":"Villanova","ratings":[{"hgt":83,"stre":86,"spd":34,"jmp":22,"endu":45,"ins":43,"dnk":54,"ft":33,"fg":54,"tp":0,"blk":54,"stl":33,"drb":24,"pss":44,"reb":45,"pot":45}],"skills":[]},{"tid":-2,"name":"Stephen Jackson","pos":"GF","hgt":80,"weight":218,"imgURL":"http://i.imgur.com/phyDHiq.jpg","born":{"year":1978,"loc":"Houston, TX"},"contract":{"amount":"","exp":""},"draft":{"round":"","pick":"","tid":"","orig. team":"","year":""},"college":"Butler CC","ratings":[{"hgt":64,"stre":34,"spd":67,"jmp":66,"endu":34,"ins":24,"dnk":52,"ft":54,"fg":45,"tp":55,"blk":47,"stl":44,"drb":44,"pss":45,"reb":49,"pot":67}],"skills":[]},{"tid":-2,"name":"Gordon Malone","pos":"C","hgt":83,"weight":215,"imgURL":"http://www.thedraftreview.com/history/drafted1997/images/gordon-malone.jpg","born":{"year":1974,"loc":"New York, NY"},"contract":{"amount":"","exp":""},"draft":{"round":"","pick":"","tid":"","orig. team":"","year":""},"college":"West Virginia","ratings":[{"hgt":82,"stre":66,"spd":44,"jmp":44,"endu":33,"ins":43,"dnk":54,"ft":65,"fg":44,"tp":0,"blk":34,"stl":55,"drb":25,"pss":65,"reb":45,"pot":48}],"skills":[]},{"tid":-2,"name":"Cedric Henderson","pos":"SF","hgt":79,"weight":215,"imgURL":"http://www.nba.com/media/playerfile/cedric_henderson.jpg","born":{"year":1975,"loc":"Memphis, TN"},"contract":{"amount":"","exp":""},"draft":{"round":"","pick":"","tid":"","orig. team":"","year":""},"college":"Memphis","ratings":[{"hgt":54,"stre":45,"spd":65,"jmp":52,"endu":43,"ins":34,"dnk":54,"ft":74,"fg":65,"tp":55,"blk":66,"stl":56,"drb":45,"pss":66,"reb":45,"pot":53}],"skills":[]},{"tid":-2,"name":"God Shammgod","pos":"PG","hgt":72,"weight":169,"imgURL":"http://ballislife.com/wp-content/uploads/2014/04/tumblr_inline_mveecjz8ZJ1qa3an0.jpg","born":{"year":1976,"loc":"New York, NY"},"contract":{"amount":"","exp":""},"draft":{"round":"","pick":"","tid":"","orig. team":"","year":""},"college":"Providence","ratings":[{"hgt":8,"stre":34,"spd":72,"jmp":64,"endu":54,"ins":33,"dnk":58,"ft":70,"fg":44,"tp":54,"blk":34,"stl":54,"drb":81,"pss":60,"reb":35,"pot":52}],"skills":[]},{"tid":-2,"name":"Eric Washington","pos":"SG","hgt":76,"weight":190,"imgURL":"http://basketball.realgm.com/images/nba/4.2/profiles/photos/2006/Washington_Eric_nba.jpg","born":{"year":1974,"loc":"Pearl, MS"},"contract":{"amount":"","exp":""},"draft":{"round":"","pick":"","tid":"","orig. team":"","year":""},"college":"Alabama","ratings":[{"hgt":35,"stre":44,"spd":65,"jmp":65,"endu":45,"ins":44,"dnk":54,"ft":66,"fg":45,"tp":34,"blk":54,"stl":44,"drb":54,"pss":65,"reb":44,"pot":51}],"skills":[]},{"tid":-2,"name":"Alvin Williams","pos":"G","hgt":77,"weight":185,"imgURL":"http://www.nba.com/media/playerfile/alvin_williams.jpg","born":{"year":1974,"loc":"Philadelphia, PA"},"contract":{"amount":"","exp":""},"draft":{"round":"","pick":"","tid":"","orig. team":"","year":""},"college":"Villanova","ratings":[{"hgt":43,"stre":40,"spd":66,"jmp":59,"endu":55,"ins":24,"dnk":58,"ft":66,"fg":55,"tp":66,"blk":33,"stl":58,"drb":70,"pss":65,"reb":45,"pot":57}],"skills":[]},{"tid":-2,"name":"Peja Drobnjak","pos":"C","hgt":83,"weight":270,"imgURL":"http://a.espncdn.com/i/headshots/nba/players/65/212.jpg","born":{"year":1975,"loc":"Bijelo Polje, Montenegro"},"contract":{"amount":"","exp":""},"draft":{"round":"","pick":"","tid":"","orig. team":"","year":""},"college":"Serbia","ratings":[{"hgt":84,"stre":56,"spd":34,"jmp":34,"endu":55,"ins":55,"dnk":66,"ft":78,"fg":66,"tp":62,"blk":45,"stl":52,"drb":34,"pss":44,"reb":56,"pot":57}],"skills":[]},{"tid":-2,"name":"Alain Digbeu","pos":"GF","hgt":77,"weight":210,"imgURL":"http://s.lnb.fr/lnb/file/joueurs/A03441.gif","born":{"year":1975,"loc":"Macon, France"},"contract":{"amount":"","exp":""},"draft":{"round":"","pick":"","tid":"","orig. team":"","year":""},"college":"France","ratings":[{"hgt":42,"stre":45,"spd":65,"jmp":72,"endu":44,"ins":34,"dnk":54,"ft":65,"fg":45,"tp":58,"blk":45,"stl":65,"drb":45,"pss":34,"reb":56,"pot":54}],"skills":[]},{"tid":-2,"name":"Chris Crawford","pos":"PF","hgt":81,"weight":235,"imgURL":"http://www.thedraftreview.com/history/drafted1997/images/chris-crawford.jpg","born":{"year":1975,"loc":"Kalamazoo, MI"},"contract":{"amount":"","exp":""},"draft":{"round":"","pick":"","tid":"","orig. team":"","year":""},"college":"Marquette","ratings":[{"hgt":71,"stre":64,"spd":45,"jmp":34,"endu":55,"ins":34,"dnk":54,"ft":65,"fg":44,"tp":45,"blk":36,"stl":43,"drb":54,"pss":60,"reb":54,"pot":55}],"skills":[]},{"tid":-2,"name":"DeJuan Wheat","pos":"PG","hgt":72,"weight":165,"imgURL":"http://grfx.cstv.com/photos/schools/lou/sports/m-baskbl/auto_headshot/3919466.jpeg","born":{"year":1973,"loc":"Louisville, KY"},"contract":{"amount":"","exp":""},"draft":{"round":"","pick":"","tid":"","orig. team":"","year":""},"college":"Louisville","ratings":[{"hgt":8,"stre":34,"spd":65,"jmp":45,"endu":44,"ins":35,"dnk":46,"ft":54,"fg":45,"tp":46,"blk":45,"stl":55,"drb":70,"pss":65,"reb":43,"pot":52}],"skills":[]},{"tid":-2,"name":"C.J. Bruton","pos":"G","hgt":74,"weight":195,"imgURL":"http://i.imgur.com/8bIeAgS.png","born":{"year":1975,"loc":"Wichita, KS"},"contract":{"amount":"","exp":""},"draft":{"round":"","pick":"","tid":"","orig. team":"","year":""},"college":"Indian Hills CC","ratings":[{"hgt":22,"stre":45,"spd":55,"jmp":34,"endu":54,"ins":34,"dnk":54,"ft":65,"fg":45,"tp":65,"blk":45,"stl":65,"drb":45,"pss":65,"reb":56,"pot":56}],"skills":[]},{"tid":-2,"name":"Paul Rogers","pos":"C","hgt":84,"weight":260,"imgURL":"http://www-static2.spulsecdn.net/pics/00/00/56/01/560187_1_S.jpg","born":{"year":1973,"loc":"Adelaide, Australia"},"contract":{"amount":"","exp":""},"draft":{"round":"","pick":"","tid":"","orig. team":"","year":""},"college":"Gonzaga","ratings":[{"hgt":90,"stre":64,"spd":44,"jmp":50,"endu":33,"ins":43,"dnk":54,"ft":65,"fg":44,"tp":19,"blk":34,"stl":55,"drb":45,"pss":45,"reb":65,"pot":52}],"skills":[]},{"tid":-2,"name":"Mark Blount","pos":"C","hgt":84,"weight":230,"imgURL":"http://a.espncdn.com/i/headshots/nba/players/65/70.jpg","born":{"year":1975,"loc":"Dobbs Ferry, NY"},"contract":{"amount":"","exp":""},"draft":{"round":"","pick":"","tid":"","orig. team":"","year":""},"college":"Pittsburgh","ratings":[{"hgt":92,"stre":74,"spd":34,"jmp":64,"endu":23,"ins":57,"dnk":54,"ft":65,"fg":44,"tp":0,"blk":34,"stl":55,"drb":25,"pss":25,"reb":75,"pot":56}],"skills":[]},{"tid":-2,"name":"Ben Pepper","pos":"C","hgt":84,"weight":250,"imgURL":"http://basketball.realgm.com/images/nba/4.2/profiles/photos/2006/Pepper_Ben_bos.jpg","born":{"year":1975,"loc":"Geraldton, Australia"},"contract":{"amount":"","exp":""},"draft":{"round":"","pick":"","tid":"","orig. team":"","year":""},"college":"Australia","ratings":[{"hgt":92,"stre":64,"spd":34,"jmp":24,"endu":23,"ins":54,"dnk":54,"ft":65,"fg":44,"tp":0,"blk":34,"stl":55,"drb":45,"pss":44,"reb":66,"pot":52}],"skills":[]},{"tid":-2,"name":"Nate Erdmann","pos":"SG","hgt":77,"weight":195,"imgURL":"http://www.thedraftreview.com/history/drafted1997/images/nate-erdmann.jpg","born":{"year":1973,"loc":"Fort Dodge, IA"},"contract":{"amount":"","exp":""},"draft":{"round":"","pick":"","tid":"","orig. team":"","year":""},"college":"Oklahoma","ratings":[{"hgt":43,"stre":44,"spd":63,"jmp":34,"endu":54,"ins":34,"dnk":54,"ft":65,"fg":45,"tp":65,"blk":45,"stl":65,"drb":45,"pss":65,"reb":56,"pot":50}],"skills":[]},{"tid":-2,"name":"Roberto Duenas","pos":"C","hgt":86,"weight":280,"imgURL":"http://www.blaugranas.com/media/galeria/25/3/3/6/9/n_f_c_barcelona_jugadores_historicos-4669633.jpg","born":{"year":1975,"loc":"Madrid, Spain"},"contract":{"amount":"","exp":""},"draft":{"round":"","pick":"","tid":"","orig. team":"","year":""},"college":"Spain","ratings":[{"hgt":93,"stre":67,"spd":34,"jmp":34,"endu":36,"ins":43,"dnk":54,"ft":65,"fg":44,"tp":0,"blk":34,"stl":55,"drb":45,"pss":65,"reb":67,"pot":52}],"skills":[]},{"tid":-2,"name":"Mikki Moore","pos":"FC","hgt":83,"weight":225,"imgURL":"http://basketball.realgm.com/images/nba/4.2/profiles/photos/2006/Moore_Mikki_sac.jpg","born":{"year":1975,"loc":"Orangeburg, SC"},"contract":{"amount":"","exp":""},"draft":{"round":"","pick":"","tid":"","orig. team":"","year":""},"college":"Nebraska","ratings":[{"hgt":85,"stre":57,"spd":54,"jmp":64,"endu":39,"ins":43,"dnk":54,"ft":65,"fg":44,"tp":0,"blk":34,"stl":55,"drb":25,"pss":45,"reb":65,"pot":55}],"skills":[]},{"tid":-2,"name":"Troy Hudson","pos":"PG","hgt":73,"weight":170,"imgURL":"http://basketball.realgm.com/images/nba/4.2/profiles/photos/2006/Hudson_Troy_gsw.jpg","born":{"year":1976,"loc":"Carbondale, IL"},"contract":{"amount":"","exp":""},"draft":{"round":"","pick":"","tid":"","orig. team":"","year":""},"college":"Southern Illinois","ratings":[{"hgt":15,"stre":25,"spd":65,"jmp":34,"endu":54,"ins":34,"dnk":54,"ft":65,"fg":45,"tp":65,"blk":45,"stl":65,"drb":75,"pss":75,"reb":36,"pot":56}],"skills":[]},{"tid":-2,"name":"Damon Jones","pos":"G","hgt":75,"weight":185,"imgURL":"http://basketball.realgm.com/images/nba/4.2/profiles/photos/2006/Jones_Damon_mil.jpg","born":{"year":1976,"loc":"Galveston, TX"},"contract":{"amount":"","exp":""},"draft":{"round":"","pick":"","tid":"","orig. team":"","year":""},"college":"Houston","ratings":[{"hgt":29,"stre":35,"spd":65,"jmp":34,"endu":54,"ins":34,"dnk":54,"ft":65,"fg":45,"tp":75,"blk":45,"stl":65,"drb":65,"pss":65,"reb":26,"pot":56}],"skills":[]},{"tid":-2,"name":"Ira Newble","pos":"GF","hgt":79,"weight":220,"imgURL":"http://basketball.realgm.com/images/nba/4.2/profiles/photos/2006/Newble_Ira_cle.jpg","born":{"year":1975,"loc":"Southfield, MI"},"contract":{"amount":"","exp":""},"draft":{"round":"","pick":"","tid":"","orig. team":"","year":""},"college":"Miami (OH)","ratings":[{"hgt":57,"stre":52,"spd":55,"jmp":54,"endu":54,"ins":34,"dnk":54,"ft":65,"fg":45,"tp":65,"blk":45,"stl":65,"drb":45,"pss":65,"reb":56,"pot":57}],"skills":[]},{"tid":-2,"name":"Michael Stewart","pos":"FC","hgt":82,"weight":230,"imgURL":"http://basketball.realgm.com/images/nba/4.2/profiles/photos/2006/Stewart_Michael_nba.jpg","born":{"year":1975,"loc":"Cucq-Trepied-Stella-Plage, France"},"contract":{"amount":"","exp":""},"draft":{"round":"","pick":"","tid":"","orig. team":"","year":""},"college":"California","ratings":[{"hgt":79,"stre":73,"spd":54,"jmp":64,"endu":47,"ins":56,"dnk":54,"ft":65,"fg":32,"tp":0,"blk":34,"stl":55,"drb":33,"pss":22,"reb":66,"pot":52}],"skills":[]},{"tid":-2,"name":"Etdrick Bohannon","pos":"F","hgt":81,"weight":220,"imgURL":"http://www.nba.com/media/playerfile/etdrick_bohannon.jpg","born":{"year":1973,"loc":"San Bernardino, CA"},"contract":{"amount":"","exp":""},"draft":{"round":"","pick":"","tid":"","orig. team":"","year":""},"college":"Auburn Montgomery","ratings":[{"hgt":69,"stre":64,"spd":54,"jmp":64,"endu":33,"ins":43,"dnk":54,"ft":65,"fg":44,"tp":0,"blk":34,"stl":55,"drb":45,"pss":45,"reb":83,"pot":48}],"skills":[]},{"tid":-2,"name":"Keith Closs","pos":"C","hgt":86,"weight":215,"imgURL":"http://basketball.realgm.com/images/nba/4.2/profiles/photos/2006/Closs_Keith_nba.jpg","born":{"year":1976,"loc":"Hartford, CT"},"contract":{"amount":"","exp":""},"draft":{"round":"","pick":"","tid":"","orig. team":"","year":""},"college":"Central Connecticut","ratings":[{"hgt":95,"stre":59,"spd":44,"jmp":55,"endu":23,"ins":53,"dnk":54,"ft":65,"fg":24,"tp":0,"blk":34,"stl":55,"drb":25,"pss":65,"reb":55,"pot":52}],"skills":[]},{"tid":-2,"name":"Chris Garner","pos":"PG","hgt":70,"weight":156,"imgURL":"http://basketball.realgm.com/images/nba/4.2/profiles/photos/2006/Garner_Chris_nba.jpg","born":{"year":1975,"loc":"Memphis, TN"},"contract":{"amount":"","exp":""},"draft":{"round":"","pick":"","tid":"","orig. team":"","year":""},"college":"Memphis","ratings":[{"hgt":5,"stre":33,"spd":70,"jmp":69,"endu":54,"ins":34,"dnk":54,"ft":65,"fg":45,"tp":65,"blk":45,"stl":65,"drb":75,"pss":72,"reb":56,"pot":50}],"skills":[]},{"tid":-2,"name":"Pat Burke","pos":"C","hgt":83,"weight":250,"imgURL":"http://basketball.realgm.com/images/nba/4.2/profiles/photos/2006/Burke_Pat_nba.jpg","born":{"year":1973,"loc":"Dublin, Ireland"},"contract":{"amount":"","exp":""},"draft":{"round":"","pick":"","tid":"","orig. team":"","year":""},"college":"Auburn","ratings":[{"hgt":85,"stre":74,"spd":44,"jmp":64,"endu":23,"ins":43,"dnk":54,"ft":65,"fg":44,"tp":54,"blk":34,"stl":55,"drb":45,"pss":55,"reb":55,"pot":57}],"skills":[]},{"tid":-2,"name":"Ace Custis","pos":"F","hgt":80,"weight":190,"imgURL":"http://www.hokiesports.com/mbasketball/images/jerseys/custis.jpg","born":{"year":1974,"loc":"Eastville, VA"},"contract":{"amount":"","exp":""},"draft":{"round":"","pick":"","tid":"","orig. team":"","year":""},"college":"Virginia Tech","ratings":[{"hgt":64,"stre":44,"spd":54,"jmp":64,"endu":23,"ins":43,"dnk":54,"ft":65,"fg":44,"tp":54,"blk":34,"stl":55,"drb":45,"pss":65,"reb":45,"pot":52}],"skills":[]},{"tid":-2,"name":"Kiwane Garris","pos":"G","hgt":74,"weight":183,"imgURL":"http://www.legendsofbasketball.com/wp-content/uploads/2014/02/garris.jpg","born":{"year":1974,"loc":"Chicago, IL"},"contract":{"amount":"","exp":""},"draft":{"round":"","pick":"","tid":"","orig. team":"","year":""},"college":"Illinois","ratings":[{"hgt":22,"stre":45,"spd":63,"jmp":34,"endu":54,"ins":34,"dnk":54,"ft":65,"fg":45,"tp":65,"blk":45,"stl":65,"drb":45,"pss":65,"reb":56,"pot":53}],"skills":[]},{"tid":-2,"name":"Jamal Robinson","pos":"GF","hgt":79,"weight":212,"imgURL":"http://i.imgur.com/i88HYH9.png","born":{"year":1973,"loc":"Jamaica, NY"},"contract":{"amount":"","exp":""},"draft":{"round":"","pick":"","tid":"","orig. team":"","year":""},"college":"Virginia","ratings":[{"hgt":57,"stre":45,"spd":65,"jmp":34,"endu":54,"ins":34,"dnk":54,"ft":65,"fg":45,"tp":65,"blk":45,"stl":65,"drb":45,"pss":52,"reb":56,"pot":52}],"skills":[]},{"tid":-2,"name":"Alvin Sims","pos":"G","hgt":76,"weight":235,"imgURL":"http://cdn.bleacherreport.net/images_root/slides/photos/000/207/526/Sullivan_display_image.jpg?1271982914","born":{"year":1974,"loc":"Paris, KY"},"contract":{"amount":"","exp":""},"draft":{"round":"","pick":"","tid":"","orig. team":"","year":""},"college":"Louisville","ratings":[{"hgt":35,"stre":45,"spd":65,"jmp":34,"endu":54,"ins":34,"dnk":54,"ft":65,"fg":45,"tp":65,"blk":45,"stl":65,"drb":45,"pss":65,"reb":56,"pot":49}],"skills":[]}]}