{"startingSeason":1992,"players":[{"tid":-2,"name":"Shaquille O'Neal","pos":"C","hgt":85,"weight":325,"imgURL":"http://media.tumblr.com/tumblr_lkwlv96SOA1qh4jcw.png","born":{"year":1972,"loc":"Newark, NJ"},"contract":{"amount":"","exp":""},"draft":{"round":"","pick":"","tid":"","orig. team":"","year":"1992"},"college":"LSU","ratings":[{"hgt":96,"stre":99,"spd":66,"jmp":83,"endu":84,"ins":92,"dnk":97,"ft":15,"fg":45,"tp":0,"blk":92,"stl":52,"drb":36,"pss":63,"reb":99,"pot":93}],"skills":[]},{"tid":-2,"name":"Alonzo Mourning","pos":"FC","hgt":82,"weight":240,"imgURL":"http://a.espncdn.com/i/headshots/nba/players/65/580.jpg","born":{"year":1970,"loc":"Chesapeake, VA"},"contract":{"amount":"","exp":""},"draft":{"round":"","pick":"","tid":"","orig. team":"","year":"1992"},"college":"Georgetown","ratings":[{"hgt":88,"stre":86,"spd":58,"jmp":75,"endu":77,"ins":84,"dnk":85,"ft":76,"fg":54,"tp":0,"blk":88,"stl":54,"drb":46,"pss":32,"reb":87,"pot":88}],"skills":[]},{"tid":-2,"name":"Christian Laettner","pos":"FC","hgt":83,"weight":235,"imgURL":"http://a.espncdn.com/i/headshots/nba/players/65/453.jpg","born":{"year":1969,"loc":"Angola, NY"},"contract":{"amount":"","exp":""},"draft":{"round":"","pick":"","tid":"","orig. team":"","year":"1992"},"ratings":[{"hgt":85,"stre":75,"spd":43,"jmp":65,"endu":54,"ins":64,"dnk":67,"ft":57,"fg":43,"tp":21,"blk":76,"stl":75,"drb":56,"pss":64,"reb":74,"pot":67}],"skills":[]},{"tid":-2,"name":"Jim Jackson","pos":"GF","hgt":78,"weight":220,"imgURL":"http://a.espncdn.com/i/headshots/nba/players/65/372.jpg","born":{"year":1970,"loc":"Toledo, OH"},"contract":{"amount":"","exp":""},"draft":{"round":"","pick":"","tid":"","orig. team":"","year":"1992"},"college":"Ohio State","ratings":[{"hgt":56,"stre":43,"spd":64,"jmp":63,"endu":66,"ins":53,"dnk":56,"ft":77,"fg":63,"tp":75,"blk":36,"stl":64,"drb":56,"pss":66,"reb":69,"pot":65}],"skills":[]},{"tid":-2,"name":"LaPhonso Ellis","pos":"PF","hgt":80,"weight":240,"imgURL":"http://a.espncdn.com/i/headshots/nba/players/65/229.jpg","born":{"year":1970,"loc":"East St. Louis, IL"},"contract":{"amount":"","exp":""},"draft":{"round":"","pick":"","tid":"","orig. team":"","year":"1992"},"college":"Notre Dame","ratings":[{"hgt":69,"stre":74,"spd":45,"jmp":65,"endu":43,"ins":67,"dnk":63,"ft":65,"fg":34,"tp":12,"blk":65,"stl":43,"drb":45,"pss":48,"reb":88,"pot":63}],"skills":[]},{"tid":-2,"name":"Tom Gugliotta","pos":"F","hgt":82,"weight":240,"imgURL":"http://a.espncdn.com/i/headshots/nba/players/65/287.jpg","born":{"year":1969,"loc":"Huntington Station, NY"},"contract":{"amount":"","exp":""},"draft":{"round":"","pick":"","tid":"","orig. team":"","year":"1992"},"college":"NC State","ratings":[{"hgt":74,"stre":64,"spd":64,"jmp":67,"endu":69,"ins":67,"dnk":67,"ft":63,"fg":43,"tp":37,"blk":64,"stl":54,"drb":43,"pss":76,"reb":84,"pot":67}],"skills":[]},{"tid":-2,"name":"Walt Williams","pos":"SF","hgt":80,"weight":219,"imgURL":"http://a.espncdn.com/i/headshots/nba/players/65/921.jpg","born":{"year":1970,"loc":"Washington, DC"},"contract":{"amount":"","exp":""},"draft":{"round":"","pick":"","tid":"","orig. team":"","year":"1992"},"college":"Maryland","ratings":[{"hgt":65,"stre":54,"spd":58,"jmp":65,"endu":63,"ins":34,"dnk":65,"ft":34,"fg":74,"tp":75,"blk":45,"stl":65,"drb":34,"pss":78,"reb":62,"pot":63}],"skills":[]},{"tid":-2,"name":"Todd Day","pos":"SG","hgt":78,"weight":188,"imgURL":"https://i.imgur.com/5SpDHJs.png","born":{"year":1970,"loc":"Decatur, IL"},"contract":{"amount":"","exp":""},"draft":{"round":"","pick":"","tid":"","orig. team":"","year":"1992"},"college":"Arkansas","ratings":[{"hgt":50,"stre":34,"spd":68,"jmp":64,"endu":61,"ins":24,"dnk":54,"ft":68,"fg":77,"tp":83,"blk":25,"stl":42,"drb":58,"pss":44,"reb":23,"pot":58}],"skills":[]},{"tid":-2,"name":"Clarence Weatherspoon","pos":"SF","hgt":78,"weight":240,"imgURL":"https://trmndsupside.files.wordpress.com/2015/11/weatherspoon-001.jpg","born":{"year":1970,"loc":"Crawford, MS"},"contract":{"amount":"","exp":""},"draft":{"round":"","pick":"","tid":"","orig. team":"","year":"1992"},"college":"Southern Miss","ratings":[{"hgt":54,"stre":65,"spd":62,"jmp":63,"endu":67,"ins":52,"dnk":63,"ft":65,"fg":76,"tp":34,"blk":54,"stl":58,"drb":44,"pss":65,"reb":67,"pot":60}],"skills":[]},{"tid":-2,"name":"Adam Keefe","pos":"PF","hgt":81,"weight":230,"imgURL":"http://imageocd.com/images/nba10/adam-keefe-wallpaper-height-weight-position-college-high-school/adam-keefe.jpg","born":{"year":1970,"loc":"Irvine, CA"},"contract":{"amount":"","exp":""},"draft":{"round":"","pick":"","tid":"","orig. team":"","year":"1992"},"college":"Stanford","ratings":[{"hgt":65,"stre":57,"spd":56,"jmp":7,"endu":45,"ins":76,"dnk":45,"ft":76,"fg":45,"tp":65,"blk":45,"stl":23,"drb":54,"pss":59,"reb":56,"pot":52}],"skills":[]},{"tid":-2,"name":"Robert Horry","pos":"F","hgt":81,"weight":220,"imgURL":"http://assets.espn.go.com/i/headshots/nba/players/65/347.jpg","born":{"year":1970,"loc":"Harford County, MD"},"contract":{"amount":"","exp":""},"draft":{"round":"","pick":"","tid":"","orig. team":"","year":"1992"},"college":"Alabama","ratings":[{"hgt":71,"stre":54,"spd":68,"jmp":64,"endu":58,"ins":54,"dnk":56,"ft":83,"fg":78,"tp":86,"blk":45,"stl":45,"drb":60,"pss":59,"reb":76,"pot":66}],"skills":[]},{"tid":-2,"name":"Harold Miner","pos":"G","hgt":77,"weight":210,"imgURL":"http://www.cavshistory.com/images/players/Harold_Miner.jpg","born":{"year":1971,"loc":"Inglewood, CA"},"contract":{"amount":"","exp":""},"draft":{"round":"","pick":"","tid":"","orig. team":"","year":"1992"},"college":"Soutern California","ratings":[{"hgt":54,"stre":35,"spd":64,"jmp":91,"endu":44,"ins":56,"dnk":95,"ft":75,"fg":34,"tp":54,"blk":56,"stl":76,"drb":45,"pss":34,"reb":65,"pot":56}],"skills":[]},{"tid":-2,"name":"Bryant Stith","pos":"SG","hgt":77,"weight":208,"imgURL":"http://sports.espn.go.com/i/nba/profiles/players/0860.jpg","born":{"year":1970,"loc":"Emporia, VA"},"contract":{"amount":"","exp":""},"draft":{"round":"","pick":"","tid":"","orig. team":"","year":"1992"},"college":"Virginia","ratings":[{"hgt":43,"stre":40,"spd":68,"jmp":65,"endu":61,"ins":35,"dnk":67,"ft":54,"fg":63,"tp":29,"blk":45,"stl":72,"drb":66,"pss":55,"reb":52,"pot":59}],"skills":[]},{"tid":-2,"name":"Malik Sealy","pos":"GF","hgt":80,"weight":190,"imgURL":"http://www.thedraftreview.com/history/drafted1992/images/malik-sealy.jpg","born":{"year":1970,"loc":"Bronx, NY"},"contract":{"amount":"","exp":""},"draft":{"round":"","pick":"","tid":"","orig. team":"","year":"1992"},"college":"St. John's","ratings":[{"hgt":65,"stre":46,"spd":70,"jmp":65,"endu":34,"ins":65,"dnk":45,"ft":65,"fg":55,"tp":76,"blk":45,"stl":34,"drb":65,"pss":34,"reb":54,"pot":57}],"skills":[]},{"tid":-2,"name":"Anthony Peeler","pos":"SG","hgt":76,"weight":208,"imgURL":"http://a.espncdn.com/i/headshots/nba/players/65/642.jpg","born":{"year":1969,"loc":"Kansas City, MS"},"contract":{"amount":"","exp":""},"draft":{"round":"","pick":"","tid":"","orig. team":"","year":"1992"},"college":"Missouri","ratings":[{"hgt":36,"stre":38,"spd":70,"jmp":65,"endu":60,"ins":35,"dnk":62,"ft":80,"fg":75,"tp":65,"blk":34,"stl":58,"drb":62,"pss":59,"reb":65,"pot":59}],"skills":[]},{"tid":-2,"name":"Randy Woods","pos":"PG","hgt":70,"weight":185,"imgURL":"http://www.tradingcarddb.com/Images/Cards/Basketball/2172/2172-126Fr.jpg","born":{"year":1970,"loc":"Philadelphia, PA"},"contract":{"amount":"","exp":""},"draft":{"round":"","pick":"","tid":"","orig. team":"","year":"1992"},"college":"La Salle","ratings":[{"hgt":4,"stre":55,"spd":54,"jmp":54,"endu":34,"ins":23,"dnk":54,"ft":34,"fg":54,"tp":65,"blk":76,"stl":45,"drb":43,"pss":54,"reb":65,"pot":53}],"skills":[]},{"tid":-2,"name":"Doug Christie","pos":"GF","hgt":78,"weight":200,"imgURL":"http://a.espncdn.com/i/headshots/nba/players/65/147.jpg","born":{"year":1970,"loc":"Seattle, WA"},"contract":{"amount":"","exp":""},"draft":{"round":"","pick":"","tid":"","orig. team":"","year":"1992"},"college":"Pepperdine","ratings":[{"hgt":54,"stre":56,"spd":69,"jmp":54,"endu":54,"ins":25,"dnk":56,"ft":65,"fg":45,"tp":43,"blk":54,"stl":78,"drb":76,"pss":45,"reb":65,"pot":66}],"skills":[]},{"tid":-2,"name":"Tracy Murray","pos":"SF","hgt":79,"weight":225,"imgURL":"http://a.espncdn.com/i/headshots/nba/players/65/585.jpg","born":{"year":1971,"loc":"Los Angeles, CA"},"contract":{"amount":"","exp":""},"draft":{"round":"","pick":"","tid":"","orig. team":"","year":"1992"},"college":"UCLA","ratings":[{"hgt":58,"stre":34,"spd":65,"jmp":34,"endu":54,"ins":34,"dnk":54,"ft":34,"fg":54,"tp":77,"blk":45,"stl":72,"drb":54,"pss":65,"reb":45,"pot":57}],"skills":[]},{"tid":-2,"name":"Don MacLean","pos":"PF","hgt":82,"weight":235,"imgURL":"http://www.truthaboutit.net/pictures/maclean-don-card-3.jpg","born":{"year":1970,"loc":"Palo Alto, CA"},"contract":{"amount":"","exp":""},"draft":{"round":"","pick":"","tid":"","orig. team":"","year":"1992"},"college":"UCLA","ratings":[{"hgt":78,"stre":66,"spd":40,"jmp":43,"endu":54,"ins":64,"dnk":39,"ft":54,"fg":34,"tp":54,"blk":34,"stl":54,"drb":65,"pss":34,"reb":66,"pot":56}],"skills":[]},{"tid":-2,"name":"Hubert Davis","pos":"G","hgt":77,"weight":183,"imgURL":"http://a.espncdn.com/i/headshots/nba/players/65/188.jpg","born":{"year":1970,"loc":"Winston-Salem, NC"},"contract":{"amount":"","exp":""},"draft":{"round":"","pick":"","tid":"","orig. team":"","year":"1992"},"college":"North Carolina","ratings":[{"hgt":45,"stre":24,"spd":64,"jmp":53,"endu":53,"ins":43,"dnk":54,"ft":83,"fg":73,"tp":82,"blk":35,"stl":64,"drb":54,"pss":54,"reb":34,"pot":58}],"skills":[]},{"tid":-2,"name":"Jon Barry","pos":"SG","hgt":76,"weight":195,"imgURL":"http://a.espncdn.com/i/headshots/nba/players/65/41.jpg","born":{"year":1969,"loc":"Oakland, CA"},"contract":{"amount":"","exp":""},"draft":{"round":"","pick":"","tid":"","orig. team":"","year":"1992"},"college":"Georgia Tech","ratings":[{"hgt":37,"stre":24,"spd":54,"jmp":34,"endu":23,"ins":14,"dnk":44,"ft":54,"fg":63,"tp":54,"blk":43,"stl":54,"drb":54,"pss":54,"reb":25,"pot":52}],"skills":[]},{"tid":-2,"name":"Oliver Miller","pos":"FC","hgt":81,"weight":280,"imgURL":"http://www.tradingcarddb.com/Images/Cards/Basketball/2346/2346-684349Fr.jpg","born":{"year":1970,"loc":"Fort Worth, TX"},"contract":{"amount":"","exp":""},"draft":{"round":"","pick":"","tid":"","orig. team":"","year":"1992"},"college":"Arkansas","ratings":[{"hgt":77,"stre":76,"spd":32,"jmp":41,"endu":44,"ins":72,"dnk":65,"ft":76,"fg":56,"tp":0,"blk":75,"stl":54,"drb":44,"pss":63,"reb":80,"pot":57}],"skills":[]},{"tid":-2,"name":"Lee Mayberry","pos":"PG","hgt":73,"weight":172,"imgURL":"http://www.hogstats.com/images/leemayberry.jpg","born":{"year":1970,"loc":"Tulsa, OK"},"contract":{"amount":"","exp":""},"draft":{"round":"","pick":"","tid":"","orig. team":"","year":"1992"},"college":"Arkansas","ratings":[{"hgt":16,"stre":34,"spd":64,"jmp":56,"endu":54,"ins":65,"dnk":34,"ft":33,"fg":65,"tp":77,"blk":35,"stl":34,"drb":70,"pss":68,"reb":42,"pot":57}],"skills":[]},{"tid":-2,"name":"Latrell Sprewell","pos":"GF","hgt":77,"weight":190,"imgURL":"http://a.espncdn.com/i/headshots/nba/players/65/800.jpg","born":{"year":1970,"loc":"Milwaukee, WI"},"contract":{"amount":"","exp":""},"draft":{"round":"","pick":"","tid":"","orig. team":"","year":"1992"},"college":"Alabama","ratings":[{"hgt":44,"stre":60,"spd":76,"jmp":80,"endu":74,"ins":44,"dnk":69,"ft":65,"fg":75,"tp":60,"blk":54,"stl":34,"drb":66,"pss":65,"reb":63,"pot":68}],"skills":[]},{"tid":-2,"name":"Elmore Spencer","pos":"C","hgt":84,"weight":270,"imgURL":"http://www.reviewjournal.com/sites/default/files/field/media/4610357-0-4.jpg","born":{"year":1969,"loc":"Atlanta, GA"},"contract":{"amount":"","exp":""},"draft":{"round":"","pick":"","tid":"","orig. team":"","year":"1992"},"college":"UNLV","ratings":[{"hgt":92,"stre":83,"spd":32,"jmp":62,"endu":58,"ins":64,"dnk":63,"ft":50,"fg":55,"tp":0,"blk":77,"stl":42,"drb":34,"pss":32,"reb":73,"pot":56}],"skills":[]},{"tid":-2,"name":"Dave Johnson","pos":"SG","hgt":79,"weight":210,"imgURL":"http://www.orangehoops.org/photos/DaveJohnson.jpg","born":{"year":1970,"loc":"Morgan City, LA"},"contract":{"amount":"","exp":""},"draft":{"round":"","pick":"","tid":"","orig. team":"","year":"1992"},"college":"Syracuse","ratings":[{"hgt":57,"stre":34,"spd":65,"jmp":63,"endu":45,"ins":35,"dnk":65,"ft":34,"fg":65,"tp":44,"blk":65,"stl":87,"drb":45,"pss":34,"reb":23,"pot":52}],"skills":[]},{"tid":-2,"name":"Byron Houston","pos":"PF","hgt":77,"weight":250,"imgURL":"http://i.imgur.com/HrRZsKK.png","born":{"year":1969,"loc":"Watonga, KS"},"contract":{"amount":"","exp":""},"draft":{"round":"","pick":"","tid":"","orig. team":"","year":"1992"},"college":"Oklahoma State","ratings":[{"hgt":54,"stre":65,"spd":47,"jmp":56,"endu":34,"ins":65,"dnk":65,"ft":34,"fg":54,"tp":30,"blk":76,"stl":45,"drb":67,"pss":56,"reb":45,"pot":55}],"skills":[]},{"tid":-2,"name":"Marlon Maxey","pos":"PF","hgt":80,"weight":250,"imgURL":"http://thenolookpass.com/Pix/MarlonMaxey.jpg","born":{"year":1969,"loc":"Watonga, KS"},"contract":{"amount":"","exp":""},"draft":{"round":"","pick":"","tid":"","orig. team":"","year":"1992"},"college":"UTEP","ratings":[{"hgt":67,"stre":77,"spd":44,"jmp":59,"endu":45,"ins":49,"dnk":54,"ft":65,"fg":23,"tp":0,"blk":56,"stl":45,"drb":44,"pss":45,"reb":65,"pot":52}],"skills":[]},{"tid":-2,"name":"P.J. Brown","pos":"FC","hgt":83,"weight":225,"imgURL":"http://a.espncdn.com/i/headshots/nba/players/65/99.jpg","born":{"year":1969,"loc":"Detroit, MI"},"contract":{"amount":"","exp":""},"draft":{"round":"","pick":"","tid":"","orig. team":"","year":"1992"},"college":"Louisiana Tech","ratings":[{"hgt":86,"stre":74,"spd":50,"jmp":65,"endu":64,"ins":79,"dnk":65,"ft":34,"fg":51,"tp":5,"blk":70,"stl":55,"drb":45,"pss":34,"reb":78,"pot":63}],"skills":[]},{"tid":-2,"name":"Sean Rooks","pos":"C","hgt":82,"weight":250,"imgURL":"http://a.espncdn.com/i/headshots/nba/players/65/737.jpg","born":{"year":1969,"loc":"New York, NY"},"contract":{"amount":"","exp":""},"draft":{"round":"","pick":"","tid":"","orig. team":"","year":"1992"},"college":"Arizona","ratings":[{"hgt":80,"stre":74,"spd":34,"jmp":45,"endu":55,"ins":69,"dnk":54,"ft":65,"fg":34,"tp":0,"blk":65,"stl":34,"drb":44,"pss":44,"reb":66,"pot":56}],"skills":[]},{"tid":-2,"name":"Reggie Smith","pos":"FC","hgt":82,"weight":240,"imgURL":"http://thedraftreview.com/history/drafted1992/images/reggie-smith.jpg","born":{"year":1970,"loc":"San Jose, CA"},"contract":{"amount":"","exp":""},"draft":{"round":"","pick":"","tid":"","orig. team":"","year":"1992"},"college":"Texas Christian","ratings":[{"hgt":79,"stre":66,"spd":25,"jmp":54,"endu":43,"ins":53,"dnk":54,"ft":32,"fg":26,"tp":0,"blk":36,"stl":65,"drb":16,"pss":25,"reb":83,"pot":53}],"skills":[]},{"tid":-2,"name":"Brent Price","pos":"PG","hgt":73,"weight":165,"imgURL":"http://a.espncdn.com/i/headshots/nba/players/65/680.jpg","born":{"year":1968,"loc":"Shawnee, OK"},"contract":{"amount":"","exp":""},"draft":{"round":"","pick":"","tid":"","orig. team":"","year":"1992"},"college":"Oklahoma","ratings":[{"hgt":14,"stre":17,"spd":54,"jmp":41,"endu":56,"ins":56,"dnk":20,"ft":86,"fg":76,"tp":62,"blk":3,"stl":61,"drb":84,"pss":81,"reb":15,"pot":54}],"skills":[]},{"tid":-2,"name":"Corey Williams","pos":"PG","hgt":74,"weight":190,"imgURL":"http://www.tradingcarddb.com/Images/Cards/Basketball/2192/2192-26Fr.jpg","born":{"year":1970,"loc":"Twiggs, GA"},"contract":{"amount":"","exp":""},"draft":{"round":"","pick":"","tid":"","orig. team":"","year":"1992"},"college":"Oklahoma State","ratings":[{"hgt":21,"stre":44,"spd":66,"jmp":65,"endu":67,"ins":45,"dnk":65,"ft":45,"fg":74,"tp":37,"blk":36,"stl":48,"drb":70,"pss":65,"reb":43,"pot":51}],"skills":[]},{"tid":-2,"name":"Chris Smith","pos":"G","hgt":75,"weight":190,"imgURL":"http://www.tradingcarddb.com/Images/Cards/Basketball/2103/2103-669794Fr.jpg","born":{"year":1970,"loc":"Bridgeport, CT"},"contract":{"amount":"","exp":""},"draft":{"round":"","pick":"","tid":"","orig. team":"","year":"1992"},"college":"Connecticut","ratings":[{"hgt":29,"stre":37,"spd":65,"jmp":65,"endu":54,"ins":34,"dnk":65,"ft":74,"fg":34,"tp":55,"blk":47,"stl":67,"drb":77,"pss":65,"reb":43,"pot":54}],"skills":[]},{"tid":-2,"name":"Tony Bennett","pos":"PG","hgt":72,"weight":175,"imgURL":"http://www.thesummitleague.org/sports/mbkb/2011-12/photos/0010/Tony_Bennett_Hornets.jpg?max_width=400","born":{"year":1969,"loc":"Green Bay, WI"},"contract":{"amount":"","exp":""},"draft":{"round":"","pick":"","tid":"","orig. team":"","year":"1992"},"college":"Green Bay","ratings":[{"hgt":7,"stre":52,"spd":77,"jmp":34,"endu":53,"ins":23,"dnk":75,"ft":58,"fg":43,"tp":54,"blk":65,"stl":76,"drb":45,"pss":76,"reb":20,"pot":55}],"skills":[]},{"tid":-2,"name":"Duane Cooper","pos":"PG","hgt":73,"weight":185,"imgURL":"http://thedraftreview.com/history/drafted1992/images/duane-cooper.jpg","born":{"year":1969,"loc":"Brenton Harbor, MI"},"contract":{"amount":"","exp":""},"draft":{"round":"","pick":"","tid":"","orig. team":"","year":"1992"},"college":"Soutern California","ratings":[{"hgt":14,"stre":34,"spd":76,"jmp":54,"endu":23,"ins":56,"dnk":65,"ft":76,"fg":45,"tp":34,"blk":34,"stl":76,"drb":65,"pss":65,"reb":25,"pot":54}],"skills":[]},{"tid":-2,"name":"Isaiah Morris","pos":"SF","hgt":80,"weight":229,"imgURL":"http://thedraftreview.com/history/drafted1992/images/isaiah-morris.jpg","born":{"year":1969,"loc":"Richmond, VA"},"contract":{"amount":"","exp":""},"draft":{"round":"","pick":"","tid":"","orig. team":"","year":"1992"},"college":"Arkansas","ratings":[{"hgt":54,"stre":67,"spd":23,"jmp":54,"endu":65,"ins":34,"dnk":65,"ft":76,"fg":74,"tp":25,"blk":34,"stl":53,"drb":46,"pss":44,"reb":34,"pot":55}],"skills":[]},{"tid":-2,"name":"Elmer Bennett","pos":"PG","hgt":72,"weight":170,"imgURL":"http://www.thedraftreview.com/history/drafted1992/images/elmer-bennett.jpg","born":{"year":1970,"loc":"Evanston, IL"},"contract":{"amount":"","exp":""},"draft":{"round":"","pick":"","tid":"","orig. team":"","year":"1992"},"college":"Notre Dame","ratings":[{"hgt":7,"stre":34,"spd":69,"jmp":54,"endu":36,"ins":26,"dnk":65,"ft":64,"fg":56,"tp":76,"blk":45,"stl":65,"drb":76,"pss":34,"reb":54,"pot":54}],"skills":[]},{"tid":-2,"name":"Litterial Green","pos":"PG","hgt":73,"weight":185,"imgURL":"http://www.cavshistory.com/images/players/Litterial_Green.jpg","born":{"year":1970,"loc":"Pascagoula, MS"},"contract":{"amount":"","exp":""},"draft":{"round":"","pick":"","tid":"","orig. team":"","year":"1992"},"college":"Georgia","ratings":[{"hgt":14,"stre":24,"spd":65,"jmp":63,"endu":43,"ins":24,"dnk":65,"ft":45,"fg":34,"tp":54,"blk":44,"stl":34,"drb":72,"pss":65,"reb":34,"pot":52}],"skills":[]},{"tid":-2,"name":"Steve Rogers","pos":"SG","hgt":77,"weight":190,"imgURL":"http://thedraftreview.com/history/drafted1992/images/steve-rogers.jpg","born":{"year":1968,"loc":"Montgomery, AL"},"contract":{"amount":"","exp":""},"draft":{"round":"","pick":"","tid":"","orig. team":"","year":"1992"},"college":"Alabama State","ratings":[{"hgt":43,"stre":34,"spd":65,"jmp":54,"endu":45,"ins":23,"dnk":54,"ft":65,"fg":76,"tp":45,"blk":76,"stl":45,"drb":76,"pss":45,"reb":76,"pot":53}],"skills":[]},{"tid":-2,"name":"Popeye Jones","pos":"PF","hgt":80,"weight":250,"imgURL":"http://espn.go.com/i/nba/profiles/players/0834.jpg","born":{"year":1970,"loc":"Dresden, TN"},"contract":{"amount":"","exp":""},"draft":{"round":"","pick":"","tid":"","orig. team":"","year":"1992"},"college":"Murray State","ratings":[{"hgt":68,"stre":68,"spd":34,"jmp":60,"endu":54,"ins":64,"dnk":65,"ft":45,"fg":43,"tp":0,"blk":65,"stl":76,"drb":45,"pss":34,"reb":87,"pot":57}],"skills":[]},{"tid":-2,"name":"Matt Geiger","pos":"C","hgt":84,"weight":243,"imgURL":"http://a.espncdn.com/i/headshots/nba/players/65/266.jpg","born":{"year":1969,"loc":"Salem, MA"},"contract":{"amount":"","exp":""},"draft":{"round":"","pick":"","tid":"","orig. team":"","year":"1992"},"college":"Georgia Tech","ratings":[{"hgt":90,"stre":76,"spd":48,"jmp":45,"endu":56,"ins":75,"dnk":65,"ft":34,"fg":40,"tp":0,"blk":64,"stl":23,"drb":24,"pss":44,"reb":75,"pot":55}],"skills":[]},{"tid":-2,"name":"Sasha Danilovic","pos":"SG","hgt":77,"weight":200,"imgURL":"http://img.beckett.com/images/items_stock/185226/3093862/3094040/front.jpg","born":{"year":1970,"loc":"Sarajevo, Bosnia and Herzegovina"},"contract":{"amount":"","exp":""},"draft":{"round":"","pick":"","tid":"","orig. team":"","year":"1992"},"college":"Serbia","ratings":[{"hgt":43,"stre":35,"spd":64,"jmp":54,"endu":55,"ins":34,"dnk":56,"ft":80,"fg":65,"tp":84,"blk":64,"stl":69,"drb":54,"pss":65,"reb":34,"pot":63}],"skills":[]},{"tid":-2,"name":"Henry Williams","pos":"G","hgt":73,"weight":170,"imgURL":"http://www.tradingcarddb.com/Images/Cards/Basketball/72864/72864-5253611Fr.jpg","born":{"year":1970,"loc":"Indianapolis, IN"},"contract":{"amount":"","exp":""},"draft":{"round":"","pick":"","tid":"","orig. team":"","year":"1992"},"college":"Charlotte","ratings":[{"hgt":14,"stre":34,"spd":65,"jmp":54,"endu":50,"ins":43,"dnk":54,"ft":65,"fg":76,"tp":45,"blk":26,"stl":55,"drb":76,"pss":45,"reb":26,"pot":49}],"skills":[]},{"tid":-2,"name":"Chris King","pos":"SF","hgt":80,"weight":215,"imgURL":"http://www.tradingcarddb.com/Images/Cards/Basketball/2142/2142-673603Fr.jpg","born":{"year":1969,"loc":"Newton Grove, NC"},"contract":{"amount":"","exp":""},"draft":{"round":"","pick":"","tid":"","orig. team":"","year":"1992"},"college":"Wake Forest","ratings":[{"hgt":64,"stre":58,"spd":43,"jmp":54,"endu":53,"ins":33,"dnk":48,"ft":60,"fg":34,"tp":5,"blk":54,"stl":34,"drb":35,"pss":43,"reb":46,"pot":48}],"skills":[]},{"tid":-2,"name":"Robert Werdann","pos":"C","hgt":83,"weight":250,"imgURL":"http://thedraftreview.com/history/drafted1992/images/robert-werdann.jpg","born":{"year":1970,"loc":"Sunnyside, NY"},"contract":{"amount":"","exp":""},"draft":{"round":"","pick":"","tid":"","orig. team":"","year":"1992"},"college":"St. John's","ratings":[{"hgt":81,"stre":66,"spd":21,"jmp":17,"endu":34,"ins":65,"dnk":34,"ft":23,"fg":54,"tp":0,"blk":23,"stl":54,"drb":22,"pss":34,"reb":64,"pot":46}],"skills":[]},{"tid":-2,"name":"Darren Morningstar","pos":"C","hgt":82,"weight":235,"imgURL":"http://thedraftreview.com/history/drafted1992/images/darren-morningstar.jpg","born":{"year":1969,"loc":"Stevenson, WA"},"contract":{"amount":"","exp":""},"draft":{"round":"","pick":"","tid":"","orig. team":"","year":"1992"},"college":"Pittsburgh","ratings":[{"hgt":77,"stre":76,"spd":34,"jmp":55,"endu":34,"ins":75,"dnk":27,"ft":27,"fg":45,"tp":0,"blk":54,"stl":76,"drb":23,"pss":34,"reb":76,"pot":50}],"skills":[]},{"tid":-2,"name":"Brian Davis","pos":"SF","hgt":79,"weight":200,"imgURL":"http://dukemagazine.duke.edu/issues/030402/images/depspt-davis.jpg","born":{"year":1970,"loc":"Atlantic City, NJ"},"contract":{"amount":"","exp":""},"draft":{"round":"","pick":"","tid":"","orig. team":"","year":"1992"},"college":"Duke","ratings":[{"hgt":57,"stre":54,"spd":32,"jmp":43,"endu":65,"ins":34,"dnk":65,"ft":32,"fg":54,"tp":30,"blk":34,"stl":54,"drb":34,"pss":54,"reb":43,"pot":49}],"skills":[]},{"tid":-2,"name":"Ron Ellis","pos":"SF","hgt":79,"weight":215,"imgURL":"http://i.imgur.com/pEYTVOo.png","born":{"year":1967,"loc":"Monroe, LA"},"contract":{"amount":"","exp":""},"draft":{"round":"","pick":"","tid":"","orig. team":"","year":"1992"},"college":"Louisiana Tech","ratings":[{"hgt":65,"stre":34,"spd":65,"jmp":54,"endu":35,"ins":43,"dnk":54,"ft":65,"fg":46,"tp":45,"blk":46,"stl":45,"drb":50,"pss":45,"reb":44,"pot":50}],"skills":[]},{"tid":-2,"name":"Matt Fish","pos":"C","hgt":83,"weight":235,"imgURL":"http://thedraftreview.com/history/drafted1992/images/matt-fish.jpg","born":{"year":1969,"loc":"Washington, IA"},"contract":{"amount":"","exp":""},"draft":{"round":"","pick":"","tid":"","orig. team":"","year":"1992"},"college":"UNC Wilmington","ratings":[{"hgt":80,"stre":65,"spd":34,"jmp":54,"endu":34,"ins":52,"dnk":64,"ft":65,"fg":34,"tp":0,"blk":34,"stl":54,"drb":43,"pss":54,"reb":63,"pot":50}],"skills":[]},{"tid":-2,"name":"Tim Burroughs","pos":"PF","hgt":80,"weight":250,"imgURL":"http://thedraftreview.com/history/drafted1992/images/tim-burroughs.jpg","born":{"year":1969,"loc":"Hopkins, SC"},"contract":{"amount":"","exp":""},"draft":{"round":"","pick":"","tid":"","orig. team":"","year":"1992"},"college":"Jacksonville","ratings":[{"hgt":69,"stre":66,"spd":45,"jmp":54,"endu":45,"ins":62,"dnk":54,"ft":65,"fg":36,"tp":0,"blk":66,"stl":45,"drb":36,"pss":45,"reb":66,"pot":50}],"skills":[]},{"tid":-2,"name":"Matt Steigenga","pos":"SF","hgt":79,"weight":225,"imgURL":"http://thedraftreview.com/history/drafted1992/images/matt-steigenga.jpg","born":{"year":1970,"loc":"Grand Rapids, MI"},"contract":{"amount":"","exp":""},"draft":{"round":"","pick":"","tid":"","orig. team":"","year":"1992"},"college":"Michigan State","ratings":[{"hgt":54,"stre":65,"spd":34,"jmp":65,"endu":65,"ins":34,"dnk":54,"ft":65,"fg":33,"tp":54,"blk":67,"stl":65,"drb":46,"pss":45,"reb":58,"pot":53}],"skills":[]},{"tid":-2,"name":"Curtis Blair","pos":"SG","hgt":75,"weight":187,"imgURL":"http://thedraftreview.com/history/drafted1992/images/curtis-blair.jpg","born":{"year":1970,"loc":"Roanoke, VA"},"contract":{"amount":"","exp":""},"draft":{"round":"","pick":"","tid":"","orig. team":"","year":"1992"},"college":"Richmond","ratings":[{"hgt":54,"stre":33,"spd":59,"jmp":65,"endu":55,"ins":34,"dnk":54,"ft":65,"fg":33,"tp":54,"blk":67,"stl":65,"drb":53,"pss":45,"reb":35,"pot":53}],"skills":[]},{"tid":-2,"name":"Brett Roberts","pos":"F","hgt":80,"weight":230,"imgURL":"http://www.thedraftreview.com/history/drafted1992/images/brett-roberts.jpg","born":{"year":1970,"loc":"Portsmouth, OH"},"contract":{"amount":"","exp":""},"draft":{"round":"","pick":"","tid":"","orig. team":"","year":"1992"},"college":"Morehead State","ratings":[{"hgt":64,"stre":65,"spd":34,"jmp":55,"endu":60,"ins":34,"dnk":54,"ft":65,"fg":33,"tp":54,"blk":67,"stl":65,"drb":46,"pss":45,"reb":65,"pot":52}],"skills":[]},{"tid":-2,"name":"David Wesley","pos":"G","hgt":72,"weight":190,"imgURL":"http://basketball.realgm.com/images/nba/4.2/profiles/photos/2006/Wesley_David_cle.jpg","born":{"year":1970,"loc":"San Antonio, TX"},"contract":{"amount":"","exp":""},"draft":{"round":"","pick":"","tid":"","orig. team":"","year":"1992"},"college":"Baylor","ratings":[{"hgt":14,"stre":32,"spd":66,"jmp":65,"endu":60,"ins":34,"dnk":54,"ft":65,"fg":33,"tp":54,"blk":67,"stl":65,"drb":76,"pss":65,"reb":45,"pot":58}],"skills":[]},{"tid":-2,"name":"Darrick Martin","pos":"PG","hgt":71,"weight":170,"imgURL":"http://basketball.realgm.com/images/nba/4.2/profiles/photos/2006/Martin_Darrick_tor.jpg","born":{"year":1971,"loc":"Denver, CO"},"contract":{"amount":"","exp":""},"draft":{"round":"","pick":"","tid":"","orig. team":"","year":"1992"},"college":"UCLA","ratings":[{"hgt":10,"stre":35,"spd":59,"jmp":55,"endu":55,"ins":34,"dnk":54,"ft":65,"fg":33,"tp":54,"blk":27,"stl":65,"drb":76,"pss":65,"reb":25,"pot":53}],"skills":[]},{"tid":-2,"name":"Mark Strickland","pos":"PF","hgt":81,"weight":210,"imgURL":"http://basketball.realgm.com/images/nba/4.2/profiles/photos/2006/Strickland_Mark_nba.jpg","born":{"year":1970,"loc":"Atlanta, GA"},"contract":{"amount":"","exp":""},"draft":{"round":"","pick":"","tid":"","orig. team":"","year":"1992"},"college":"Temple","ratings":[{"hgt":71,"stre":65,"spd":34,"jmp":54,"endu":65,"ins":43,"dnk":54,"ft":65,"fg":76,"tp":0,"blk":76,"stl":45,"drb":33,"pss":45,"reb":76,"pot":56}],"skills":[]},{"tid":-2,"name":"Reggie Slater","pos":"F","hgt":79,"weight":215,"imgURL":"http://basketball.realgm.com/images/nba/4.2/profiles/photos/2006/Slater_Reggie_nba.jpg","born":{"year":1970,"loc":"Houston, TX"},"contract":{"amount":"","exp":""},"draft":{"round":"","pick":"","tid":"","orig. team":"","year":"1992"},"college":"Wyoming","ratings":[{"hgt":57,"stre":69,"spd":34,"jmp":60,"endu":55,"ins":44,"dnk":56,"ft":65,"fg":33,"tp":0,"blk":60,"stl":67,"drb":25,"pss":45,"reb":70,"pot":54}],"skills":[]},{"tid":-2,"name":"Sam Mack","pos":"SF","hgt":79,"weight":220,"imgURL":"http://basketball.realgm.com/images/nba/4.2/profiles/photos/2006/Mack_Sam_nba.jpg","born":{"year":1970,"loc":"Chicago, IL"},"contract":{"amount":"","exp":""},"draft":{"round":"","pick":"","tid":"","orig. team":"","year":"1992"},"college":"Houston","ratings":[{"hgt":54,"stre":45,"spd":54,"jmp":58,"endu":59,"ins":34,"dnk":54,"ft":72,"fg":63,"tp":77,"blk":67,"stl":65,"drb":50,"pss":45,"reb":55,"pot":55}],"skills":[]},{"tid":-2,"name":"Stephen Howard","pos":"PF","hgt":81,"weight":225,"imgURL":"http://i.imgur.com/Vsts7Hs.png","born":{"year":1970,"loc":"Dallas, TX"},"contract":{"amount":"","exp":""},"draft":{"round":"","pick":"","tid":"","orig. team":"","year":"1992"},"college":"DePaul","ratings":[{"hgt":71,"stre":65,"spd":44,"jmp":54,"endu":61,"ins":43,"dnk":54,"ft":65,"fg":76,"tp":0,"blk":52,"stl":62,"drb":30,"pss":45,"reb":76,"pot":58}],"skills":[]},{"tid":-2,"name":"Joe Courtney","pos":"PF","hgt":80,"weight":235,"imgURL":"http://www.tradingcarddb.com/Images/Cards/Basketball/2192/2192-506Fr.jpg","born":{"year":1969,"loc":"Jackson, MS"},"contract":{"amount":"","exp":""},"draft":{"round":"","pick":"","tid":"","orig. team":"","year":"1992"},"college":"Soutern Mississippi","ratings":[{"hgt":65,"stre":64,"spd":33,"jmp":54,"endu":55,"ins":43,"dnk":54,"ft":65,"fg":76,"tp":5,"blk":76,"stl":45,"drb":36,"pss":45,"reb":66,"pot":52}],"skills":[]},{"tid":-2,"name":"Dell Demps","pos":"G","hgt":75,"weight":205,"imgURL":"http://pacifictigers.com/photos/sports/m-baskbl/auto_action/5564145.jpeg","born":{"year":1970,"loc":"Long Beach, CA"},"contract":{"amount":"","exp":""},"draft":{"round":"","pick":"","tid":"","orig. team":"","year":"1992"},"college":"Pacific","ratings":[{"hgt":29,"stre":34,"spd":65,"jmp":65,"endu":63,"ins":34,"dnk":54,"ft":65,"fg":33,"tp":54,"blk":67,"stl":65,"drb":70,"pss":45,"reb":45,"pot":55}],"skills":[]},{"tid":-2,"name":"Tim Breaux","pos":"F","hgt":79,"weight":215,"imgURL":"http://www.clutchfans.net/images/profiles/Tim_Breaux.jpg","born":{"year":1970,"loc":"Baton Rouge, LA"},"contract":{"amount":"","exp":""},"draft":{"round":"","pick":"","tid":"","orig. team":"","year":"1992"},"college":"Wyoming","ratings":[{"hgt":54,"stre":65,"spd":34,"jmp":65,"endu":75,"ins":34,"dnk":54,"ft":65,"fg":33,"tp":54,"blk":67,"stl":65,"drb":53,"pss":45,"reb":65,"pot":55}],"skills":[]},{"tid":-2,"name":"Marques Bragg","pos":"PF","hgt":80,"weight":230,"imgURL":"http://www.acb.com/fotos_cara/jugadores/JAZKLACB45.jpg","born":{"year":1970,"loc":"East Orange, NJ"},"contract":{"amount":"","exp":""},"draft":{"round":"","pick":"","tid":"","orig. team":"","year":"1992"},"college":"Providence","ratings":[{"hgt":64,"stre":65,"spd":34,"jmp":65,"endu":45,"ins":64,"dnk":54,"ft":65,"fg":23,"tp":0,"blk":47,"stl":65,"drb":24,"pss":20,"reb":74,"pot":53}],"skills":[]},{"tid":-2,"name":"Keith Tower","pos":"FC","hgt":83,"weight":250,"imgURL":"http://i.imgur.com/ymHjeBs.png","born":{"year":1970,"loc":"Libby, MT"},"contract":{"amount":"","exp":""},"draft":{"round":"","pick":"","tid":"","orig. team":"","year":"1992"},"college":"Notre Dame","ratings":[{"hgt":83,"stre":57,"spd":44,"jmp":40,"endu":55,"ins":43,"dnk":54,"ft":65,"fg":76,"tp":0,"blk":76,"stl":45,"drb":34,"pss":45,"reb":76,"pot":53}],"skills":[]},{"tid":-2,"name":"JoJo English","pos":"G","hgt":76,"weight":195,"imgURL":"http://www.tradingcarddb.com/Images/Cards/Basketball/2311/2311-682254Fr.jpg","born":{"year":1970,"loc":"Frankfurt, West Germany"},"contract":{"amount":"","exp":""},"draft":{"round":"","pick":"","tid":"","orig. team":"","year":"1992"},"college":"South Carolina","ratings":[{"hgt":36,"stre":34,"spd":65,"jmp":65,"endu":45,"ins":34,"dnk":54,"ft":65,"fg":33,"tp":54,"blk":67,"stl":65,"drb":66,"pss":45,"reb":38,"pot":55}],"skills":[]},{"tid":-2,"name":"Shane Heal","pos":"G","hgt":72,"weight":183,"imgURL":"http://basketball.realgm.com/images/nba/4.2/profiles/photos/2006/Heal_Shane_nba.jpg","born":{"year":1970,"loc":"Melbourne, Australia"},"contract":{"amount":"","exp":""},"draft":{"round":"","pick":"","tid":"","orig. team":"","year":"1992"},"college":"Australia","ratings":[{"hgt":8,"stre":24,"spd":63,"jmp":65,"endu":56,"ins":34,"dnk":54,"ft":65,"fg":33,"tp":54,"blk":50,"stl":65,"drb":76,"pss":45,"reb":40,"pot":55}],"skills":[]},{"tid":-2,"name":"Chris Jent","pos":"SF","hgt":79,"weight":220,"imgURL":"http://www.nba.com/media/rockets/history_jent.jpg","born":{"year":1970,"loc":"Orange, CA"},"contract":{"amount":"","exp":""},"draft":{"round":"","pick":"","tid":"","orig. team":"","year":"1992"},"college":"Ohio State","ratings":[{"hgt":58,"stre":65,"spd":33,"jmp":54,"endu":45,"ins":43,"dnk":54,"ft":65,"fg":76,"tp":25,"blk":76,"stl":45,"drb":33,"pss":45,"reb":76,"pot":52}],"skills":[]},{"tid":-2,"name":"Gerald Madkins","pos":"SG","hgt":76,"weight":200,"imgURL":"http://www.cavshistory.com/images/players/Gerald_Madkins.jpg","born":{"year":1969,"loc":"Merced, CA"},"contract":{"amount":"","exp":""},"draft":{"round":"","pick":"","tid":"","orig. team":"","year":"1992"},"college":"UCLA","ratings":[{"hgt":34,"stre":36,"spd":63,"jmp":54,"endu":65,"ins":35,"dnk":59,"ft":64,"fg":34,"tp":64,"blk":48,"stl":57,"drb":68,"pss":43,"reb":54,"pot":55}],"skills":[]},{"tid":-2,"name":"Bob Martin","pos":"C","hgt":84,"weight":250,"imgURL":"http://i.imgur.com/ws2LEcL.png","born":{"year":1969,"loc":"Minneapolis, MN"},"contract":{"amount":"","exp":""},"draft":{"round":"","pick":"","tid":"","orig. team":"","year":"1992"},"college":"Minnesota","ratings":[{"hgt":85,"stre":61,"spd":35,"jmp":34,"endu":35,"ins":43,"dnk":54,"ft":65,"fg":46,"tp":0,"blk":76,"stl":45,"drb":16,"pss":45,"reb":76,"pot":52}],"skills":[]}]}