{"startingSeason":1999,"players":[{"tid":-2,"name":"Elton Brand","pos":"FC","hgt":80,"weight":275,"imgURL":"http://a.espncdn.com/combiner/i?img=/i/headshots/nba/players/full/91.png&w=350&h=254","born":{"year":1979,"loc":"Cortlandt Manor, NY"},"contract":{"amount":"","exp":""},"draft":{"round":"","pick":"","team":"","orig. team":"","year":""},"college":"Duke",
"ratings":[{"hgt":84,"stre":79,"spd":54,"jmp":86,"endu":67,"ins":84,"dnk":86,"ft":64,"fg":54,"tp":32,"blk":76,"stl":67,"drb":56,"pss":54,"reb":94,"pot":85}],"skills":[]},{"tid":-2,"name":"Steve Francis","pos":"G","hgt":75,"weight":195,"imgURL":"http://a.espncdn.com/i/headshots/nba/players/65/255.jpg","born":{"year":1977,"loc":"Silver Spring, MD"},"contract":{"amount":"","exp":""},"draft":{"round":"","pick":"","team":"","orig. team":"","year":""},"college":"Maryland",
"ratings":[{"hgt":29,"stre":54,"spd":95,"jmp":94,"endu":74,"ins":33,"dnk":87,"ft":65,"fg":75,"tp":65,"blk":43,"stl":67,"drb":76,"pss":59,"reb":54,"pot":74}],"skills":[]},{"tid":-2,"name":"Baron Davis","pos":"PG","hgt":75,"weight":209,"imgURL":"http://a.espncdn.com/combiner/i?img=/i/headshots/nba/players/full/194.png&w=350&h=254","born":{"year":1979,"loc":"Los Angeles, CA"},"contract":{"amount":"","exp":""},"draft":{"round":"","pick":"","team":"","orig. team":"","year":""},"college":"UCLA","ratings":[{"hgt":33,"stre":54,"spd":75,"jmp":76,"endu":78,"ins":43,"dnk":66,"ft":75,"fg":74,"tp":39,"blk":54,"stl":75,"drb":84,"pss":85,"reb":43,"pot":75}],"skills":[]},{"tid":-2,"name":"Lamar Odom","pos":"PF","hgt":82,"weight":220,"imgURL":"http://a.espncdn.com/combiner/i?img=/i/headshots/nba/players/full/617.png&w=350&h=254","born":{"year":1979,"loc":"Jamaica, NY"},"contract":{"amount":"","exp":""},"draft":{"round":"","pick":"","team":"","orig. team":"","year":""},"college":"Rhode Island","ratings":[{"hgt":67,"stre":64,"spd":64,"jmp":54,"endu":64,"ins":65,"dnk":63,"ft":64,"fg":54,"tp":54,"blk":65,"stl":65,"drb":65,"pss":76,"reb":84,"pot":67}],"skills":[]},{"tid":-2,"name":"Jonathan Bender","pos":"SF","hgt":83,"weight":202,"imgURL":"https://s2.graphiq.com/sites/default/files/stories/t4/Former_Indiana_Pacers_forward_Jonathan_Bender_32130_16174.jpg","born":{"year":1981,"loc":"Picayune, MS"},"contract":{"amount":"","exp":""},"draft":{"round":"","pick":"","team":"","orig. team":"","year":""},"college":"Picayune Memorial HS (MS)",
"ratings":[{"hgt":86,"stre":38,"spd":66,"jmp":82,"endu":40,"ins":34,"dnk":54,"ft":34,"fg":44,"tp":33,"blk":54,"stl":65,"drb":55,"pss":34,"reb":39,"pot":72}],"skills":[]},{"tid":-2,"name":"Wally Szczerbiak","pos":"SF","hgt":79,"weight":244,"imgURL":"http://assets.espn.go.com/i/headshots/nba/players/65/831.jpg","born":{"year":1977,"loc":"Madrid, Spain"},"contract":{"amount":"","exp":""},"draft":{"round":"","pick":"","team":"","orig. team":"","year":""},"college":"Miami (OH)",
"ratings":[{"hgt":65,"stre":43,"spd":54,"jmp":65,"endu":65,"ins":45,"dnk":55,"ft":85,"fg":83,"tp":75,"blk":56,"stl":65,"drb":77,"pss":56,"reb":45,"pot":62}],"skills":[]},{"tid":-2,"name":"Richard Hamilton","pos":"GF","hgt":78,"weight":185,"imgURL":"http://a.espncdn.com/combiner/i?img=/i/headshots/nba/players/full/294.png&w=350&h=254","born":{"year":1978,"loc":"Coatesville, PA"},"contract":{"amount":"","exp":""},"draft":{"round":"","pick":"","team":"","orig. team":"","year":""},"college":"Connecticut","ratings":[{"hgt":54,"stre":35,"spd":72,"jmp":73,"endu":60,"ins":35,"dnk":77,"ft":80,"fg":69,"tp":65,"blk":45,"stl":65,"drb":62,"pss":66,"reb":52,"pot":67}],"skills":[]},{"tid":-2,"name":"Andre Miller","pos":"G","hgt":74,"weight":200,"imgURL":"http://a.espncdn.com/combiner/i?img=/i/headshots/nba/players/full/557.png&w=350&h=254","born":{"year":1976,"loc":"Los Angeles, CA"},"contract":{"amount":"","exp":""},"draft":{"round":"","pick":"","team":"","orig. team":"","year":""},"college":"Utah","ratings":[{"hgt":23,"stre":31,"spd":64,"jmp":65,"endu":67,"ins":65,"dnk":61,"ft":45,"fg":65,"tp":76,"blk":56,"stl":76,"drb":82,"pss":79,"reb":44,"pot":66}],"skills":[]},{"tid":-2,"name":"Shawn Marion","pos":"SF","hgt":79,"weight":220,"imgURL":"http://a.espncdn.com/combiner/i?img=/i/headshots/nba/players/full/510.png&w=350&h=254","born":{"year":1978,"loc":"Waukegan, IL"},"contract":{"amount":"","exp":""},"draft":{"round":"","pick":"","team":"","orig. team":"","year":""},"college":"UNLV","ratings":[{"hgt":65,"stre":59,"spd":64,"jmp":75,"endu":54,"ins":55,"dnk":68,"ft":76,"fg":65,"tp":65,"blk":54,"stl":65,"drb":76,"pss":65,"reb":87,"pot":78}],"skills":[]},{"tid":-2,"name":"Jason Terry","pos":"G","hgt":74,"weight":176,"imgURL":"http://a.espncdn.com/combiner/i?img=/i/headshots/nba/players/full/841.png&w=350&h=254","born":{"year":1977,"loc":"Seattle, WA"},"contract":{"amount":"","exp":""},"draft":{"round":"","pick":"","team":"","orig. team":"","year":""},"college":"Arizona","ratings":[{"hgt":29,"stre":40,"spd":79,"jmp":69,"endu":66,"ins":35,"dnk":74,"ft":65,"fg":77,"tp":82,"blk":44,"stl":76,"drb":65,"pss":80,"reb":54,"pot":68}],"skills":[]},{"tid":-2,"name":"Trajan Langdon","pos":"SG","hgt":75,"weight":197,"imgURL":"http://a.espncdn.com/i/headshots/nba/players/65/457.jpg","born":{"year":1976,"loc":"Palo Alto, CA"},"contract":{"amount":"","exp":""},"draft":{"round":"","pick":"","team":"","orig. team":"","year":""},"college":"Duke","ratings":[{"hgt":28,"stre":42,"spd":63,"jmp":65,"endu":50,"ins":26,"dnk":60,"ft":65,"fg":58,"tp":66,"blk":65,"stl":76,"drb":64,"pss":48,"reb":43,"pot":61}],"skills":[]},{"tid":-2,"name":"Aleksandar Radojevic","pos":"C","hgt":87,"weight":250,"imgURL":"http://a.espncdn.com/i/headshots/nba/players/65/683.jpg","born":{"year":1976,"loc":"Herceg Novi, Montenegro"},"contract":{"amount":"","exp":""},"draft":{"round":"","pick":"","team":"","orig. team":"","year":""},"college":"Barton County CC","ratings":[{"hgt":92,"stre":65,"spd":45,"jmp":44,"endu":44,"ins":65,"dnk":45,"ft":65,"fg":45,"tp":0,"blk":45,"stl":65,"drb":35,"pss":50,"reb":65,"pot":57}],"skills":[]},{"tid":-2,"name":"Corey Maggette","pos":"GF","hgt":78,"weight":218,"imgURL":"http://a.espncdn.com/combiner/i?img=/i/headshots/nba/players/full/497.png&w=350&h=254","born":{"year":1979,"loc":"Melrose Park, IL"},"contract":{"amount":"","exp":""},"draft":{"round":"","pick":"","team":"","orig. team":"","year":""},"college":"Duke","ratings":[{"hgt":50,"stre":74,"spd":75,"jmp":75,"endu":63,"ins":45,"dnk":69,"ft":65,"fg":45,"tp":35,"blk":54,"stl":45,"drb":55,"pss":45,"reb":66,"pot":65}],"skills":[]},{"tid":-2,"name":"William Avery","pos":"PG","hgt":74,"weight":197,"imgURL":"http://thedraftreview.com/history/drafted1999/images/william-avery.jpg","born":{"year":1979,"loc":"Augusta, GA"},"contract":{"amount":"","exp":""},"draft":{"round":"","pick":"","team":"","orig. team":"","year":""},"college":"Duke","ratings":[{"hgt":65,"stre":45,"spd":66,"jmp":45,"endu":76,"ins":56,"dnk":45,"ft":65,"fg":66,"tp":45,"blk":65,"stl":44,"drb":65,"pss":65,"reb":45,"pot":57}],"skills":[]},{"tid":-2,"name":"Frederic Weis","pos":"C","hgt":86,"weight":260,"imgURL":"http://estaticos.archivo.marca.com/baloncesto/acb/temporada_0809/equipos/imgs/equipos/bilbao/weis.jpg","born":{"year":1977,"loc":"Thionville, France"},"contract":{"amount":"","exp":""},"draft":{"round":"","pick":"","team":"","orig. team":"","year":""},"college":"France","ratings":[{"hgt":96,"stre":68,"spd":33,"jmp":44,"endu":49,"ins":68,"dnk":59,"ft":65,"fg":50,"tp":0,"blk":73,"stl":39,"drb":29,"pss":41,"reb":72,"pot":54}],"skills":[]},{"tid":-2,"name":"Ron Artest","pos":"SF","hgt":79,"weight":244,"imgURL":"http://a.espncdn.com/combiner/i?img=/i/headshots/nba/players/full/25.png&w=350&h=254","born":{"year":1979,"loc":"Queensbridge, NY"},"contract":{"amount":"","exp":""},"draft":{"round":"","pick":"","team":"","orig. team":"","year":""},"college":"St. John's","ratings":[{"hgt":60,"stre":74,"spd":64,"jmp":67,"endu":65,"ins":65,"dnk":66,"ft":74,"fg":65,"tp":70,"blk":56,"stl":65,"drb":55,"pss":65,"reb":54,"pot":67}],"skills":[]},{"tid":-2,"name":"Cal Bowdler","pos":"SF","hgt":82,"weight":245,"imgURL":"http://a.espncdn.com/i/headshots/nba/players/65/82.jpg","born":{"year":1977,"loc":"Sharps, VA"},"contract":{"amount":"","exp":""},"draft":{"round":"","pick":"","team":"","orig. team":"","year":""},"college":"Old Dominion","ratings":[{"hgt":79,"stre":55,"spd":55,"jmp":54,"endu":44,"ins":54,"dnk":66,"ft":45,"fg":34,"tp":24,"blk":57,"stl":57,"drb":36,"pss":45,"reb":71,"pot":56}],"skills":[]},{"tid":-2,"name":"James Posey","pos":"GF","hgt":80,"weight":215,"imgURL":"http://a.espncdn.com/combiner/i?img=/i/headshots/nba/players/full/671.png&w=350&h=254","born":{"year":1977,"loc":"Cleveland, OH"},"contract":{"amount":"","exp":""},"draft":{"round":"","pick":"","team":"","orig. team":"","year":""},"college":"Xavier","ratings":[{"hgt":65,"stre":45,"spd":65,"jmp":77,"endu":56,"ins":77,"dnk":56,"ft":66,"fg":56,"tp":65,"blk":65,"stl":76,"drb":56,"pss":65,"reb":75,"pot":64}],"skills":[]},{"tid":-2,"name":"Quincy Lewis","pos":"GF","hgt":79,"weight":215,"imgURL":"http://a.espncdn.com/i/headshots/nba/players/65/470.jpg","born":{"year":1977,"loc":"Little Rock, AR"},"contract":{"amount":"","exp":""},"draft":{"round":"","pick":"","team":"","orig. team":"","year":""},"college":"Minnesota","ratings":[{"hgt":57,"stre":35,"spd":72,"jmp":54,"endu":66,"ins":25,"dnk":65,"ft":45,"fg":55,"tp":45,"blk":54,"stl":66,"drb":45,"pss":65,"reb":66,"pot":57}],"skills":[]},{"tid":-2,"name":"Dion Glover","pos":"SG","hgt":77,"weight":228,"imgURL":"http://a.espncdn.com/i/headshots/nba/players/65/274.jpg","born":{"year":1978,"loc":"Marietta, GA"},"contract":{"amount":"","exp":""},"draft":{"round":"","pick":"","team":"","orig. team":"","year":""},"college":"Georgia Tech","ratings":[{"hgt":43,"stre":44,"spd":54,"jmp":55,"endu":65,"ins":44,"dnk":54,"ft":33,"fg":54,"tp":66,"blk":45,"stl":66,"drb":45,"pss":66,"reb":45,"pot":56}],"skills":[]},{"tid":-2,"name":"Jeff Foster","pos":"C","hgt":83,"weight":236,"imgURL":"http://media.tumblr.com/tumblr_lkwm0gEV5A1qh4jcw.png","born":{"year":1977,"loc":"San Antonio, TX"},"contract":{"amount":"","exp":""},"draft":{"round":"","pick":"","team":"","orig. team":"","year":""},"college":"Southwest Texas State","ratings":[{"hgt":85,"stre":76,"spd":55,"jmp":65,"endu":57,"ins":34,"dnk":54,"ft":66,"fg":45,"tp":66,"blk":45,"stl":33,"drb":35,"pss":50,"reb":65,"pot":56}],"skills":[]},{"tid":-2,"name":"Kenny Thomas","pos":"PF","hgt":79,"weight":261,"imgURL":"http://a.espncdn.com/i/headshots/nba/players/65/849.jpg","born":{"year":1977,"loc":"Atlanta, GA"},"contract":{"amount":"","exp":""},"draft":{"round":"","pick":"","team":"","orig. team":"","year":""},"college":"New Mexico","ratings":[{"hgt":59,"stre":64,"spd":56,"jmp":55,"endu":55,"ins":62,"dnk":64,"ft":72,"fg":66,"tp":45,"blk":66,"stl":45,"drb":45,"pss":45,"reb":66,"pot":57}],"skills":[]},{"tid":-2,"name":"Devean George","pos":"SF","hgt":80,"weight":220,"imgURL":"http://www.ibiblio.org/craig/draft/1999_draft/Players/images/george.jpg","born":{"year":1977,"loc":"Minneapolis, MN"},"contract":{"amount":"","exp":""},"draft":{"round":"","pick":"","team":"","orig. team":"","year":""},"college":"Augsburg","ratings":[{"hgt":64,"stre":56,"spd":68,"jmp":69,"endu":59,"ins":39,"dnk":66,"ft":66,"fg":70,"tp":55,"blk":34,"stl":54,"drb":50,"pss":61,"reb":64,"pot":60}],"skills":[]},{"tid":-2,"name":"Andrei Kirilenko","pos":"PF","hgt":81,"weight":220,"imgURL":"http://a.espncdn.com/combiner/i?img=/i/headshots/nba/players/full/434.png&w=350&h=254","born":{"year":1981,"loc":"Izhevsk, Russia"},"contract":{"amount":"","exp":""},"draft":{"round":"","pick":"","team":"","orig. team":"","year":""},"college":"Russia","ratings":[{"hgt":76,"stre":45,"spd":76,"jmp":66,"endu":43,"ins":56,"dnk":66,"ft":65,"fg":54,"tp":32,"blk":75,"stl":65,"drb":45,"pss":55,"reb":76,"pot":73}],"skills":[]},{"tid":-2,"name":"Tim James","pos":"SF","hgt":79,"weight":212,"imgURL":"http://i.imgur.com/s2do0oW.png","born":{"year":1976,"loc":"Miami, FL"},"contract":{"amount":"","exp":""},"draft":{"round":"","pick":"","team":"","orig. team":"","year":""},"college":"Miami","ratings":[{"hgt":57,"stre":55,"spd":34,"jmp":43,"endu":55,"ins":45,"dnk":65,"ft":45,"fg":66,"tp":45,"blk":55,"stl":45,"drb":34,"pss":54,"reb":55,"pot":54}],"skills":[]},{"tid":-2,"name":"Vonteego Cummings","pos":"PG","hgt":75,"weight":185,"imgURL":"http://a.espncdn.com/i/headshots/nba/players/65/172.jpg","born":{"year":1976,"loc":"Thomson, GA"},"contract":{"amount":"","exp":""},"draft":{"round":"","pick":"","team":"","orig. team":"","year":""},"college":"Pittsburgh","ratings":[{"hgt":29,"stre":45,"spd":65,"jmp":55,"endu":45,"ins":34,"dnk":55,"ft":66,"fg":55,"tp":44,"blk":54,"stl":64,"drb":72,"pss":65,"reb":24,"pot":56}],"skills":[]},{"tid":-2,"name":"Jumaine Jones","pos":"GF","hgt":80,"weight":218,"imgURL":"http://www.cavshistory.com/images/players/Jumaine_Jones.jpg","born":{"year":1979,"loc":"Cocoa, FL"},"contract":{"amount":"","exp":""},"draft":{"round":"","pick":"","team":"","orig. team":"","year":""},"college":"Georgia","ratings":[{"hgt":66,"stre":65,"spd":45,"jmp":54,"endu":66,"ins":45,"dnk":55,"ft":45,"fg":62,"tp":68,"blk":66,"stl":45,"drb":66,"pss":54,"reb":65,"pot":56}],"skills":[]},{"tid":-2,"name":"Scott Padgett","pos":"PF","hgt":81,"weight":240,"imgURL":"http://i.imgur.com/5Pzb7RG.png","born":{"year":1976,"loc":"Louisville, KY"},"contract":{"amount":"","exp":""},"draft":{"round":"","pick":"","team":"","orig. team":"","year":""},"college":"Kentucky","ratings":[{"hgt":71,"stre":44,"spd":45,"jmp":54,"endu":55,"ins":48,"dnk":49,"ft":55,"fg":70,"tp":80,"blk":44,"stl":54,"drb":54,"pss":45,"reb":66,"pot":54}],"skills":[]},{"tid":-2,"name":"Leon Smith","pos":"C","hgt":82,"weight":235,"imgURL":"http://basketball.realgm.com/images/nba/4.2/profiles/photos/2006/Smith_Leon_nba.jpg","born":{"year":1980,"loc":"Chicago, IL"},"contract":{"amount":"","exp":""},"draft":{"round":"","pick":"","team":"","orig. team":"","year":""},"college":"Martin Luther King (HS)","ratings":[{"hgt":80,"stre":76,"spd":56,"jmp":55,"endu":44,"ins":55,"dnk":54,"ft":66,"fg":56,"tp":0,"blk":56,"stl":65,"drb":49,"pss":44,"reb":75,"pot":57}],"skills":[]},{"tid":-2,"name":"John Celestand","pos":"PG","hgt":76,"weight":178,"imgURL":"http://www.tradingcarddb.com/Images/Cards/Basketball/2835/2835-710013Fr.jpg","born":{"year":1977,"loc":"Houston, TX"},"contract":{"amount":"","exp":""},"draft":{"round":"","pick":"","team":"","orig. team":"","year":""},"college":"Villanova","ratings":[{"hgt":36,"stre":31,"spd":70,"jmp":66,"endu":50,"ins":35,"dnk":62,"ft":55,"fg":62,"tp":55,"blk":26,"stl":55,"drb":76,"pss":69,"reb":35,"pot":53}],"skills":[]},{"tid":-2,"name":"Rico Hill","pos":"F","hgt":79,"weight":230,"imgURL":"http://www.thedraftreview.com/history/drafted1999/images/rico-hill.jpg","born":{"year":1977,"loc":"Oceanside, CA"},"contract":{"amount":"","exp":""},"draft":{"round":"","pick":"","team":"","orig. team":"","year":""},"college":"Illinois State","ratings":[{"hgt":58,"stre":62,"spd":56,"jmp":66,"endu":56,"ins":44,"dnk":54,"ft":66,"fg":56,"tp":77,"blk":56,"stl":65,"drb":56,"pss":44,"reb":65,"pot":55}],"skills":[]},{"tid":-2,"name":"Michael Ruffin","pos":"FC","hgt":81,"weight":246,"imgURL":"http://a.espncdn.com/i/headshots/nba/players/65/741.jpg","born":{"year":1977,"loc":"Denver, CO"},"contract":{"amount":"","exp":""},"draft":{"round":"","pick":"","team":"","orig. team":"","year":""},"college":"Tulsa","ratings":[{"hgt":73,"stre":83,"spd":42,"jmp":59,"endu":45,"ins":64,"dnk":49,"ft":33,"fg":27,"tp":0,"blk":65,"stl":56,"drb":45,"pss":44,"reb":74,"pot":54}],"skills":[]},{"tid":-2,"name":"Chris Herren","pos":"PG","hgt":74,"weight":197,"imgURL":"http://assets.sbnation.com/assets/765000/chris-herren-295x360.jpg","born":{"year":1975,"loc":"Fall River, MA"},"contract":{"amount":"","exp":""},"draft":{"round":"","pick":"","team":"","orig. team":"","year":""},"college":"Fresno State","ratings":[{"hgt":21,"stre":15,"spd":65,"jmp":65,"endu":44,"ins":65,"dnk":44,"ft":65,"fg":45,"tp":34,"blk":55,"stl":45,"drb":64,"pss":66,"reb":54,"pot":54}],"skills":[]},{"tid":-2,"name":"Evan Eschmeyer","pos":"C","hgt":83,"weight":255,"imgURL":"http://a.espncdn.com/i/headshots/nba/players/65/236.jpg","born":{"year":1975,"loc":"New Knoxville, OH"},"contract":{"amount":"","exp":""},"draft":{"round":"","pick":"","team":"","orig. team":"","year":""},"college":"Northwestern","ratings":[{"hgt":85,"stre":67,"spd":25,"jmp":45,"endu":46,"ins":65,"dnk":64,"ft":66,"fg":54,"tp":0,"blk":68,"stl":45,"drb":25,"pss":45,"reb":71,"pot":53}],"skills":[]},{"tid":-2,"name":"Calvin Booth","pos":"C","hgt":83,"weight":230,"imgURL":"http://www.thedraftreview.com/history/drafted1999/images/calvin-booth.jpg","born":{"year":1976,"loc":"Reynoldsburg, IH"},"contract":{"amount":"","exp":""},"draft":{"round":"","pick":"","team":"","orig. team":"","year":""},"college":"Penn State","ratings":[{"hgt":86,"stre":66,"spd":45,"jmp":64,"endu":60,"ins":65,"dnk":55,"ft":65,"fg":35,"tp":0,"blk":55,"stl":56,"drb":25,"pss":56,"reb":77,"pot":56}],"skills":[]},{"tid":-2,"name":"Wang Zhizhi","pos":"C","hgt":84,"weight":255,
"imgURL":"http://a.espncdn.com/i/headshots/nba/players/65/972.jpg","born":{"year":1977,"loc":"Beijing, China"},"contract":{"amount":"","exp":""},"draft":{"round":"","pick":"","team":"","orig. team":"","year":""},"ratings":[{"hgt":92,"stre":62,"spd":47,"jmp":46,"endu":47,"ins":56,"dnk":57,"ft":56,"fg":47,"tp":33,"blk":45,"stl":65,"drb":35,"pss":45,"reb":65,"pot":54}],"skills":[]},{"tid":-2,"name":"Obinna Ekezie","pos":"FC","hgt":81,"weight":270,"imgURL":"http://a.espncdn.com/i/headshots/nba/players/65/221.jpg","born":{"year":1975,"loc":"Port Harcourt, Nigeria"},"contract":{"amount":"","exp":""},"draft":{"round":"","pick":"","team":"","orig. team":"","year":""},"ratings":[{"hgt":75,"stre":77,"spd":44,"jmp":56,"endu":45,"ins":64,"dnk":65,"ft":76,"fg":25,"tp":0,"blk":45,"stl":66,"drb":26,"pss":56,"reb":76,"pot":52}],"skills":[]},{"tid":-2,"name":"Laron Profit","pos":"GF","hgt":77,"weight":204,"imgURL":"http://a.espncdn.com/i/headshots/nba/players/65/681.jpg","born":{"year":1977,"loc":"Charleston, SC"},"contract":{"amount":"","exp":""},"draft":{"round":"","pick":"","team":"","orig. team":"","year":""},"ratings":[{"hgt":43,"stre":45,"spd":77,"jmp":45,"endu":34,"ins":54,"dnk":65,"ft":54,"fg":65,"tp":65,"blk":45,"stl":65,"drb":54,"pss":45,"reb":65,"pot":54}],"skills":[]},{"tid":-2,"name":"A.J. Bramlett","pos":"C","hgt":82,"weight":227,"imgURL":"http://www.thedraftreview.com/history/drafted1999/images/aj-bramlett.jpg","born":{"year":1977,"loc":"Dekalb, IL"},"contract":{"amount":"","exp":""},"draft":{"round":"","pick":"","team":"","orig. team":"","year":""},"ratings":[{"hgt":78,"stre":65,"spd":35,"jmp":34,"endu":56,"ins":45,"dnk":65,"ft":44,"fg":34,"tp":0,"blk":65,"stl":44,"drb":22,"pss":45,"reb":65,"pot":55}],"skills":[]},{"tid":-2,"name":"Gordan Giricek","pos":"GF","hgt":78,"weight":210,"imgURL":"http://a.espncdn.com/i/headshots/nba/players/65/273.jpg","born":{"year":1977,"loc":"Zagreb, Croatia"},"contract":{"amount":"","exp":""},"draft":{"round":"","pick":"","team":"","orig. team":"","year":""},"ratings":[{"hgt":55,"stre":33,"spd":65,"jmp":55,"endu":65,"ins":45,"dnk":66,"ft":45,"fg":65,"tp":73,"blk":54,"stl":66,"drb":45,"pss":65,"reb":45,"pot":64}],"skills":[]},{"tid":-2,"name":"Francisco Elson","pos":"C","hgt":84,"weight":235,"imgURL":"http://a.espncdn.com/combiner/i?img=/i/headshots/nba/players/full/234.png&w=350&h=254","born":{"year":1976,"loc":"Rotterdam, Netherlands"},"contract":{"amount":"","exp":""},"draft":{"round":"","pick":"","team":"","orig. team":"","year":""},"college":"California","ratings":[{"hgt":92,"stre":72,"spd":32,"jmp":45,"endu":55,"ins":55,"dnk":56,"ft":45,"fg":65,"tp":0,"blk":65,"stl":45,"drb":25,"pss":33,"reb":70,"pot":56}],"skills":[]},{"tid":-2,"name":"Louis Bullock","pos":"G","hgt":73,"weight":180,"imgURL":"http://thedraftreview.com/history/drafted1999/images/louis-bullock.jpg","born":{"year":1976,"loc":"Washington, DC"},"contract":{"amount":"","exp":""},"draft":{"round":"","pick":"","team":"","orig. team":"","year":""},"college":"Michigan","ratings":[{"hgt":15,"stre":43,"spd":65,"jmp":45,"endu":65,"ins":45,"dnk":66,"ft":45,"fg":65,"tp":43,"blk":54,"stl":66,"drb":45,"pss":65,"reb":45,"pot":52}],"skills":[]},{"tid":-2,"name":"Lee Nailon","pos":"SF","hgt":81,"weight":238,"imgURL":"http://cdn.hoopshype.com/i/38/8b/6a/lee_nailon.jpg","born":{"year":1975,"loc":"South Bend, IN"},"contract":{"amount":"","exp":""},"draft":{"round":"","pick":"","team":"","orig. team":"","year":""},"college":"Texas Christian","ratings":[{"hgt":64,"stre":55,"spd":55,"jmp":76,"endu":45,"ins":33,"dnk":84,"ft":65,"fg":76,"tp":45,"blk":65,"stl":55,"drb":65,"pss":45,"reb":65,"pot":56}],"skills":[]},{"tid":-2,"name":"Tyrone Washington","pos":"F","hgt":81,"weight":260,"imgURL":"http://www.thedraftreview.com/history/drafted1999/images/tyrone-washington.jpg","born":{"year":1976,"loc":"East St. Louis, IL"},"contract":{"amount":"","exp":""},"draft":{"round":"","pick":"","team":"","orig. team":"","year":""},"college":"Mississippi State","ratings":[{"hgt":71,"stre":60,"spd":45,"jmp":64,"endu":40,"ins":33,"dnk":64,"ft":65,"fg":46,"tp":0,"blk":62,"stl":55,"drb":39,"pss":40,"reb":65,"pot":51}],"skills":[]},{"tid":-2,"name":"Ryan Robertson","pos":"SG","hgt":77,"weight":190,"imgURL":"https://www.stchas.edu/dotAsset/118412.jpg","born":{"year":1976,"loc":"Lawton, OK"},"contract":{"amount":"","exp":""},"draft":{"round":"","pick":"","team":"","orig. team":"","year":""},"college":"Kansas","ratings":[{"hgt":43,"stre":39,"spd":54,"jmp":65,"endu":44,"ins":45,"dnk":66,"ft":34,"fg":54,"tp":66,"blk":36,"stl":54,"drb":75,"pss":65,"reb":34,"pot":54}],"skills":[]},{"tid":-2,"name":"J.R. Koch","pos":"F","hgt":82,"weight":223,"imgURL":"http://graphics.fansonly.com/photos/schools/iowa/sports/m-baskbl/auto_headshot/1246284.jpeg","born":{"year":1976,"loc":"Peoria, IL"},"contract":{"amount":"","exp":""},"draft":{"round":"","pick":"","team":"","orig. team":"","year":""},"college":"Iowa","ratings":[{"hgt":79,"stre":65,"spd":45,"jmp":36,"endu":45,"ins":33,"dnk":64,"ft":65,"fg":76,"tp":45,"blk":55,"stl":55,"drb":35,"pss":45,"reb":65,"pot":52}],"skills":[]},{"tid":-2,"name":"Todd MacCulloch","pos":"C","hgt":84,"weight":280,"imgURL":"http://a.espncdn.com/i/headshots/nba/players/65/493.jpg","born":{"year":1976,"loc":"Winnipeg, Canada"},"contract":{"amount":"","exp":""},"draft":{"round":"","pick":"","team":"","orig. team":"","year":""},"college":"Washington","ratings":[{"hgt":93,"stre":83,"spd":39,"jmp":52,"endu":66,"ins":75,"dnk":56,"ft":53,"fg":56,"tp":0,"blk":76,"stl":45,"drb":35,"pss":24,"reb":78,"pot":56}],"skills":[]},{"tid":-2,"name":"Galen Young","pos":"F","hgt":78,"weight":209,"imgURL":"http://www.nba.com/media/nbdl/nbdlplayers-galen_young.jpg","born":{"year":1975,"loc":"Memphis, TN"},"contract":{"amount":"","exp":""},"draft":{"round":"","pick":"","team":"","orig. team":"","year":""},"college":"Charlotte","ratings":[{"hgt":50,"stre":35,"spd":65,"jmp":76,"endu":45,"ins":33,"dnk":60,"ft":65,"fg":61,"tp":45,"blk":65,"stl":55,"drb":50,"pss":45,"reb":65,"pot":50}],"skills":[]},{"tid":-2,"name":"Lari Ketner","pos":"PF","hgt":81,"weight":277,"imgURL":"http://www.cavshistory.com/images/players/Lari_Ketner.jpg","born":{"year":1977,"loc":"Philadelphia, PA"},"contract":{"amount":"","exp":""},"draft":{"round":"","pick":"","team":"","orig. team":"","year":""},"college":"UMass","ratings":[{"hgt":71,"stre":65,"spd":56,"jmp":45,"endu":55,"ins":44,"dnk":65,"ft":76,"fg":56,"tp":45,"blk":45,"stl":54,"drb":36,"pss":34,"reb":54,"pot":53}],"skills":[]},{"tid":-2,"name":"Venson Hamilton","pos":"FC","hgt":82,"weight":240,"imgURL":"http://basketball.realgm.com/images/nba/4.2/profiles/photos/2006/Hamilton_Venson_hou.jpg","born":{"year":1977,"loc":"Forest City, NC"},"contract":{"amount":"","exp":""},"draft":{"round":"","pick":"","team":"","orig. team":"","year":""},"college":"Nebraska","ratings":[{"hgt":79,"stre":65,"spd":45,"jmp":76,"endu":45,"ins":33,"dnk":64,"ft":65,"fg":26,"tp":0,"blk":65,"stl":55,"drb":15,"pss":45,"reb":65,"pot":54}],"skills":[]},{"tid":-2,"name":"Antwain Smith","pos":"F","hgt":80,"weight":220,"imgURL":"http://www.thedraftreview.com/history/drafted1999/images/antwain-smith.jpg","born":{"year":1975,"loc":"Newport News, VA"},"contract":{"amount":"","exp":""},"draft":{"round":"","pick":"","team":"","orig. team":"","year":""},"college":"Saint Paul's","ratings":[{"hgt":64,"stre":55,"spd":55,"jmp":66,"endu":45,"ins":33,"dnk":64,"ft":65,"fg":56,"tp":35,"blk":65,"stl":45,"drb":35,"pss":45,"reb":60,"pot":51}],"skills":[]},{"tid":-2,"name":"Roberto Bergersen","pos":"G","hgt":78,"weight":210,"imgURL":"http://www.hoopdreamsidaho.net/uploads/7/7/0/3/7703445/6977785_orig.jpg","born":{"year":1976,"loc":"Seattle, WA"},"contract":{"amount":"","exp":""},"draft":{"round":"","pick":"","team":"","orig. team":"","year":""},"college":"Boise State","ratings":[{"hgt":49,"stre":44,"spd":65,"jmp":65,"endu":46,"ins":45,"dnk":66,"ft":34,"fg":54,"tp":56,"blk":36,"stl":54,"drb":65,"pss":65,"reb":34,"pot":53}],"skills":[]},{"tid":-2,"name":"Rodney Buford","pos":"GF","hgt":77,"weight":189,
"imgURL":"http://a.espncdn.com/i/headshots/nba/players/65/114.jpg","born":{"year":1977,"loc":"Milwaukee, WI"},"contract":{"amount":"","exp":""},"draft":{"round":"","pick":"","team":"","orig. team":"","year":""},"college":"Creighton","ratings":[{"hgt":43,"stre":46,"spd":65,"jmp":83,"endu":46,"ins":24,"dnk":78,"ft":76,"fg":50,"tp":45,"blk":65,"stl":76,"drb":45,"pss":55,"reb":67,"pot":56}],"skills":[]},{"tid":-2,"name":"Melvin Levett","pos":"G","hgt":75,"weight":225,"imgURL":"http://www.thedraftreview.com/history/drafted1999/images/melvin-levett.jpg","born":{"year":1976,"loc":"Cleveland, OH"},"contract":{"amount":"","exp":""},"draft":{"round":"","pick":"","team":"","orig. team":"","year":""},"ratings":[{"hgt":29,"stre":25,"spd":64,"jmp":65,"endu":46,"ins":25,"dnk":66,"ft":34,"fg":54,"tp":66,"blk":76,"stl":54,"drb":75,"pss":65,"reb":34,"pot":53}],"skills":[]},{"tid":-2,"name":"Kris Clack","pos":"G","hgt":77,"weight":220,"imgURL":"http://www.thedraftreview.com/history/drafted1999/images/kris-clack.jpg","born":{"year":1977,"loc":"Austin, TX"},"contract":{"amount":"","exp":""},"draft":{"round":"","pick":"","team":"","orig. team":"","year":""},"college":"Texas","ratings":[{"hgt":43,"stre":35,"spd":64,"jmp":65,"endu":46,"ins":45,"dnk":66,"ft":34,"fg":54,"tp":56,"blk":46,"stl":54,"drb":44,"pss":65,"reb":34,"pot":50}],"skills":[]},{"tid":-2,"name":"Tim Young","pos":"C","hgt":84,"weight":220,"imgURL":"http://www.thedraftreview.com/history/drafted1999/images/tim-young.jpg","born":{"year":1976,"loc":"Santa Cruz, CA"},"contract":{"amount":"","exp":""},"draft":{"round":"","pick":"","team":"","orig. team":"","year":""},"college":"Stanford","ratings":[{"hgt":86,"stre":76,"spd":44,"jmp":45,"endu":45,"ins":66,"dnk":45,"ft":79,"fg":45,"tp":0,"blk":66,"stl":46,"drb":35,"pss":44,"reb":66,"pot":52}],"skills":[]},{"tid":-2,"name":"Manu Ginobili","pos":"SG","hgt":78,"weight":210,"imgURL":"http://2.bp.blogspot.com/-j-mbc5vQMxI/TtU7rNtfaoI/AAAAAAAAAZk/RaFxtGN6ehk/s1600/ginobili.png","born":{"year":1977,"loc":"Bahia Blanca, Argentina"},"contract":{"amount":"","exp":""},"draft":{"round":"","pick":"","team":"","orig. team":"","year":""},"college":"Argentina","ratings":[{"hgt":53,"stre":40,"spd":75,"jmp":72,"endu":50,"ins":44,"dnk":73,"ft":78,"fg":61,"tp":65,"blk":35,"stl":63,"drb":60,"pss":65,"reb":45,"pot":63}],"skills":[]},{"tid":-2,"name":"Eddie Lucas","pos":"G","hgt":78,"weight":200,"imgURL":"http://www.vtmag.vt.edu/fall99/Images/p23b.jpg","born":{"year":1975,"loc":"Groton, CT"},"contract":{"amount":"","exp":""},"draft":{"round":"","pick":"","team":"","orig. team":"","year":""},"college":"Virginia Tech","ratings":[{"hgt":50,"stre":25,"spd":64,"jmp":65,"endu":55,"ins":45,"dnk":66,"ft":34,"fg":54,"tp":66,"blk":36,"stl":54,"drb":75,"pss":65,"reb":34,"pot":53}],"skills":[]},{"tid":-2,"name":"Raja Bell","pos":"SG","hgt":77,"weight":204,"imgURL":"http://basketball.realgm.com/images/nba/4.2/profiles/photos/2006/BELL_RAJA-_uta_1112.jpg","born":{"year":1976,"loc":"St. Croix, U.S. Virgin Islands"},"contract":{"amount":"","exp":""},"draft":{"round":"","pick":"","team":"","orig. team":"","year":""},"college":"Florida International","ratings":[{"hgt":53,"stre":65,"spd":64,"jmp":65,"endu":56,"ins":25,"dnk":46,"ft":34,"fg":44,"tp":46,"blk":36,"stl":54,"drb":65,"pss":55,"reb":54,"pot":58}],"skills":[]},{"tid":-2,"name":"Chris Andersen","pos":"FC","hgt":82,"weight":245,"imgURL":"http://img.bleacherreport.net/img/slides/photos/003/128/636/ChrisAndersonMiamiHeat1999ImageviaGetty_crop_north.jpg?w=400&h=267&q=75","born":{"year":1978,"loc":"Long Beach, CA"},"contract":{"amount":"","exp":""},"draft":{"round":"","pick":"","team":"","orig. team":"","year":""},"college":"Blinn","ratings":[{"hgt":84,"stre":70,"spd":56,"jmp":73,"endu":55,"ins":64,"dnk":65,"ft":76,"fg":56,"tp":0,"blk":70,"stl":54,"drb":40,"pss":34,"reb":76,"pot":56}],"skills":[]},{"tid":-2,"name":"Milt Palacio","pos":"G","hgt":75,"weight":195,"imgURL":"http://basketball.realgm.com/images/nba/4.2/profiles/photos/2006/Palacio_Milt_uta.jpg","born":{"year":1978,"loc":"Los Angeles, CA"},"contract":{"amount":"","exp":""},"draft":{"round":"","pick":"","team":"","orig. team":"","year":""},"college":"Colorado State","ratings":[{"hgt":28,"stre":51,"spd":63,"jmp":65,"endu":61,"ins":45,"dnk":66,"ft":5,"fg":54,"tp":56,"blk":24,"stl":76,"drb":71,"pss":65,"reb":34,"pot":57}],"skills":[]},{"tid":-2,"name":"Jermaine Jackson","pos":"G","hgt":76,"weight":204,"imgURL":"http://basketball.realgm.com/images/nba/4.2/profiles/photos/2006/Jackson_Jermaine_sea.jpg","born":{"year":1976,"loc":"Detroit, MI"},"contract":{"amount":"","exp":""},"draft":{"round":"","pick":"","team":"","orig. team":"","year":""},"college":"Detroit","ratings":[{"hgt":35,"stre":33,"spd":62,"jmp":65,"endu":55,"ins":45,"dnk":66,"ft":34,"fg":54,"tp":66,"blk":76,"stl":54,"drb":75,"pss":65,"reb":34,"pot":55}],"skills":[]},{"tid":-2,"name":"Derek Hood","pos":"F","hgt":80,"weight":222,"imgURL":"http://basketball.realgm.com/images/nba/4.2/profiles/photos/2006/Hood_Derek_nba.jpg","born":{"year":1976,"loc":"Kansas City, MO"},"contract":{"amount":"","exp":""},"draft":{"round":"","pick":"","team":"","orig. team":"","year":""},"college":"Arkansas","ratings":[{"hgt":64,"stre":65,"spd":56,"jmp":45,"endu":65,"ins":44,"dnk":65,"ft":76,"fg":56,"tp":45,"blk":45,"stl":54,"drb":66,"pss":34,"reb":54,"pot":51}],"skills":[]},{"tid":-2,"name":"Harold Jamison","pos":"PF","hgt":80,"weight":260,"imgURL":"http://basketball.realgm.com/images/nba/4.2/profiles/photos/2006/James_Harold_nba.jpg","born":{"year":1976,"loc":"Orangeburg, SC"},"contract":{"amount":"","exp":""},"draft":{"round":"","pick":"","team":"","orig. team":"","year":""},"college":"Clemson","ratings":[{"hgt":64,"stre":65,"spd":56,"jmp":45,"endu":65,"ins":44,"dnk":65,"ft":76,"fg":56,"tp":45,"blk":45,"stl":54,"drb":66,"pss":34,"reb":54,"pot":53}],"skills":[]},{"tid":-2,"name":"Jason Miskiri","pos":"G","hgt":74,"weight":175,"imgURL":"http://basketball.realgm.com/images/nba/4.2/profiles/photos/2006/Miskiri_Jason_nba.jpg","born":{"year":1975,"loc":"Georgetown, Guyana"},"contract":{"amount":"","exp":""},"draft":{"round":"","pick":"","team":"","orig. team":"","year":""},"college":"George Mason","ratings":[{"hgt":21,"stre":34,"spd":63,"jmp":65,"endu":76,"ins":45,"dnk":66,"ft":34,"fg":54,"tp":66,"blk":76,"stl":54,"drb":75,"pss":65,"reb":34,"pot":52}],"skills":[]},{"tid":-2,"name":"Ricky Moore","pos":"G","hgt":74,"weight":195,"imgURL":"http://graphics.fansonly.com/photos/schools/conn/sports/m-baskbl/moore.jpg","born":{"year":1976,"loc":"Augusta, GA"},"contract":{"amount":"","exp":""},"draft":{"round":"","pick":"","team":"","orig. team":"","year":""},"college":"Connecticut","ratings":[{"hgt":21,"stre":46,"spd":62,"jmp":60,"endu":44,"ins":45,"dnk":56,"ft":34,"fg":49,"tp":66,"blk":26,"stl":60,"drb":73,"pss":65,"reb":34,"pot":49}],"skills":[]},{"tid":-2,"name":"Jamel Thomas","pos":"F","hgt":78,"weight":215,"imgURL":"http://www.ibiblio.org/craig/draft/1999_draft/Players/images/jthomas.jpg","born":{"year":1976,"loc":"Brooklyn, NY"},"contract":{"amount":"","exp":""},"draft":{"round":"","pick":"","team":"","orig. team":"","year":""},"college":"Providence","ratings":[{"hgt":54,"stre":55,"spd":56,"jmp":75,"endu":50,"ins":44,"dnk":65,"ft":76,"fg":52,"tp":45,"blk":45,"stl":54,"drb":57,"pss":34,"reb":54,"pot":54}],"skills":[]},{"tid":-2,"name":"Geno Carlisle","pos":"SG","hgt":75,"weight":180,"imgURL":"http://basketball.realgm.com/images/nba/4.2/profiles/photos/2006/Carlisle_Geno_nba.jpg","born":{"year":1976,"loc":"Grand Rapids, MI"},"contract":{"amount":"","exp":""},"draft":{"round":"","pick":"","team":"","orig. team":"","year":""},"college":"California","ratings":[{"hgt":29,"stre":31,"spd":57,"jmp":65,"endu":46,"ins":25,"dnk":66,"ft":34,"fg":54,"tp":56,"blk":46,"stl":54,"drb":55,"pss":45,"reb":34,"pot":53}],"skills":[]},{"tid":-2,"name":"Ademola Okulaja","pos":"F","hgt":81,"weight":235,"imgURL":"http://webspace.webring.com/people/tu/um_3241/ademola.jpg","born":{"year":1975,"loc":"Lagos, Nigeria"},"contract":{"amount":"","exp":""},"draft":{"round":"","pick":"","team":"","orig. team":"","year":""},"college":"North Carolina","ratings":[{"hgt":71,"stre":65,"spd":56,"jmp":45,"endu":65,"ins":44,"dnk":65,"ft":76,"fg":56,"tp":45,"blk":45,"stl":54,"drb":66,"pss":34,"reb":54,"pot":53}],"skills":[]},{"tid":-2,"name":"Pablo Prigioni","pos":"G","hgt":75,"weight":185,"imgURL":"http://basketball.realgm.com/images/nba/4.2/profiles/photos/2006/Prigioni_Pablo_nyk14.jpg","born":{"year":1977,"loc":"Rio Tercero, Argentina"},"contract":{"amount":"","exp":""},"draft":{"round":"","pick":"","team":"","orig. team":"","year":""},"college":"Argentina","ratings":[{"hgt":29,"stre":30,"spd":54,"jmp":65,"endu":59,"ins":45,"dnk":66,"ft":34,"fg":54,"tp":66,"blk":76,"stl":54,"drb":75,"pss":65,"reb":34,"pot":57}],"skills":[]}]
}