{"startingSeason":2003,"players":[{"tid":-2,"name":"LeBron James","pos":"SF","hgt":80,"weight":240,"imgURL":"http://a.espncdn.com/combiner/i?img=/i/headshots/nba/players/full/1966.png&w=350&h=254","born":{"year":1984,"loc":"Akron, OH"},"contract":{"amount":"","exp":""},"draft":{"round":"","pick":"","team":"","orig. team":"","year":""},"college":"St. Vincent–St. Mary HS (OH)","ratings":[{"hgt":74,"stre":68,"spd":84,"jmp":88,"endu":93,"ins":73,"dnk":94,"ft":87,"fg":77,"tp":64,"blk":63,"stl":55,"drb":73,"pss":75,"reb":63,"pot":97}],"skills":[]},{"tid":-2,"name":"Darko Milicic","pos":"FC","hgt":84,"weight":250,"imgURL":"http://1.bp.blogspot.com/-tsOK7F2x25w/UFtX1ch-vdI/AAAAAAAAAL8/4F_tabE2bOA/s1600/darko.png","born":{"year":1985,"loc":"Novi Sad, Serbia"},"contract":{"amount":"","exp":""},"draft":{"round":"","pick":"","team":"","orig. team":"","year":""},"college":"Serbia","ratings":[{"hgt":76,"stre":67,"spd":46,"jmp":62,"endu":63,"ins":75,"dnk":63,"ft":61,"fg":43,"tp":12,"blk":63,"stl":57,"drb":43,"pss":54,"reb":76,"pot":72}],"skills":[]},{"tid":-2,"name":"Carmelo Anthony","pos":"SF","hgt":80,"weight":235,"imgURL":"http://a.espncdn.com/i/headshots/nba/players/full/1975.png","born":{"year":1984,"loc":"Brooklyn, NY"},"contract":{"amount":"","exp":""},"draft":{"round":"","pick":"","team":"","orig. team":"","year":""},"college":"Syracuse","ratings":[{"hgt":66,"stre":74,"spd":85,"jmp":76,"endu":78,"ins":72,"dnk":73,"ft":76,"fg":84,"tp":73,"blk":43,"stl":54,"drb":77,"pss":64,"reb":67,"pot":85}],"skills":[]},{"tid":-2,"name":"Chris Bosh","pos":"FC","hgt":82,"weight":228,"imgURL":"http://a.espncdn.com/i/headshots/nba/players/full/1977.png","born":{"year":1984,"loc":"Dallas, TX"},"contract":{"amount":"","exp":""},"draft":{"round":"","pick":"","team":"","orig. team":"","year":""},"college":"Georgia Tech","ratings":[{"hgt":93,"stre":75,"spd":54,"jmp":83,"endu":84,"ins":87,"dnk":87,"ft":76,"fg":63,"tp":45,"blk":65,"stl":54,"drb":43,"pss":63,"reb":87,"pot":84}],"skills":[]},{"tid":-2,"name":"Dwyane Wade","pos":"G","hgt":76,"weight":212,"imgURL":"http://a.espncdn.com/i/headshots/nba/players/full/1987.png","born":{"year":1982,"loc":"Chicago, IL"},"contract":{"amount":"","exp":""},"draft":{"round":"","pick":"","team":"","orig. team":"","year":""},"college":"Marquette","ratings":[{"hgt":46,"stre":63,"spd":87,"jmp":88,"endu":84,"ins":71,"dnk":84,"ft":74,"fg":86,"tp":61,"blk":47,"stl":64,"drb":73,"pss":93,"reb":67,"pot":87}],"skills":[]},{"tid":-2,"name":"Chris Kaman","pos":"C","hgt":84,"weight":268,"imgURL":"http://a.espncdn.com/i/headshots/nba/players/full/1982.png","born":{"year":1982,"loc":"Wyoming, MI"},"contract":{"amount":"","exp":""},"draft":{"round":"","pick":"","team":"","orig. team":"","year":""},"college":"Central Michigan","ratings":[{"hgt":84,"stre":72,"spd":46,"jmp":67,"endu":63,"ins":76,"dnk":73,"ft":74,"fg":33,"tp":0,"blk":65,"stl":54,"drb":43,"pss":63,"reb":83,"pot":67}],"skills":[]},{"tid":-2,"name":"Kirk Hinrich","pos":"G","hgt":75,"weight":190,"imgURL":"http://a.espncdn.com/i/headshots/nba/players/full/1981.png","born":{"year":1981,"loc":"Sioux City, IA"},"contract":{"amount":"","exp":""},"draft":{"round":"","pick":"","team":"","orig. team":"","year":""},"college":"Kansas","ratings":[{"hgt":45,"stre":43,"spd":78,"jmp":65,"endu":73,"ins":23,"dnk":54,"ft":74,"fg":67,"tp":74,"blk":32,"stl":67,"drb":70,"pss":78,"reb":64,"pot":65}],"skills":[]},{"tid":-2,"name":"T.J. Ford","pos":"PG","hgt":72,"weight":165,"imgURL":"http://stikii.com/wp-content/uploads/2012/06/JT-Ford.png","born":{"year":1983,"loc":"Houston, TX"},"contract":{"amount":"","exp":""},"draft":{"round":"","pick":"","team":"","orig. team":"","year":""},"college":"Texas","ratings":[{"hgt":7,"stre":24,"spd":85,"jmp":65,"endu":63,"ins":45,"dnk":56,"ft":64,"fg":64,"tp":64,"blk":43,"stl":56,"drb":83,"pss":65,"reb":45,"pot":62}],"skills":[]},{"tid":-2,"name":"Mike Sweetney","pos":"FC","hgt":80,"weight":275,"imgURL":"http://a.espncdn.com/i/headshots/nba/players/full/2175.png","born":{"year":1982,"loc":"Oxon Hill, MD"},"contract":{"amount":"","exp":""},"draft":{"round":"","pick":"","team":"","orig. team":"","year":""},"college":"Georgetown","ratings":[{"hgt":74,"stre":79,"spd":34,"jmp":57,"endu":64,"ins":72,"dnk":65,"ft":54,"fg":54,"tp":26,"blk":67,"stl":54,"drb":33,"pss":47,"reb":75,"pot":59}],"skills":[]},{"tid":-2,"name":"Jarvis Hayes","pos":"GF","hgt":79,"weight":220,"imgURL":"http://a.espncdn.com/i/headshots/nba/players/full/1980.png","born":{"year":1981,"loc":"Atlanta, GA"},"contract":{"amount":"","exp":""},"draft":{"round":"","pick":"","team":"","orig. team":"","year":""},"college":"Georgia","ratings":[{"hgt":57,"stre":45,"spd":65,"jmp":45,"endu":66,"ins":54,"dnk":55,"ft":65,"fg":55,"tp":65,"blk":45,"stl":65,"drb":55,"pss":65,"reb":45,"pot":55}],"skills":[]},{"tid":-2,"name":"Mickael Pietrus","pos":"GF","hgt":78,"weight":215,"imgURL":"http://a.espncdn.com/combiner/i?img=/i/headshots/nba/players/full/2173.png&w=350&h=254","born":{"year":1982,"loc":"Les Abymes, France"},"contract":{"amount":"","exp":""},"draft":{"round":"","pick":"","team":"","orig. team":"","year":""},"college":"France","ratings":[{"hgt":53,"stre":61,"spd":76,"jmp":82,"endu":65,"ins":35,"dnk":70,"ft":71,"fg":49,"tp":57,"blk":41,"stl":60,"drb":56,"pss":45,"reb":65,"pot":60}],"skills":[]},{"tid":-2,"name":"Nick Collison","pos":"FC","hgt":81,"weight":255,"imgURL":"http://a.espncdn.com/i/headshots/nba/players/full/1978.png","born":{"year":1980,"loc":"Orange City, IA"},"contract":{"amount":"","exp":""},"draft":{"round":"","pick":"","team":"","orig. team":"","year":""},"college":"Kansas","ratings":[{"hgt":74,"stre":72,"spd":46,"jmp":75,"endu":63,"ins":78,"dnk":65,"ft":73,"fg":63,"tp":23,"blk":56,"stl":53,"drb":43,"pss":43,"reb":76,"pot":64}],"skills":[]},{"tid":-2,"name":"Marcus Banks","pos":"PG","hgt":74,"weight":200,"imgURL":"http://a.espncdn.com/i/headshots/nba/players/full/2165.png","born":{"year":1981,"loc":"Las Vegas, NV"},"contract":{"amount":"","exp":""},"draft":{"round":"","pick":"","team":"","orig. team":"","year":""},"college":"UNLV","ratings":[{"hgt":22,"stre":54,"spd":85,"jmp":75,"endu":65,"ins":44,"dnk":65,"ft":65,"fg":65,"tp":54,"blk":43,"stl":54,"drb":75,"pss":64,"reb":43,"pot":59}],"skills":[]},{"tid":-2,"name":"Luke Ridnour","pos":"G","hgt":74,"weight":175,"imgURL":"http://a.espncdn.com/i/headshots/nba/players/full/1985.png","born":{"year":1981,"loc":"Coeur d'Alene, ID"},"contract":{"amount":"","exp":""},"draft":{"round":"","pick":"","team":"","orig. team":"","year":""},"college":"Oregon","ratings":[{"hgt":21,"stre":35,"spd":74,"jmp":64,"endu":56,"ins":43,"dnk":56,"ft":65,"fg":65,"tp":54,"blk":45,"stl":46,"drb":54,"pss":78,"reb":43,"pot":58}],"skills":[]},{"tid":-2,"name":"Reece Gaines","pos":"PG","hgt":78,"weight":205,"imgURL":"http://cdn2.sbnation.com/imported_assets/970054/reece_gaines.jpg","born":{"year":1981,"loc":"Madison, WI"},"contract":{"amount":"","exp":""},"draft":{"round":"","pick":"","team":"","orig. team":"","year":""},"college":"Louisville","ratings":[{"hgt":49,"stre":47,"spd":65,"jmp":63,"endu":54,"ins":54,"dnk":53,"ft":67,"fg":63,"tp":63,"blk":54,"stl":56,"drb":68,"pss":56,"reb":46,"pot":53}],"skills":[]},{"tid":-2,"name":"Troy Bell","pos":"PG","hgt":73,"weight":180,"imgURL":"http://www.nba.com/media/mediacentral/Draft2003_BellTroy.jpg","born":{"year":1980,"loc":"Minneapolis, MN"},"contract":{"amount":"","exp":""},"draft":{"round":"","pick":"","team":"","orig. team":"","year":""},"college":"Boston College","ratings":[{"hgt":14,"stre":45,"spd":65,"jmp":45,"endu":56,"ins":26,"dnk":44,"ft":54,"fg":65,"tp":54,"blk":25,"stl":55,"drb":64,"pss":54,"reb":45,"pot":56}],"skills":[]},{"tid":-2,"name":"Zarko Cabarkapa","pos":"PF","hgt":83,"weight":235,"imgURL":"http://www.nba.com/media/uk/cabarkapa107.jpg","born":{"year":1981,"loc":"Zrenjanin, Serbia"},"contract":{"amount":"","exp":""},"draft":{"round":"","pick":"","team":"","orig. team":"","year":""},"ratings":[{"hgt":86,"stre":63,"spd":45,"jmp":54,"endu":54,"ins":56,"dnk":64,"ft":65,"fg":43,"tp":46,"blk":65,"stl":64,"drb":44,"pss":56,"reb":65,"pot":58}],"skills":[]},{"tid":-2,"name":"David West","pos":"PF","hgt":81,"weight":240,"imgURL":"http://a.espncdn.com/i/headshots/nba/players/full/2177.png","born":{"year":1980,"loc":"Teaneck, NJ"},"contract":{"amount":"","exp":""},"draft":{"round":"","pick":"","team":"","orig. team":"","year":""},"college":"Xavier","ratings":[{"hgt":56,"stre":78,"spd":60,"jmp":67,"endu":64,"ins":64,"dnk":67,"ft":63,"fg":46,"tp":14,"blk":64,"stl":56,"drb":46,"pss":57,"reb":67,"pot":65}],"skills":[]},{"tid":-2,"name":"Sasha Pavlovic","pos":"GF","hgt":80,"weight":220,"imgURL":"http://i.cdn.turner.com/nba/nba/.element/img/2.0/sect/statscube/players/large/aleksandar_pavlovic.png","born":{"year":1983,"loc":"Bar, Montenegro"},"contract":{"amount":"","exp":""},"draft":{"round":"","pick":"","team":"","orig. team":"","year":""},"college":"Montenegro","ratings":[{"hgt":45,"stre":56,"spd":65,"jmp":67,"endu":54,"ins":56,"dnk":45,"ft":67,"fg":65,"tp":65,"blk":34,"stl":66,"drb":63,"pss":56,"reb":43,"pot":58}],"skills":[]},{"tid":-2,"name":"Dahntay Jones","pos":"GF","hgt":78,"weight":210,"imgURL":"http://a.espncdn.com/i/headshots/nba/players/full/2008.png","born":{"year":1980,"loc":"Trenton, NJ"},"contract":{"amount":"","exp":""},"draft":{"round":"","pick":"","team":"","orig. team":"","year":""},"college":"Duke","ratings":[{"hgt":43,"stre":45,"spd":65,"jmp":65,"endu":57,"ins":43,"dnk":46,"ft":65,"fg":64,"tp":64,"blk":43,"stl":62,"drb":56,"pss":56,"reb":34,"pot":58}],"skills":[]},{"tid":-2,"name":"Boris Diaw","pos":"F","hgt":80,"weight":250,"imgURL":"http://a.espncdn.com/combiner/i?img=/i/headshots/nba/players/full/2167.png&w=350&h=254","born":{"year":1982,"loc":"Cormeille-en-Parisis, France"},"contract":{"amount":"","exp":""},"draft":{"round":"","pick":"","team":"","orig. team":"","year":""},"college":"INSEP (FRA)","ratings":[{"hgt":67,"stre":43,"spd":68,"jmp":72,"endu":64,"ins":63,"dnk":67,"ft":63,"fg":55,"tp":53,"blk":63,"stl":54,"drb":53,"pss":57,"reb":65,"pot":64}],"skills":[]},{"tid":-2,"name":"Zoran Planinic","pos":"G","hgt":79,"weight":195,"imgURL":"http://i.imgur.com/Sy1NMgI.png","born":{"year":1982,"loc":"Mostar, Bosnia"},"contract":{"amount":"","exp":""},"draft":{"round":"","pick":"","team":"","orig. team":"","year":""},"college":"Croatia","ratings":[{"hgt":54,"stre":34,"spd":65,"jmp":64,"endu":54,"ins":52,"dnk":43,"ft":65,"fg":63,"tp":61,"blk":43,"stl":54,"drb":66,"pss":65,"reb":43,"pot":57}],"skills":[]},{"tid":-2,"name":"Travis Outlaw","pos":"SF","hgt":81,"weight":210,"imgURL":"http://a.espncdn.com/combiner/i?img=/i/headshots/nba/players/full/2015.png&w=350&h=254","born":{"year":1984,"loc":"Starkville, MS"},"contract":{"amount":"","exp":""},"draft":{"round":"","pick":"","team":"","orig. team":"","year":""},"college":"Starkville HS (MS)","ratings":[{"hgt":71,"stre":44,"spd":68,"jmp":75,"endu":53,"ins":34,"dnk":57,"ft":67,"fg":53,"tp":36,"blk":58,"stl":64,"drb":44,"pss":47,"reb":67,"pot":64}],"skills":[]},{"tid":-2,"name":"Brian Cook","pos":"FC","hgt":81,"weight":234,"imgURL":"http://a.espncdn.com/i/headshots/nba/players/full/1998.png","born":{"year":1980,"loc":"Lincoln, IL"},"contract":{"amount":"","exp":""},"draft":{"round":"","pick":"","team":"","orig. team":"","year":""},"college":"Illinois","ratings":[{"hgt":71,"stre":54,"spd":48,"jmp":54,"endu":54,"ins":65,"dnk":55,"ft":54,"fg":62,"tp":71,"blk":54,"stl":43,"drb":32,"pss":23,"reb":66,"pot":57}],"skills":[]},{"tid":-2,"name":"Carlos Delfino","pos":"GF","hgt":78,"weight":230,"imgURL":"http://a.espncdn.com/combiner/i?img=/i/headshots/nba/players/full/1999.png&w=350&h=254","born":{"year":1982,"loc":"Santa Fe, Argentina"},"contract":{"amount":"","exp":""},"draft":{"round":"","pick":"","team":"","orig. team":"","year":""},"college":"Argentina","ratings":[{"hgt":56,"stre":54,"spd":65,"jmp":67,"endu":63,"ins":54,"dnk":56,"ft":65,"fg":67,"tp":43,"blk":43,"stl":45,"drb":54,"pss":43,"reb":32,"pot":56}],"skills":[]},{"tid":-2,"name":"Ndudi Ebi","pos":"F","hgt":81,"weight":200,"imgURL":"http://www.nba.com/media/uk/ndudiEbi_020405_2.jpg","born":{"year":1984,"loc":"London, England"},"contract":{"amount":"","exp":""},"draft":{"round":"","pick":"","team":"","orig. team":"","year":""},"college":"Westbury Christian HS (TX)","ratings":[{"hgt":71,"stre":45,"spd":64,"jmp":65,"endu":45,"ins":55,"dnk":45,"ft":44,"fg":46,"tp":34,"blk":55,"stl":64,"drb":55,"pss":45,"reb":46,"pot":62}],"skills":[]},{"tid":-2,"name":"Kendrick Perkins","pos":"C","hgt":82,"weight":280,"imgURL":"http://www.spotrac.com/blog/wp-content/uploads/2013/05/okc-perkins.png","born":{"year":1984,"loc":"Nederland, TX"},"contract":{"amount":"","exp":""},"draft":{"round":"","pick":"","team":"","orig. team":"","year":""},"college":"Ozen HS (TX)","ratings":[{"hgt":83,"stre":86,"spd":37,"jmp":70,"endu":44,"ins":63,"dnk":70,"ft":65,"fg":34,"tp":0,"blk":68,"stl":45,"drb":23,"pss":41,"reb":82,"pot":59}],"skills":[]},{"tid":-2,"name":"Leandro Barbosa","pos":"G","hgt":75,"weight":176,"imgURL":"http://a.espncdn.com/combiner/i?img=/i/headshots/nba/players/full/2166.png&w=350&h=254","born":{"year":1982,"loc":"San Paulo, Brazil"},"contract":{"amount":"","exp":""},"draft":{"round":"","pick":"","team":"","orig. team":"","year":""},"college":"Brazil","ratings":[{"hgt":28,"stre":45,"spd":92,"jmp":54,"endu":64,"ins":75,"dnk":45,"ft":54,"fg":64,"tp":56,"blk":32,"stl":54,"drb":66,"pss":63,"reb":37,"pot":61}],"skills":[]},{"tid":-2,"name":"Josh Howard","pos":"SF","hgt":79,"weight":210,"imgURL":"http://a.espncdn.com/i/headshots/nba/players/full/2006.png","born":{"year":1980,"loc":"Winston-Salem, NC"},"contract":{"amount":"","exp":""},"draft":{"round":"","pick":"","team":"","orig. team":"","year":""},"college":"Wake Forest","ratings":[{"hgt":65,"stre":56,"spd":63,"jmp":73,"endu":53,"ins":64,"dnk":56,"ft":63,"fg":54,"tp":43,"blk":64,"stl":64,"drb":56,"pss":56,"reb":56,"pot":63}],"skills":[]},{"tid":-2,"name":"Maciej Lampe","pos":"C","hgt":83,"weight":275,"imgURL":"http://sport.dlastudenta.pl/photos/sport/koszykowka/maciej_lampe.jpg","born":{"year":1985,"loc":"Lodz, Poland"},"contract":{"amount":"","exp":""},"draft":{"round":"","pick":"","team":"","orig. team":"","year":""},"college":"Poland","ratings":[{"hgt":84,"stre":60,"spd":54,"jmp":57,"endu":45,"ins":59,"dnk":55,"ft":54,"fg":34,"tp":14,"blk":57,"stl":45,"drb":31,"pss":50,"reb":61,"pot":57}],"skills":[]},{"tid":-2,"name":"Jason Kapono","pos":"GF","hgt":80,"weight":213,"imgURL":"http://a.espncdn.com/i/headshots/nba/players/full/2010.png","born":{"year":1981,"loc":"Long Beach, CA"},"contract":{"amount":"","exp":""},"draft":{"round":"","pick":"","team":"","orig. team":"","year":""},"college":"UCLA","ratings":[{"hgt":64,"stre":42,"spd":64,"jmp":65,"endu":54,"ins":35,"dnk":44,"ft":65,"fg":63,"tp":76,"blk":34,"stl":54,"drb":54,"pss":50,"reb":43,"pot":56}],"skills":[]},{"tid":-2,"name":"Luke Walton","pos":"SF","hgt":80,"weight":235,"imgURL":"http://a.espncdn.com/i/headshots/nba/players/full/2027.png","born":{"year":1980,"loc":"San Diego, CA"},"contract":{"amount":"","exp":""},"draft":{"round":"","pick":"","team":"","orig. team":"","year":""},"college":"Arizona","ratings":[{"hgt":64,"stre":33,"spd":59,"jmp":60,"endu":60,"ins":24,"dnk":59,"ft":63,"fg":84,"tp":76,"blk":26,"stl":44,"drb":57,"pss":62,"reb":54,"pot":55}],"skills":[]},{"tid":-2,"name":"Jerome Beasley","pos":"PF","hgt":82,"weight":237,"imgURL":"http://basketball.realgm.com/images/nba/4.2/profiles/photos/2006/Beasley_Jerome_nba.jpg","born":{"year":1980,"loc":"Compton, CA"},"contract":{"amount":"","exp":""},"draft":{"round":"","pick":"","team":"","orig. team":"","year":""},"college":"North Dakota","ratings":[{"hgt":78,"stre":67,"spd":45,"jmp":64,"endu":34,"ins":64,"dnk":53,"ft":56,"fg":23,"tp":14,"blk":63,"stl":54,"drb":23,"pss":37,"reb":65,"pot":50}],"skills":[]},{"tid":-2,"name":"Sofoklis Schortsanitis","pos":"C","hgt":80,"weight":375,"imgURL":"http://basketball.realgm.com/images/nba/4.2/profiles/photos/2006/Schortsanitis_Sofoklis_euro.jpg","born":{"year":1985,"loc":"Tiko, Cameroon"},"contract":{"amount":"","exp":""},"draft":{"round":"","pick":"","team":"","orig. team":"","year":""},"college":"Greece","ratings":[{"hgt":89,"stre":88,"spd":33,"jmp":54,"endu":42,"ins":67,"dnk":63,"ft":56,"fg":43,"tp":0,"blk":65,"stl":67,"drb":33,"pss":46,"reb":80,"pot":53}],"skills":[]},{"tid":-2,"name":"Szymon Szewczyk","pos":"F","hgt":81,"weight":245,"imgURL":"http://www.nba.com/media/mediacentral/Draft2003_SzewczykSzymon.jpg","born":{"year":1982,"loc":"Szczecin, Poland"},"contract":{"amount":"","exp":""},"draft":{"round":"","pick":"","team":"","orig. team":"","year":""},"college":"Poland","ratings":[{"hgt":71,"stre":66,"spd":55,"jmp":44,"endu":43,"ins":57,"dnk":53,"ft":56,"fg":43,"tp":26,"blk":55,"stl":57,"drb":43,"pss":46,"reb":65,"pot":54}],"skills":[]},{"tid":-2,"name":"Mario Austin","pos":"F","hgt":82,"weight":260,"imgURL":"http://basketball.realgm.com/images/nba/4.2/profiles/photos/2006/Austin_Mario_chi.jpg","born":{"year":1982,"loc":"Livingston, AL"},"contract":{"amount":"","exp":""},"draft":{"round":"","pick":"","team":"","orig. team":"","year":""},"college":"Mississippi State","ratings":[{"hgt":71,"stre":66,"spd":43,"jmp":54,"endu":45,"ins":57,"dnk":58,"ft":56,"fg":43,"tp":26,"blk":55,"stl":57,"drb":43,"pss":46,"reb":65,"pot":53}],"skills":[]},{"tid":-2,"name":"Travis Hansen","pos":"SF","hgt":78,"weight":205,"imgURL":"http://www.nba.com/media/playerfile/travis_hansen.jpg","born":{"year":1978,"loc":"Provo, UT"},"contract":{"amount":"","exp":""},"draft":{"round":"","pick":"","team":"","orig. team":"","year":""},"college":"Brigham Young","ratings":[{"hgt":50,"stre":53,"spd":65,"jmp":68,"endu":54,"ins":56,"dnk":64,"ft":65,"fg":55,"tp":56,"blk":34,"stl":43,"drb":54,"pss":65,"reb":54,"pot":52}],"skills":[]},{"tid":-2,"name":"Steve Blake","pos":"PG","hgt":75,"weight":172,"imgURL":"http://a.espncdn.com/i/headshots/nba/players/full/1994.png","born":{"year":1980,"loc":"Hollywood, FL"},"contract":{"amount":"","exp":""},"draft":{"round":"","pick":"","team":"","orig. team":"","year":""},"ratings":[{"hgt":29,"stre":43,"spd":63,"jmp":55,"endu":55,"ins":25,"dnk":58,"ft":67,"fg":65,"tp":76,"blk":34,"stl":54,"drb":75,"pss":73,"reb":33,"pot":56}],"skills":[]},{"tid":-2,"name":"Slavko Vranes","pos":"C","hgt":89,"weight":275,"imgURL":"http://a.espncdn.com/i/headshots/nba/players/65/2176.jpg","born":{"year":1983,"loc":"Belgrade, Serbia"},"contract":{"amount":"","exp":""},"draft":{"round":"","pick":"","team":"","orig. team":"","year":""},"ratings":[{"hgt":97,"stre":67,"spd":45,"jmp":35,"endu":39,"ins":63,"dnk":54,"ft":64,"fg":43,"tp":10,"blk":65,"stl":54,"drb":34,"pss":43,"reb":65,"pot":55}],"skills":[]},{"tid":-2,"name":"Derrick Zimmerman","pos":"PG","hgt":75,"weight":195,"imgURL":"http://www.thedraftreview.com/history/drafted2003/images/derrick-zimmerman.jpg","born":{"year":1981,"loc":"Monroe, LA"},"contract":{"amount":"","exp":""},"draft":{"round":"","pick":"","team":"","orig. team":"","year":""},"college":"Mississippi State","ratings":[{"hgt":29,"stre":46,"spd":62,"jmp":59,"endu":45,"ins":32,"dnk":46,"ft":63,"fg":54,"tp":56,"blk":34,"stl":54,"drb":65,"pss":66,"reb":47,"pot":52}],"skills":[]},{"tid":-2,"name":"Willie Green","pos":"SG","hgt":76,"weight":200,"imgURL":"http://a.espncdn.com/i/headshots/nba/players/full/2004.png","born":{"year":1981,"loc":"Detroit, MI"},"contract":{"amount":"","exp":""},"draft":{"round":"","pick":"","team":"","orig. team":"","year":""},"college":"Detroit","ratings":[{"hgt":36,"stre":34,"spd":54,"jmp":78,"endu":55,"ins":54,"dnk":45,"ft":65,"fg":45,"tp":54,"blk":35,"stl":56,"drb":54,"pss":50,"reb":43,"pot":56}],"skills":[]},{"tid":-2,"name":"Zaza Pachulia","pos":"C","hgt":83,"weight":240,"imgURL":"http://a.espncdn.com/combiner/i?img=/i/headshots/nba/players/full/2016.png&w=350&h=254","born":{"year":1984,"loc":"Tbilisi, Georgia"},"contract":{"amount":"","exp":""},"draft":{"round":"","pick":"","team":"","orig. team":"","year":""},"college":"Georgia","ratings":[{"hgt":87,"stre":67,"spd":37,"jmp":56,"endu":64,"ins":67,"dnk":65,"ft":56,"fg":43,"tp":26,"blk":64,"stl":45,"drb":47,"pss":43,"reb":83,"pot":57}],"skills":[]},{"tid":-2,"name":"Keith Bogans","pos":"GF","hgt":77,"weight":215,"imgURL":"http://a.espncdn.com/i/headshots/nba/players/full/1995.png","born":{"year":1980,"loc":"Alexandria, VA"},"contract":{"amount":"","exp":""},"draft":{"round":"","pick":"","team":"","orig. team":"","year":""},"college":"Kentucky","ratings":[{"hgt":54,"stre":45,"spd":67,"jmp":56,"endu":54,"ins":43,"dnk":45,"ft":65,"fg":68,"tp":56,"blk":43,"stl":45,"drb":56,"pss":54,"reb":43,"pot":56}],"skills":[]},{"tid":-2,"name":"Malick Badiane","pos":"FC","hgt":83,"weight":230,"imgURL":"http://basketball.realgm.com/images/nba/4.2/profiles/photos/2006/Badiane_Malick_hou.jpg","born":{"year":1984,"loc":"Dakar, Senegal"},"contract":{"amount":"","exp":""},"draft":{"round":"","pick":"","team":"","orig. team":"","year":""},"college":"Senegal","ratings":[{"hgt":86,"stre":76,"spd":43,"jmp":54,"endu":65,"ins":67,"dnk":63,"ft":56,"fg":43,"tp":26,"blk":65,"stl":67,"drb":43,"pss":46,"reb":65,"pot":55}],"skills":[]},{"tid":-2,"name":"Matt Bonner","pos":"FC","hgt":82,"weight":240,"imgURL":"http://a.espncdn.com/i/headshots/nba/players/full/1996.png","born":{"year":1980,"loc":"Concord, NH"},"contract":{"amount":"","exp":""},"draft":{"round":"","pick":"","team":"","orig. team":"","year":""},"college":"Florida","ratings":[{"hgt":78,"stre":53,"spd":49,"jmp":54,"endu":57,"ins":56,"dnk":63,"ft":65,"fg":63,"tp":74,"blk":44,"stl":65,"drb":45,"pss":54,"reb":76,"pot":56}],"skills":[]},{"tid":-2,"name":"Sani Becirovic","pos":"SG","hgt":76,"weight":196,"imgURL":"http://i.imgur.com/MNUpXny.png","born":{"year":1981,"loc":"Maribor, Slovenia"},"contract":{"amount":"","exp":""},"draft":{"round":"","pick":"","team":"","orig. team":"","year":""},"college":"Slovenia","ratings":[{"hgt":36,"stre":46,"spd":55,"jmp":43,"endu":45,"ins":54,"dnk":46,"ft":63,"fg":54,"tp":56,"blk":34,"stl":54,"drb":45,"pss":46,"reb":47,"pot":53}],"skills":[]},{"tid":-2,"name":"Mo Williams","pos":"G","hgt":73,"weight":185,"imgURL":"http://i.cdn.turner.com/nba/nba/.element/img/2.0/sect/statscube/players/large/maurice_williams.png","born":{"year":1982,"loc":"Jackson, MS"},"contract":{"amount":"","exp":""},"draft":{"round":"","pick":"","team":"","orig. team":"","year":""},"college":"Alabama","ratings":[{"hgt":14,"stre":46,"spd":65,"jmp":66,"endu":52,"ins":54,"dnk":64,"ft":67,"fg":65,"tp":67,"blk":43,"stl":54,"drb":66,"pss":60,"reb":43,"pot":64}],"skills":[]},{"tid":-2,"name":"James Lang","pos":"C","hgt":82,"weight":285,"imgURL":"https://s.yimg.com/lq/p/sp/r/14/1440ed18b73533099f1b2f4c94c72047/jameslang.jpg","born":{"year":1983,"loc":"Mobile, AL"},"contract":{"amount":"","exp":""},"draft":{"round":"","pick":"","team":"","orig. team":"","year":""},"college":"Central Park Christian HS","ratings":[{"hgt":80,"stre":83,"spd":33,"jmp":42,"endu":40,"ins":65,"dnk":64,"ft":56,"fg":43,"tp":0,"blk":64,"stl":65,"drb":22,"pss":44,"reb":64,"pot":57}],"skills":[]},{"tid":-2,"name":"James Jones","pos":"GF","hgt":80,"weight":225,"imgURL":"http://a.espncdn.com/i/headshots/nba/players/full/2009.png","born":{"year":1980,"loc":"Miami, FL"},"contract":{"amount":"","exp":""},"draft":{"round":"","pick":"","team":"","orig. team":"","year":""},"college":"Miami (Florida)","ratings":[{"hgt":64,"stre":46,"spd":65,"jmp":65,"endu":67,"ins":44,"dnk":47,"ft":75,"fg":56,"tp":69,"blk":54,"stl":75,"drb":67,"pss":64,"reb":43,"pot":58}],"skills":[]},{"tid":-2,"name":"Paccelis Morlende","pos":"G","hgt":75,"weight":185,"imgURL":"http://i.imgur.com/gP8s89V.jpg","born":{"year":1981,"loc":"Creil, France"},"contract":{"amount":"","exp":""},"draft":{"round":"","pick":"","team":"","orig. team":"","year":""},"college":"France","ratings":[{"hgt":29,"stre":46,"spd":67,"jmp":57,"endu":45,"ins":34,"dnk":46,"ft":63,"fg":54,"tp":56,"blk":34,"stl":54,"drb":45,"pss":46,"reb":47,"pot":54}],"skills":[]},{"tid":-2,"name":"Kyle Korver","pos":"GF","hgt":79,"weight":210,"imgURL":"http://a.espncdn.com/i/headshots/nba/players/full/2011.png","born":{"year":1981,"loc":"Paramount, CA"},"contract":{"amount":"","exp":""},"draft":{"round":"","pick":"","team":"","orig. team":"","year":""},"college":"Creighton","ratings":[{"hgt":57,"stre":35,"spd":66,"jmp":64,"endu":55,"ins":27,"dnk":56,"ft":88,"fg":84,"tp":93,"blk":43,"stl":60,"drb":60,"pss":52,"reb":61,"pot":58}],"skills":[]},{"tid":-2,"name":"Remon Van de Hare","pos":"C","hgt":86,"weight":220,"imgURL":"http://www.solobasket.com/sites/default/files/styles/foto_detalle/public/4851_10.jpg?itok=n4cTVi3d","born":{"year":1982,"loc":"Amsterdam, Netherlands"},"contract":{"amount":"","exp":""},"draft":{"round":"","pick":"","team":"","orig. team":"","year":""},"ratings":[{"hgt":89,"stre":76,"spd":43,"jmp":54,"endu":41,"ins":67,"dnk":63,"ft":56,"fg":43,"tp":0,"blk":65,"stl":37,"drb":12,"pss":46,"reb":65,"pot":51}],"skills":[]},{"tid":-2,"name":"Tommy Smith","pos":"F","hgt":82,"weight":215,"imgURL":"http://i.imgur.com/OnXLBFq.jpg","born":{"year":1980,"loc":"Phoenix, AZ"},"contract":{"amount":"","exp":""},"draft":{"round":"","pick":"","team":"","orig. team":"","year":""},"ratings":[{"hgt":78,"stre":46,"spd":43,"jmp":54,"endu":44,"ins":57,"dnk":63,"ft":56,"fg":43,"tp":26,"blk":65,"stl":37,"drb":23,"pss":46,"reb":65,"pot":50}],"skills":[]},{"tid":-2,"name":"Nedzad Sinanovic","pos":"C","hgt":86,"weight":250,"imgURL":"http://basketball.realgm.com/images/nba/4.2/profiles/photos/2006/Sinanovic_Nedzad_ACB.jpg","born":{"year":1983,"loc":"Zavidovici, Bosnia"},"contract":{"amount":"","exp":""},"draft":{"round":"","pick":"","team":"","orig. team":"","year":""},"ratings":[{"hgt":89,"stre":76,"spd":43,"jmp":54,"endu":45,"ins":67,"dnk":53,"ft":56,"fg":43,"tp":0,"blk":65,"stl":67,"drb":23,"pss":36,"reb":65,"pot":56}],"skills":[]},{"tid":-2,"name":"Rick Rickert","pos":"PF","hgt":83,"weight":215,"imgURL":"http://www.thedraftreview.com/history/drafted2003/images/rick-rickert.jpg","born":{"year":1983,"loc":"Duluth, MN"},"contract":{"amount":"","exp":""},"draft":{"round":"","pick":"","team":"","orig. team":"","year":""},"college":"Minnesota","ratings":[{"hgt":85,"stre":66,"spd":43,"jmp":54,"endu":42,"ins":67,"dnk":63,"ft":56,"fg":43,"tp":26,"blk":65,"stl":34,"drb":43,"pss":46,"reb":65,"pot":49}],"skills":[]},{"tid":-2,"name":"Brandon Hunter","pos":"PF","hgt":79,"weight":260,"imgURL":"http://www.thedraftreview.com/history/drafted2003/images/brandon-hunter.jpg","born":{"year":1980,"loc":"Cincinnati, OH"},"contract":{"amount":"","exp":""},"draft":{"round":"","pick":"","team":"","orig. team":"","year":""},"ratings":[{"hgt":59,"stre":82,"spd":45,"jmp":44,"endu":55,"ins":67,"dnk":64,"ft":63,"fg":45,"tp":0,"blk":56,"stl":65,"drb":45,"pss":43,"reb":65,"pot":54}],"skills":[]},{"tid":-2,"name":"Xue Yuyang","pos":"FC","hgt":84,"weight":265,"imgURL":"http://www.thedraftreview.com/history/drafted2003/images/xue-yuyang.jpg","born":{"year":1982,"loc":"Henan, China"},"contract":{"amount":"","exp":""},"draft":{"round":"","pick":"","team":"","orig. team":"","year":""},"college":"China","ratings":[{"hgt":92,"stre":56,"spd":43,"jmp":44,"endu":25,"ins":57,"dnk":53,"ft":56,"fg":33,"tp":16,"blk":65,"stl":47,"drb":23,"pss":36,"reb":55,"pot":52}],"skills":[]},{"tid":-2,"name":"Andreas Glyniadakis","pos":"C","hgt":85,"weight":280,"imgURL":"http://www.thedraftreview.com/history/drafted2003/images/andreas-glyniadakis.jpg","born":{"year":1981,"loc":"Hania, Greece"},"contract":{"amount":"","exp":""},"draft":{"round":"","pick":"","team":"","orig. team":"","year":""},"ratings":[{"hgt":89,"stre":76,"spd":43,"jmp":54,"endu":45,"ins":67,"dnk":63,"ft":56,"fg":43,"tp":0,"blk":65,"stl":57,"drb":43,"pss":46,"reb":65,"pot":51}],"skills":[]},{"tid":-2,"name":"Matt Carroll","pos":"GF","hgt":78,"weight":212,"imgURL":"http://basketball.realgm.com/images/nba/4.2/profiles/photos/2006/Carroll_Matt_CHA.jpg","born":{"year":1980,"loc":"Pittsburgh, PA"},"contract":{"amount":"","exp":""},"draft":{"round":"","pick":"","team":"","orig. team":"","year":""},"college":"Notre Dame","ratings":[{"hgt":50,"stre":23,"spd":66,"jmp":44,"endu":55,"ins":67,"dnk":43,"ft":56,"fg":66,"tp":70,"blk":25,"stl":67,"drb":43,"pss":46,"reb":35,"pot":53}],"skills":[]},{"tid":-2,"name":"Marquis Daniels","pos":"SF","hgt":78,"weight":200,"imgURL":"http://basketball.realgm.com/images/nba/4.2/profiles/photos/2006/Daniels_Marquis_MIL.jpg","born":{"year":1981,"loc":"Jasper, FL"},"contract":{"amount":"","exp":""},"draft":{"round":"","pick":"","team":"","orig. team":"","year":""},"college":"Auburn","ratings":[{"hgt":50,"stre":56,"spd":63,"jmp":67,"endu":53,"ins":54,"dnk":57,"ft":63,"fg":54,"tp":56,"blk":55,"stl":54,"drb":45,"pss":51,"reb":59,"pot":60}],"skills":[]},{"tid":-2,"name":"Jose Calderon","pos":"G","hgt":75,"weight":211,"imgURL":"http://basketball.realgm.com/images/nba/4.2/profiles/photos/2006/Calderon_Jose_nyk14.jpg","born":{"year":1981,"loc":"Villanueva de la Serena, Spain"},"contract":{"amount":"","exp":""},"draft":{"round":"","pick":"","team":"","orig. team":"","year":""},"ratings":[{"hgt":29,"stre":46,"spd":69,"jmp":43,"endu":51,"ins":54,"dnk":46,"ft":63,"fg":54,"tp":70,"blk":34,"stl":54,"drb":70,"pss":69,"reb":47,"pot":58}],"skills":[]},{"tid":-2,"name":"Earl Barron","pos":"C","hgt":84,"weight":250,"imgURL":"http://basketball.realgm.com/images/nba/4.2/profiles/photos/2006/Barron_Earl_pho14.jpg","born":{"year":1981,"loc":"Clarksdale, MS"},"contract":{"amount":"","exp":""},"draft":{"round":"","pick":"","team":"","orig. team":"","year":""},"college":"Memphis","ratings":[{"hgt":89,"stre":76,"spd":43,"jmp":54,"endu":35,"ins":67,"dnk":63,"ft":56,"fg":23,"tp":0,"blk":65,"stl":57,"drb":23,"pss":30,"reb":65,"pot":54}],"skills":[]},{"tid":-2,"name":"Josh Powell","pos":"FC","hgt":81,"weight":225,"imgURL":"http://basketball.realgm.com/images/nba/4.2/profiles/photos/2006/Powell_Josh_hou14.jpg","born":{"year":1983,"loc":"Charleston, SC"},"contract":{"amount":"","exp":""},"draft":{"round":"","pick":"","team":"","orig. team":"","year":""},"college":"NC State","ratings":[{"hgt":72,"stre":76,"spd":43,"jmp":62,"endu":55,"ins":57,"dnk":53,"ft":56,"fg":33,"tp":16,"blk":65,"stl":67,"drb":43,"pss":46,"reb":65,"pot":54}],"skills":[]},{"tid":-2,"name":"Quinton Ross","pos":"GF","hgt":78,"weight":195,"imgURL":"http://basketball.realgm.com/images/nba/4.2/profiles/photos/2006/Ross_Quinton_lac.jpg","born":{"year":1981,"loc":"Dallas, TX"},"contract":{"amount":"","exp":""},"draft":{"round":"","pick":"","team":"","orig. team":"","year":""},"college":"Southern Methodist","ratings":[{"hgt":52,"stre":56,"spd":65,"jmp":63,"endu":55,"ins":24,"dnk":46,"ft":68,"fg":54,"tp":39,"blk":39,"stl":64,"drb":45,"pss":46,"reb":47,"pot":54}],"skills":[]},{"tid":-2,"name":"Ronald Dupree","pos":"SF","hgt":79,"weight":209,"imgURL":"http://basketball.realgm.com/images/nba/4.2/profiles/photos/2006/Dupree_Ronald_MEM.jpg","born":{"year":1981,"loc":"Biloxi, MS"},"contract":{"amount":"","exp":""},"draft":{"round":"","pick":"","team":"","orig. team":"","year":""},"college":"LSU","ratings":[{"hgt":57,"stre":56,"spd":58,"jmp":54,"endu":55,"ins":47,"dnk":58,"ft":56,"fg":67,"tp":67,"blk":45,"stl":47,"drb":43,"pss":46,"reb":55,"pot":55}],"skills":[]},{"tid":-2,"name":"James Singleton","pos":"F","hgt":80,"weight":230,"imgURL":"http://basketball.realgm.com/images/nba/4.2/profiles/photos/2006/Singleton_James_dal.jpg","born":{"year":1981,"loc":"Chicago, IL"},"contract":{"amount":"","exp":""},"draft":{"round":"","pick":"","team":"","orig. team":"","year":""},"college":"Murray State","ratings":[{"hgt":64,"stre":76,"spd":49,"jmp":64,"endu":44,"ins":67,"dnk":63,"ft":56,"fg":43,"tp":26,"blk":65,"stl":67,"drb":43,"pss":46,"reb":65,"pot":56}],"skills":[]},{"tid":-2,"name":"Melvin Sanders","pos":"SG","hgt":77,"weight":210,"imgURL":"http://basketball.realgm.com/images/nba/4.2/profiles/photos/2006/Sanders_Melvin_nba.jpg","born":{"year":1981,"loc":"Liberal, KS"},"contract":{"amount":"","exp":""},"draft":{"round":"","pick":"","team":"","orig. team":"","year":""},"college":"Oklahoma State","ratings":[{"hgt":45,"stre":46,"spd":55,"jmp":53,"endu":45,"ins":24,"dnk":46,"ft":63,"fg":54,"tp":56,"blk":34,"stl":54,"drb":45,"pss":46,"reb":47,"pot":54}],"skills":[]},{"tid":-2,"name":"Carl English","pos":"G","hgt":76,"weight":205,"imgURL":"http://basketball.realgm.com/images/nba/4.2/profiles/photos/2006/English_Carl_euro.jpg","born":{"year":1981,"loc":"St. John's, Canada"},"contract":{"amount":"","exp":""},"draft":{"round":"","pick":"","team":"","orig. team":"","year":""},"college":"Hawaii","ratings":[{"hgt":45,"stre":36,"spd":45,"jmp":43,"endu":45,"ins":54,"dnk":46,"ft":63,"fg":54,"tp":56,"blk":34,"stl":54,"drb":45,"pss":46,"reb":47,"pot":50}],"skills":[]},{"tid":-2,"name":"Marcus Hatten","pos":"PG","hgt":73,"weight":165,"imgURL":"http://statistik.beko-bbl.de/images/imageCreator/players/2013/png/30450_200.png","born":{"year":1980,"loc":"Baltimore, MD"},"contract":{"amount":"","exp":""},"draft":{"round":"","pick":"","team":"","orig. team":"","year":""},"college":"St. John's","ratings":[{"hgt":14,"stre":46,"spd":66,"jmp":43,"endu":45,"ins":54,"dnk":46,"ft":63,"fg":54,"tp":56,"blk":25,"stl":54,"drb":65,"pss":46,"reb":47,"pot":48}],"skills":[]},{"tid":-2,"name":"Jerry Holman","pos":"FC","hgt":82,"weight":222,"imgURL":"http://a.espncdn.com/i/headshots/nba/players/65/2234.jpg","born":{"year":1979,"loc":"St. Paul, MN"},"contract":{"amount":"","exp":""},"draft":{"round":"","pick":"","team":"","orig. team":"","year":""},"college":"Minnesota","ratings":[{"hgt":78,"stre":66,"spd":33,"jmp":44,"endu":33,"ins":60,"dnk":53,"ft":56,"fg":33,"tp":0,"blk":65,"stl":67,"drb":23,"pss":46,"reb":65,"pot":45}],"skills":[]}]}