{"startingSeason":2018,
"version":27,
"players":[

{"tid":-2,
"name":"DeAndre Ayton",
"ratings":[{"hgt":70,"stre":68,"spd":62,"jmp":77,"endu":63,"ins":65,"dnk":68,"ft":75,"fg":55,"tp":40,"diq":34,"oiq":68,"drb":38,"pss":50,"reb":75,"skills":["A","Di","Po","R"]}],
"pos":"C","hgt":84,"weight":245,
"born":{"year":1999,"loc":"Nassau, Bahamas"},
"imgURL":"http://a.espncdn.com/combiner/i?img=/i/headshots/recruiting/ncb/players/full/187828.png&w=350&h=254",
"contract":{"amount":5855,"exp":2022},
"draft":{"round":0,"pick":0,"tid":-1,"originalTid":-1,"year":2018},
"college":"Arizona",
"injury":{"type":"Healthy","gamesRemaining":0}},

{"tid":-2,
"name":"Marvin Bagley",
"ratings":[{"hgt":65,"stre":62,"spd":66,"jmp":79,"endu":60,"ins":70,"dnk":71,"ft":31,"fg":45,"tp":20,"diq":38,"oiq":60,"drb":25,"pss":34,"reb":74,"skills":["A","Di","Po","R"]}],
"pos":"PF","hgt":83,"weight":225,
"born":{"year":1999,"loc":"Phoenix, AZ"},
"imgURL":"https://i.imgur.com/d5YYyOj.png",
"contract":{"amount":5238,"exp":2022},
"draft":{"round":0,"pick":0,"tid":-1,"originalTid":-1,"year":2018},
"college":"Duke",
"injury":{"type":"Healthy","gamesRemaining":0}},

{"tid":-2,
"name":"Luka Doncic",
"ratings":[{"hgt":55,"stre":29,"spd":61,"jmp":62,"endu":66,"ins":42,"dnk":70,"ft":68,"fg":68,"tp":52,"diq":25,"oiq":65,"drb":68,"pss":77,"reb":43,"skills":["Ps"]}],
"pos":"SG","hgt":80,"weight":185,
"born":{"year":1999,"loc":"Ljubjana, Slovenia"},
"imgURL":"http://i.imgur.com/43sGi7m.png",
"contract":{"amount":4705,"exp":2022},
"draft":{"round":0,"pick":0,"tid":-1,"originalTid":-1,"year":2018},
"college":"Slovenia",
"injury":{"type":"Healthy","gamesRemaining":0}},

{"tid":-2,
"firstName":"Jaren","lastName":"Jackson Jr.",
"ratings":[{"hgt":64,"stre":56,"spd":57,"jmp":64,"endu":58,"ins":60,"dnk":65,"ft":72,"fg":57,"tp":49,"diq":58,"oiq":40,"drb":20,"pss":24,"reb":66,"skills":["Di","R"]}],
"pos":"PF","hgt":83,"weight":240,
"born":{"year":2000,"loc":"Indianapolis, IN"},
"imgURL":"http://a.espncdn.com/combiner/i?img=/i/headshots/recruiting/ncb/players/full/207895.png",
"contract":{"amount":4242,"exp":2022},
"draft":{"round":0,"pick":0,"tid":-1,"originalTid":-1,"year":2018},
"college":"Michigan State",
"injury":{"type":"Healthy","gamesRemaining":0}},

{"tid":-2,
"name":"Trae Young",
"ratings":[{"hgt":29,"stre":20,"spd":75,"jmp":55,"endu":66,"ins":33,"dnk":63,"ft":68,"fg":78,"tp":73,"diq":21,"oiq":53,"drb":75,"pss":70,"reb":19,"skills":["3","B","Ps"]}],
"pos":"PG","hgt":74,"weight":180,
"born":{"year":1999,"loc":"Lubbock, TX"},
"imgURL":"http://a.espncdn.com/combiner/i?img=/i/headshots/recruiting/ncb/players/full/203210.png",
"contract":{"amount":3841,"exp":2022},
"draft":{"round":0,"pick":0,"tid":-1,"originalTid":-1,"year":2018},
"college":"Oklahoma",
"injury":{"type":"Healthy","gamesRemaining":0}},

{"tid":-2,
"name":"Mohamed Bamba",
"ratings":[{"hgt":74,"stre":59,"spd":60,"jmp":66,"endu":55,"ins":65,"dnk":66,"ft":42,"fg":26,"tp":20,"diq":60,"oiq":29,"drb":25,"pss":34,"reb":69,"skills":["A","Di","Dp","Po","R"]}],
"pos":"PF","hgt":84,"weight":225,
"born":{"year":1998,"loc":"Harlem, NY"},
"imgURL":"http://a.espncdn.com/combiner/i?img=/i/headshots/recruiting/ncb/players/full/207369.png&w=350&h=254",
"contract":{"amount":3489,"exp":2022},
"draft":{"round":0,"pick":0,"tid":-1,"originalTid":-1,"year":2018},
"college":"Texas",
"injury":{"type":"Healthy","gamesRemaining":0}},

{"tid":-2,
"name":"Wendell Carter",
"pos":"FC","hgt":82,"weight":251,
"born":{"year":1999,"loc":"Fairburn, GA"},
"imgURL":"http://a.espncdn.com/combiner/i?img=/i/headshots/recruiting/ncb/players/full/187804.png",
"contract":{"amount":3185,"exp":2022},
"draft":{"round":0,"pick":0,"tid":-1,"originalTid":-1,"year":2018},
"college":"Duke",
"ratings":[{"hgt":61,"stre":66,"spd":52,"jmp":67,"endu":58,"ins":64,"dnk":78,"ft":76,"fg":55,"tp":61,"diq":51,"oiq":34,"drb":28,"pss":57,"reb":61,"skills":["Di"]}],
"injury":{"type":"Healthy","gamesRemaining":0}},

{"tid":-2,
"name":"Collin Sexton",
"ratings":[{"hgt":29,"stre":22,"spd":71,"jmp":68,"endu":65,"ins":33,"dnk":77,"ft":62,"fg":66,"tp":62,"diq":22,"oiq":35,"drb":75,"pss":60,"reb":42,"skills":["3","B"]}],
"pos":"PG","hgt":74,"weight":185,
"born":{"year":1999,"loc":"Atlanta, GA"},
"imgURL":"http://a.espncdn.com/combiner/i?img=/i/headshots/recruiting/ncb/players/full/216120.png",
"contract":{"amount":2918,"exp":2022},
"draft":{"round":0,"pick":0,"tid":-1,"originalTid":-1,"year":2018},
"college":"Alabama",
"injury":{"type":"Healthy","gamesRemaining":0}},

{"tid":-2,
"name":"Kevin Knox",
"ratings":[{"hgt":52,"stre":38,"spd":72,"jmp":73,"endu":32,"ins":43,"dnk":65,"ft":62,"fg":55,"tp":55,"diq":37,"oiq":45,"drb":52,"pss":52,"reb":61,"skills":[]}],
"pos":"SF","hgt":80,"weight":210,
"born":{"year":2000,"loc":"Phoenix, AZ"},
"imgURL":"http://a.espncdn.com/combiner/i?img=/i/headshots/recruiting/ncb/players/full/211931.png",
"contract":{"amount":2682,"exp":2022},
"draft":{"round":0,"pick":0,"tid":-1,"originalTid":-1,"year":2018},
"college":"Kentucky",
"injury":{"type":"Healthy","gamesRemaining":0}},

{"tid":-2,
"name":"Mikal Bridges",
"ratings":[{"hgt":51,"stre":25,"spd":71,"jmp":61,"endu":55,"ins":13,"dnk":72,"ft":65,"fg":58,"tp":62,"diq":55,"oiq":45,"drb":46,"pss":45,"reb":32,"skills":["3"]}],
"pos":"GF","hgt":79,"weight":215,
"born":{"year":1997,"loc":"Malvern, PA"},
"imgURL":"http://a.espncdn.com/combiner/i?img=/i/headshots/recruiting/ncb/players/full/181852.png",
"contract":{"amount":2548,"exp":2022},
"draft":{"round":0,"pick":0,"tid":-1,"originalTid":-1,"year":2018},
"college":"Villanova",
"injury":{"type":"Healthy","gamesRemaining":0}},

{"tid":-2,
"name":"Shai Gilgeous-Alexander",
"ratings":[{"hgt":40,"stre":20,"spd":60,"jmp":63,"endu":62,"ins":29,"dnk":48,"ft":69,"fg":60,"tp":50,"diq":54,"oiq":42,"drb":65,"pss":70,"reb":38,"skills":[]}],
"pos":"PG","hgt":78,"weight":180,
"born":{"year":1999,"loc":"Toronto, Canada"},
"imgURL":"http://a.espncdn.com/combiner/i?img=/i/headshots/recruiting/ncb/players/full/217347.png&w=350&h=254",
"contract":{"amount":2420,"exp":2022},
"draft":{"round":0,"pick":0,"tid":-1,"originalTid":-1,"year":2018},
"college":"Kentucky",
"injury":{"type":"Healthy","gamesRemaining":0}},

{"tid":-2,
"name":"Miles Bridges",
"ratings":[{"hgt":44,"stre":50,"spd":69,"jmp":80,"endu":52,"ins":66,"dnk":72,"ft":70,"fg":75,"tp":69,"diq":24,"oiq":36,"drb":32,"pss":38,"reb":36,"skills":["3"]}],
"pos":"SF","hgt":78,"weight":225,
"born":{"year":1998,"loc":"Flint, MI"},
"imgURL":"http://a.espncdn.com/combiner/i?img=/i/headshots/recruiting/ncb/players/full/189076.png",
"contract":{"amount":2299,"exp":2020},
"draft":{"round":0,"pick":0,"tid":-1,"originalTid":-1,"year":2018},
"college":"Michigan State",
"injury":{"type":"Healthy","gamesRemaining":0}},

{"tid":-2,
"name":"Jerome Robinson",
"ratings":[{"hgt":42,"stre":44,"spd":59,"jmp":55,"endu":56,"ins":31,"dnk":52,"ft":53,"fg":73,"tp":60,"diq":42,"oiq":49,"drb":43,"pss":38,"reb":34,"skills":["3"]}],
"pos":"SG","hgt":77,"weight":190,
"born":{"year":1997,"loc":"Raleigh, NC"},
"imgURL":"https://i.cdn.turner.com/nba/nba/.element/img/3.0/sect/draft/2018/prospects/jerome-robinson.jpg",
"contract":{"amount":2184,"exp":2022},
"draft":{"round":0,"pick":0,"tid":-1,"originalTid":-1,"year":2018},
"college":"Boston College",
"injury":{"type":"Healthy","gamesRemaining":0}},

{"tid":-2,
"name":"Michael Porter",
"ratings":[{"hgt":60,"stre":46,"spd":70,"jmp":75,"endu":34,"ins":50,"dnk":65,"ft":60,"fg":77,"tp":72,"diq":45,"oiq":46,"drb":43,"pss":39,"reb":50,"skills":["3","Dp"]}],
"pos":"SF","hgt":82,"weight":215,
"born":{"year":1999,"loc":"Columbia, MO"},
"imgURL":"http://a.espncdn.com/combiner/i?img=/i/headshots/recruiting/ncb/players/full/193628.png",
"contract":{"amount":2075,"exp":2022},
"draft":{"round":0,"pick":0,"tid":-1,"originalTid":-1,"year":2018},
"college":"Missouri",
"injury":{"type":"Healthy","gamesRemaining":0}},

{"tid":-2,
"firstName":"Troy","lastName":"Brown Jr",
"ratings":[{"hgt":49,"stre":35,"spd":69,"jmp":63,"endu":57,"ins":28,"dnk":63,"ft":61,"fg":65,"tp":55,"diq":46,"oiq":51,"drb":46,"pss":42,"reb":55,"skills":[]}],
"pos":"SF","hgt":79,"weight":215,
"born":{"year":2000,"loc":"Las Vegas, NV"},
"imgURL":"https://i.cdn.turner.com/nba/nba/.element/img/3.0/sect/draft/2018/prospects/troy-brown.jpg",
"contract":{"amount":1971,"exp":2022},
"draft":{"round":0,"pick":0,"tid":-1,"originalTid":-1,"year":2018},
"college":"Oregon",
"injury":{"type":"Healthy","gamesRemaining":0}},

{"tid":-2,
"name":"Zhaire Smith",
"pos":"SG","hgt":77,"weight":195,
"born":{"year":1999,"loc":"Garland, TX"},
"imgURL":"https://i.imgur.com/WcQgpyb.png",
"contract":{"amount":1873,"exp":2022},
"draft":{"round":0,"pick":0,"tid":-1,"originalTid":-1,"year":2018},
"college":"Texas Tech",
"ratings":[{"hgt":41,"stre":39,"spd":74,"jmp":70,"endu":48,"ins":35,"dnk":65,"ft":43,"fg":55,"tp":40,"diq":49,"oiq":52,"drb":38,"pss":35,"reb":48,"skills":[]}],
"injury":{"type":"Healthy","gamesRemaining":0}},

{"tid":-2,
"name":"Donte DiVincenzo",
"ratings":[{"hgt":41,"stre":32,"spd":62,"jmp":66,"endu":47,"ins":26,"dnk":60,"ft":72,"fg":66,"tp":60,"diq":46,"oiq":55,"drb":45,"pss":39,"reb":36,"skills":["3"]}],
"pos":"SG","hgt":77,"weight":205,
"born":{"year":1997,"loc":"Newark, DE"},
"imgURL":"https://i.cdn.turner.com/nba/nba/.element/img/3.0/sect/draft/2018/prospects/donte-divincenzo.jpg",
"contract":{"amount":1779,"exp":2022},
"draft":{"round":0,"pick":0,"tid":-1,"originalTid":-1,"year":2018},
"college":"Villanova",
"injury":{"type":"Healthy","gamesRemaining":0}},

{"tid":-2,
"name":"Lonnie Walker",
"ratings":[{"hgt":42,"stre":28,"spd":74,"jmp":76,"endu":55,"ins":25,"dnk":56,"ft":47,"fg":63,"tp":56,"diq":39,"oiq":52,"drb":44,"pss":29,"reb":42,"skills":[]}],
"pos":"SG","hgt":77,"weight":196,
"born":{"year":1999,"loc":"Reading, PA"},
"imgURL":"https://i.cdn.turner.com/nba/nba/.element/img/3.0/sect/draft/2018/prospects/lonnie-walker.jpg",
"contract":{"amount":1690,"exp":2022},
"draft":{"round":0,"pick":0,"tid":-1,"originalTid":-1,"year":2018},
"college":"Miami (Florida)",
"injury":{"type":"Healthy","gamesRemaining":0}},

{"tid":-2,
"name":"Kevin Huerter",
"ratings":[{"hgt":48,"stre":33,"spd":63,"jmp":55,"endu":47,"ins":28,"dnk":46,"ft":62,"fg":55,"tp":60,"diq":41,"oiq":55,"drb":48,"pss":35,"reb":42,"skills":["3"]}],
"pos":"SG","hgt":79,"weight":194,
"born":{"year":1999,"loc":"Albany, NY"},
"imgURL":"https://i.cdn.turner.com/nba/nba/.element/img/3.0/sect/draft/2018/prospects/kevin-huerter.jpg",
"contract":{"amount":1614,"exp":2022},
"draft":{"round":0,"pick":0,"tid":-1,"originalTid":-1,"year":2018},
"college":"Maryland",
"injury":{"type":"Healthy","gamesRemaining":0}},

{"tid":-2,
"name":"Josh Okogie",
"ratings":[{"hgt":44,"stre":45,"spd":68,"jmp":75,"endu":57,"ins":29,"dnk":69,"ft":62,"fg":51,"tp":55,"diq":54,"oiq":46,"drb":45,"pss":37,"reb":32,"skills":[]}],
"pos":"SG","hgt":77,"weight":211,
"born":{"year":1999,"loc":"Lagos, Nigeria"},
"imgURL":"https://i.cdn.turner.com/nba/nba/.element/img/3.0/sect/draft/2018/prospects/josh-okogie.jpg",
"contract":{"amount":1550,"exp":2022},
"draft":{"round":0,"pick":0,"tid":-1,"originalTid":-1,"year":2018},
"college":"Georgia Tech",
"injury":{"type":"Healthy","gamesRemaining":0}},

{"tid":-2,
"name":"Grayson Allen",
"ratings":[{"hgt":35,"stre":21,"spd":79,"jmp":77,"endu":51,"ins":21,"dnk":62,"ft":77,"fg":65,"tp":60,"diq":34,"oiq":51,"drb":49,"pss":40,"reb":29,"skills":["3"]}],
"pos":"SG","hgt":76,"weight":198,
"born":{"year":1996,"loc":"Jacksonville, FL"},
"imgURL":"http://i.imgur.com/mI6dTqQ.png",
"contract":{"amount":1487,"exp":2022},
"draft":{"round":0,"pick":0,"tid":-1,"originalTid":-1,"year":2018},
"college":"Duke",
"injury":{"type":"Healthy","gamesRemaining":0}},

{"tid":-2,
"name":"Chandler Hutchinson",
"ratings":[{"hgt":48,"stre":36,"spd":66,"jmp":62,"endu":43,"ins":29,"dnk":59,"ft":44,"fg":48,"tp":55,"diq":26,"oiq":44,"drb":55,"pss":50,"reb":27,"skills":[]}],
"pos":"GF","hgt":79,"weight":195,
"born":{"year":1996,"loc":"Mission Viejo, CA"},
"imgURL":"https://i.imgur.com/YajViLl.png",
"contract":{"amount":1428,"exp":2022},
"draft":{"round":0,"pick":0,"tid":-1,"originalTid":-1,"year":2018},
"college":"Boise State",
"injury":{"type":"Healthy","gamesRemaining":0}},

{"tid":-2,
"name":"Aaron Holiday",
"ratings":[{"hgt":25,"stre":35,"spd":72,"jmp":66,"endu":61,"ins":21,"dnk":59,"ft":27,"fg":62,"tp":61,"diq":42,"oiq":47,"drb":69,"pss":59,"reb":28,"skills":["3","B"]}],
"pos":"PG","hgt":73,"weight":185,
"born":{"year":1997,"loc":"Ruston, LA"},
"imgURL":"https://i.cdn.turner.com/nba/nba/.element/img/3.0/sect/draft/2018/prospects/aaron-holiday.jpg",
"contract":{"amount":1371,"exp":2022},
"draft":{"round":0,"pick":0,"tid":-1,"originalTid":-1,"year":2018},
"college":"UCLA",
"injury":{"type":"Healthy","gamesRemaining":0}},

{"tid":-2,
"name":"Anfernee Simons",
"ratings":[{"hgt":22,"stre":15,"spd":76,"jmp":75,"endu":57,"ins":28,"dnk":63,"ft":58,"fg":51,"tp":50,"diq":20,"oiq":43,"drb":66,"pss":55,"reb":6,"skills":["B"]}],
"pos":"G","hgt":73,"weight":183,
"born":{"year":1999,"loc":"Altamonte Springs, FL"},
"imgURL":"http://a.espncdn.com/combiner/i?img=/i/headshots/recruiting/ncb/players/190/217380.jpg",
"contract":{"amount":1316,"exp":2022},
"draft":{"round":0,"pick":0,"tid":-1,"originalTid":-1,"year":2018},
"college":"IMG Academy (HS)",
"injury":{"type":"Healthy","gamesRemaining":0}},

{"tid":-2,
"name":"Moritz Wagner",
"ratings":[{"hgt":63,"stre":45,"spd":43,"jmp":46,"endu":58,"ins":59,"dnk":56,"ft":55,"fg":53,"tp":59,"diq":38,"oiq":47,"drb":27,"pss":28,"reb":63,"skills":[]}],
"pos":"FC","hgt":83,"weight":240,
"born":{"year":1997,"loc":"Berlin, Germany"},
"imgURL":"https://ak-static.cms.nba.com/wp-content/uploads/headshots/nba/latest/260x190/1629021.png",
"contract":{"amount":1263,"exp":2022},
"draft":{"round":0,"pick":0,"tid":-1,"originalTid":-1,"year":2018},
"college":"Michigan",
"injury":{"type":"Healthy","gamesRemaining":0}},

{"tid":-2,
"name":"Landry Shamet",
"ratings":[{"hgt":40,"stre":19,"spd":74,"jmp":58,"endu":24,"ins":20,"dnk":67,"ft":63,"fg":38,"tp":58,"diq":35,"oiq":42,"drb":58,"pss":55,"reb":29,"skills":[]}],
"pos":"G","hgt":77,"weight":188,
"born":{"year":1997,"loc":"Kansas City, MO"},
"imgURL":"https://i.cdn.turner.com/nba/nba/.element/img/3.0/sect/draft/2018/prospects/landry-shamet.jpg",
"contract":{"amount":1263,"exp":2022},
"draft":{"round":0,"pick":0,"tid":-1,"originalTid":-1,"year":2018},
"college":"Wichita State",
"injury":{"type":"Healthy","gamesRemaining":0}},

{"tid":-2,
"name":"Robert Williams",
"ratings":[{"hgt":56,"stre":71,"spd":60,"jmp":70,"endu":62,"ins":70,"dnk":75,"ft":50,"fg":59,"tp":15,"diq":44,"oiq":35,"drb":30,"pss":37,"reb":60,"skills":["A"]}],
"pos":"PF","hgt":81,"weight":235,
"born":{"year":1998,"loc":"Shreveport, LA"},
"imgURL":"http://a.espncdn.com/combiner/i?img=/i/headshots/recruiting/ncb/players/full/211554.png",
"contract":{"amount":1186,"exp":2022},
"draft":{"round":0,"pick":0,"tid":-1,"originalTid":-1,"year":2018},
"college":"Texas A&M",
"injury":{"type":"Healthy","gamesRemaining":0}},

{"tid":-2,
"name":"Jacob Evans",
"ratings":[{"hgt":44,"stre":28,"spd":59,"jmp":53,"endu":32,"ins":36,"dnk":61,"ft":50,"fg":62,"tp":58,"diq":45,"oiq":44,"drb":37,"pss":24,"reb":36,"skills":[]}],
"pos":"SF","hgt":78,"weight":200,
"born":{"year":1998,"loc":"Baton Rouge, LA"},
"imgURL":"https://i.imgur.com/Cn58vZJ.jpg",
"contract":{"amount":1179,"exp":2022},
"draft":{"round":0,"pick":0,"tid":-1,"originalTid":-1,"year":2018},
"college":"Cincinnati",
"injury":{"type":"Healthy","gamesRemaining":0}},

{"tid":-2,
"name":"Dzanan Musa",
"pos":"SF","hgt":81,"weight":195,
"born":{"year":1999,"loc":"Bihac, Bosnia & Herzegovina"},
"imgURL":"https://i.imgur.com/IyXxEox.png",
"contract":{"amount":1170,"exp":2022},
"draft":{"round":0,"pick":0,"tid":-1,"originalTid":-1,"year":2018},
"college":"Croatia",
"ratings":[{"hgt":57,"stre":22,"spd":59,"jmp":49,"endu":42,"ins":20,"dnk":56,"ft":62,"fg":69,"tp":67,"diq":43,"oiq":42,"drb":37,"pss":35,"reb":44,"skills":["3"]}],
"injury":{"type":"Healthy","gamesRemaining":0}},

{"tid":-2,
"name":"Omari Spellman",
"pos":"FC","hgt":81,"weight":255,
"born":{"year":1998,"loc":"Cleveland, OH"},
"imgURL":"http://a.espncdn.com/combiner/i?img=/i/headshots/recruiting/ncb/players/full/188078.png",
"contract":{"amount":1162,"exp":2022},
"draft":{"round":0,"pick":0,"tid":-1,"originalTid":-1,"year":2018},
"college":"Villanova",
"ratings":[{"hgt":56,"stre":64,"spd":46,"jmp":58,"endu":41,"ins":52,"dnk":58,"ft":62,"fg":49,"tp":50,"diq":44,"oiq":45,"drb":27,"pss":28,"reb":62,"skills":[]}],
"injury":{"type":"Healthy","gamesRemaining":0}},

{"tid":-2,
"name":"Elie Okobo",
"ratings":[{"hgt":32,"stre":19,"spd":71,"jmp":60,"endu":36,"ins":22,"dnk":58,"ft":29,"fg":44,"tp":52,"diq":39,"oiq":41,"drb":60,"pss":59,"reb":55,"skills":[]}],
"pos":"PG","hgt":74,"weight":180,
"born":{"year":1998,"loc":"Bordeaux, France"},
"imgURL":"https://i.imgur.com/YMPeabS.png",
"contract":{"amount":850,"exp":2020},
"draft":{"round":0,"pick":0,"tid":-1,"originalTid":-1,"year":2018},
"college":"France",
"injury":{"type":"Healthy","gamesRemaining":0}},

{"tid":-2,
"name":"Jevon Carter",
"ratings":[{"hgt":29,"stre":22,"spd":65,"jmp":64,"endu":35,"ins":22,"dnk":62,"ft":64,"fg":57,"tp":30,"diq":45,"oiq":45,"drb":58,"pss":55,"reb":36,"skills":[]}],
"pos":"PG","hgt":74,"weight":200,
"born":{"year":1996,"loc":"Maywood, IL"},
"imgURL":"https://i.cdn.turner.com/nba/nba/.element/img/3.0/sect/draft/2018/prospects/jevon-carter.jpg",
"contract":{"amount":830,"exp":2020},
"draft":{"round":0,"pick":0,"tid":-1,"originalTid":-1,"year":2018},
"college":"West Virginia",
"injury":{"type":"Healthy","gamesRemaining":0}},

{"tid":-2,
"name":"Jalen Brunson",
"ratings":[{"hgt":30,"stre":32,"spd":70,"jmp":63,"endu":57,"ins":24,"dnk":53,"ft":58,"fg":51,"tp":60,"diq":30,"oiq":43,"drb":62,"pss":55,"reb":16,"skills":[]}],
"pos":"PG","hgt":74,"weight":190,
"born":{"year":1997,"loc":"Lincolnshire, IL"},
"imgURL":"https://i.imgur.com/JN7R9uf.png",
"contract":{"amount":850,"exp":2020},
"draft":{"round":0,"pick":0,"tid":-1,"originalTid":-1,"year":2018},
"college":"Villanova",
"injury":{"type":"Healthy","gamesRemaining":0}},

{"tid":-2,
"name":"Devonte Graham",
"ratings":[{"hgt":30,"stre":22,"spd":70,"jmp":53,"endu":43,"ins":20,"dnk":62,"ft":55,"fg":54,"tp":57,"diq":25,"oiq":48,"drb":52,"pss":55,"reb":23,"skills":[]}],
"pos":"SG","hgt":74,"weight":175,
"born":{"year":1995,"loc":"Raleigh, NC"},
"imgURL":"http://a.espncdn.com/combiner/i?img=/i/headshots/recruiting/ncb/players/full/132920.png",
"contract":{"amount":850,"exp":2020},
"draft":{"round":0,"pick":0,"tid":-1,"originalTid":-1,"year":2018},
"college":"Kansas",
"injury":{"type":"Healthy","gamesRemaining":0}},

{"tid":-2,
"name":"Melvin Frazier",
"ratings":[{"hgt":52,"stre":35,"spd":63,"jmp":63,"endu":42,"ins":30,"dnk":47,"ft":34,"fg":60,"tp":55,"diq":28,"oiq":39,"drb":29,"pss":47,"reb":30,"skills":[]}],
"pos":"SF","hgt":78,"weight":200,
"born":{"year":1997,"loc":"Avondale, LA"},
"imgURL":"https://i.imgur.com/HdgfI3I.png",
"contract":{"amount":830,"exp":2020},
"draft":{"round":0,"pick":0,"tid":-1,"originalTid":-1,"year":2018},
"college":"Tulane",
"injury":{"type":"Healthy","gamesRemaining":0}},

{"tid":-2,
"name":"Mitchell Robinson",
"ratings":[{"hgt":71,"stre":66,"spd":39,"jmp":50,"endu":55,"ins":50,"dnk":51,"ft":55,"fg":23,"tp":0,"diq":48,"oiq":40,"drb":18,"pss":14,"reb":70,"skills":["Di","Po","R"]}],
"pos":"C","hgt":85,"weight":225,
"born":{"year":1998,"loc":"New Orleans, LA"},
"imgURL":"https://i.imgur.com/xedRqgU.png",
"contract":{"amount":1600,"exp":2021},
"draft":{"round":0,"pick":0,"tid":-1,"originalTid":-1,"year":2018},
"college":"Chalmette (HS)",
"injury":{"type":"Healthy","gamesRemaining":0}},

{"tid":-2,
"firstName":"Gary","lastName":"Trent Jr",
"ratings":[{"hgt":44,"stre":21,"spd":70,"jmp":56,"endu":43,"ins":15,"dnk":55,"ft":52,"fg":40,"tp":60,"diq":34,"oiq":38,"drb":56,"pss":52,"reb":28,"skills":[]}],
"pos":"SG","hgt":78,"weight":204,
"born":{"year":1999,"loc":"Columbus, OH"},
"imgURL":"https://i.cdn.turner.com/nba/nba/.element/img/3.0/sect/draft/2018/prospects/gary-trent.jpg",
"contract":{"amount":850,"exp":2020},
"draft":{"round":0,"pick":0,"tid":-1,"originalTid":-1,"year":2018},
"college":"Duke",
"injury":{"type":"Healthy","gamesRemaining":0}},

{"tid":-2,
"name":"Khyri Thomas",
"ratings":[{"hgt":37,"stre":39,"spd":66,"jmp":70,"endu":48,"ins":31,"dnk":49,"ft":55,"fg":59,"tp":63,"diq":50,"oiq":43,"drb":40,"pss":26,"reb":20,"skills":["3"]}],
"pos":"SG","hgt":76,"weight":199,
"born":{"year":1996,"loc":"Omaha, NE"},
"imgURL":"https://i.imgur.com/dQVNuJc.png",
"contract":{"amount":850,"exp":2020},
"draft":{"round":0,"pick":0,"tid":-1,"originalTid":-1,"year":2018},
"college":"Creighton",
"injury":{"type":"Healthy","gamesRemaining":0}},

{"tid":-2,
"name":"Isaac Bonga",
"ratings":[{"hgt":52,"stre":44,"spd":66,"jmp":83,"endu":40,"ins":28,"dnk":52,"ft":75,"fg":39,"tp":44,"diq":34,"oiq":33,"drb":40,"pss":28,"reb":32,"skills":[]}],
"pos":"SF","hgt":80,"weight":172,
"born":{"year":2000,"loc":"Neuwied, Germany"},
"imgURL":"https://ak-static.cms.nba.com/wp-content/uploads/headshots/nba/latest/260x190/1629067.png",
"contract":{"amount":850,"exp":2020},
"draft":{"round":0,"pick":0,"tid":-1,"originalTid":-1,"year":2018},
"college":"Germany",
"injury":{"type":"Healthy","gamesRemaining":0}},

{"tid":-2,
"name":"Rodions Kurucs",
"ratings":[{"hgt":52,"stre":36,"spd":62,"jmp":56,"endu":57,"ins":30,"dnk":50,"ft":46,"fg":51,"tp":53,"diq":22,"oiq":52,"drb":50,"pss":42,"reb":55,"skills":[]}],
"pos":"SF","hgt":80,"weight":200,
"born":{"year":1998,"loc":"Cesis, Latvia"},
"imgURL":"https://i.imgur.com/EMab85h.png",
"contract":{"amount":850,"exp":2020},
"draft":{"round":0,"pick":0,"tid":-1,"originalTid":-1,"year":2018},
"college":"Latvia",
"injury":{"type":"Healthy","gamesRemaining":0}},

{"tid":-2,
"name":"Jarred Vanderbilt",
"pos":"SF","hgt":81,"weight":214,
"born":{"year":1999,"loc":"Houston, TX"},
"imgURL":"https://i.cdn.turner.com/nba/nba/.element/img/3.0/sect/draft/2018/prospects/jarred-vanderbilt.jpg",
"contract":{"amount":830,"exp":2020},
"draft":{"round":0,"pick":0,"tid":-1,"originalTid":-1,"year":2018},
"college":"Kentucky",
"ratings":[{"hgt":55,"stre":18,"spd":76,"jmp":33,"endu":48,"ins":38,"dnk":40,"ft":72,"fg":55,"tp":70,"diq":34,"oiq":34,"drb":33,"pss":30,"reb":32,"skills":["3"]}],
"injury":{"type":"Healthy","gamesRemaining":0}},

{"tid":-2,
"firstName":"Bruce","lastName":"Brown Jr",
"ratings":[{"hgt":40,"stre":35,"spd":82,"jmp":57,"endu":46,"ins":21,"dnk":35,"ft":62,"fg":45,"tp":70,"diq":15,"oiq":42,"drb":73,"pss":45,"reb":25,"skills":["3","B"]}],
"pos":"SG","hgt":77,"weight":190,
"born":{"year":1997,"loc":"Boston, MS"},
"imgURL":"https://i.cdn.turner.com/nba/nba/.element/img/3.0/sect/draft/2018/prospects/bruce-brown.jpg",
"contract":{"amount":830,"exp":2020},
"draft":{"round":0,"pick":0,"tid":-1,"originalTid":-1,"year":2018},
"college":"Miami (Florida)",
"injury":{"type":"Healthy","gamesRemaining":0}},

{"tid":-2,
"name":"Justin Jackson",
"ratings":[{"hgt":59,"stre":47,"spd":60,"jmp":60,"endu":41,"ins":51,"dnk":40,"ft":53,"fg":40,"tp":53,"diq":38,"oiq":41,"drb":32,"pss":31,"reb":38,"skills":[]}],
"pos":"F","hgt":82,"weight":225,
"born":{"year":1997,"loc":"East York, Canada"},
"imgURL":"https://i.cdn.turner.com/nba/nba/.element/img/3.0/sect/draft/2018/prospects/justin-jackson.jpg",
"contract":{"amount":850,"exp":2020},
"draft":{"round":0,"pick":0,"tid":-1,"originalTid":-1,"year":2018},
"college":"Maryland",
"injury":{"type":"Healthy","gamesRemaining":0}},

{"tid":-2,
"name":"Issuf Sanon",
"pos":"PG","hgt":76,"weight":185,
"born":{"year":2000,"loc":"Donetsk, Ukraine"},
"imgURL":"https://i.cdn.turner.com/nba/nba/.element/img/3.0/sect/draft/2018/prospects/Issuf-Sanon.jpg",
"contract":{"amount":830,"exp":2020},
"draft":{"round":0,"pick":0,"tid":-1,"originalTid":-1,"year":2018},
"college":"Ukraine",
"ratings":[{"hgt":37,"stre":29,"spd":57,"jmp":64,"endu":35,"ins":19,"dnk":57,"ft":67,"fg":59,"tp":61,"diq":36,"oiq":46,"drb":58,"pss":52,"reb":24,"skills":["3"]}],
"injury":{"type":"Healthy","gamesRemaining":0}},

{"tid":-2,
"name":"Hamidou Diallo",
"ratings":[{"hgt":41,"stre":37,"spd":61,"jmp":60,"endu":59,"ins":36,"dnk":50,"ft":62,"fg":33,"tp":42,"diq":34,"oiq":39,"drb":33,"pss":33,"reb":42,"skills":[]}],
"pos":"SG","hgt":77,"weight":198,
"born":{"year":1999,"loc":"Queens, NY"},
"imgURL":"https://i.cdn.turner.com/nba/nba/.element/img/3.0/sect/draft/2018/prospects/hamidou-diallo.jpg",
"contract":{"amount":830,"exp":2020},
"draft":{"round":0,"pick":0,"tid":-1,"originalTid":-1,"year":2018},
"college":"West Virginia",
"injury":{"type":"Healthy","gamesRemaining":0}},

{"tid":-2,
"name":"De'Anthony Melton",
"ratings":[{"hgt":37,"stre":25,"spd":70,"jmp":57,"endu":32,"ins":43,"dnk":48,"ft":41,"fg":61,"tp":50,"diq":33,"oiq":45,"drb":58,"pss":55,"reb":28,"skills":[]}],
"pos":"G","hgt":76,"weight":190,
"born":{"year":1998,"loc":"North Hollywood, CA"},
"imgURL":"https://i.cdn.turner.com/nba/nba/.element/img/3.0/sect/draft/2018/prospects/deanthony-melton.jpg",
"contract":{"amount":830,"exp":2020},
"draft":{"round":0,"pick":0,"tid":-1,"originalTid":-1,"year":2018},
"college":"USC",
"injury":{"type":"Healthy","gamesRemaining":0}},

{"tid":-2,
"name":"Sviatoslav Mykhailiuk",
"pos":"SG","hgt":80,"weight":210,
"imgURL":"https://ak-static.cms.nba.com/wp-content/uploads/headshots/nba/latest/260x190/1629004.png",
"born":{"year":1997,"loc":"Cherkasy, Ukraine"},"contract":{"amount":850,"exp":2020},
"draft":{"round":0,"pick":0,"tid":-1,"originalTid":-1,"year":2018},
"college":"Kansas",
"ratings":[{"hgt":53,"stre":34,"spd":76,"jmp":56,"endu":45,"ins":33,"dnk":32,"ft":73,"fg":65,"tp":55,"diq":21,"oiq":55,"drb":53,"pss":54,"reb":34}],"skills":[]},

{"tid":-2,
"name":"Keita Bates-Diop",
"ratings":[{"hgt":48,"stre":58,"spd":65,"jmp":68,"endu":52,"ins":28,"dnk":75,"ft":55,"fg":27,"tp":59,"diq":22,"oiq":31,"drb":23,"pss":34,"reb":30,"skills":[]}],
"pos":"SF","hgt":79,"weight":235,
"born":{"year":1996,"loc":"Normal, IL"},
"imgURL":"https://i.imgur.com/NSKmf7F.png",
"contract":{"amount":850,"exp":2020},
"draft":{"round":0,"pick":0,"tid":-1,"originalTid":-1,"year":2018},
"college":"Ohio State",
"injury":{"type":"Healthy","gamesRemaining":0}},

{"tid":-2,
"name":"Chimezie Metu",
"ratings":[{"hgt":61,"stre":44,"spd":50,"jmp":55,"endu":32,"ins":55,"dnk":58,"ft":55,"fg":29,"tp":0,"diq":54,"oiq":53,"drb":20,"pss":32,"reb":68,"skills":["R"]}],
"pos":"PF","hgt":82,"weight":219,
"born":{"year":1997,"loc":"Los Angeles, CA"},
"imgURL":"https://i.cdn.turner.com/nba/nba/.element/img/3.0/sect/draft/2018/prospects/chimezie-metu.jpg",
"contract":{"amount":850,"exp":2020},
"draft":{"round":0,"pick":0,"tid":-1,"originalTid":-1,"year":2018},
"college":"USC",
"injury":{"type":"Healthy","gamesRemaining":0}},

{"tid":-2,
"name":"Alize Johnson",
"pos":"F","hgt":81,"weight":201,
"born":{"year":1996,"loc":"Williamsport, PA"},
"imgURL":"https://i.cdn.turner.com/nba/nba/.element/img/3.0/sect/draft/2018/prospects/alize-johnson.jpg",
"contract":{"amount":830,"exp":2020},
"draft":{"round":0,"pick":0,"tid":-1,"originalTid":-1,"year":2018},
"college":"Missouri State",
"ratings":[{"hgt":56,"stre":54,"spd":55,"jmp":52,"endu":36,"ins":48,"dnk":55,"ft":53,"fg":51,"tp":10,"diq":52,"oiq":45,"drb":12,"pss":22,"reb":61,"skills":[]}],
"injury":{"type":"Healthy","gamesRemaining":0}},

{"tid":-2,
"name":"Tony Carr",
"ratings":[{"hgt":41,"stre":39,"spd":58,"jmp":55,"endu":45,"ins":26,"dnk":58,"ft":31,"fg":36,"tp":45,"diq":38,"oiq":44,"drb":50,"pss":57,"reb":20,"skills":[]}],
"pos":"G","hgt":77,"weight":200,
"born":{"year":1998,"loc":"Philadelphia, PA"},
"imgURL":"https://i.cdn.turner.com/nba/nba/.element/img/3.0/sect/draft/2018/prospects/tony-carr.jpg",
"contract":{"amount":830,"exp":2020},
"draft":{"round":0,"pick":0,"tid":-1,"originalTid":-1,"year":2018},
"college":"Penn State",
"injury":{"type":"Healthy","gamesRemaining":0}},

{"tid":-2,
"name":"Vincent Edwards",
"ratings":[{"hgt":52,"stre":44,"spd":61,"jmp":71,"endu":36,"ins":48,"dnk":36,"ft":43,"fg":56,"tp":37,"diq":49,"oiq":32,"drb":31,"pss":27,"reb":50,"skills":[]}],
"pos":"SF","hgt":80,"weight":225,
"born":{"year":1996,"loc":"Hobbs, NM"},
"imgURL":"https://i.cdn.turner.com/nba/nba/.element/img/3.0/sect/draft/2018/prospects/vincent-edwards.jpg",
"contract":{"amount":850,"exp":2020},
"draft":{"round":0,"pick":0,"tid":-1,"originalTid":-1,"year":2018},
"college":"Purdue",
"injury":{"type":"Healthy","gamesRemaining":0}},

{"tid":-2,
"name":"Devon Hall",
"pos":"SG","hgt":78,"weight":206,
"born":{"year":1996,"loc":"Virginia Beach, VA"},
"imgURL":"https://i.cdn.turner.com/nba/nba/.element/img/3.0/sect/draft/2018/prospects/devon-hall.jpg",
"contract":{"amount":830,"exp":2020},
"draft":{"round":0,"pick":0,"tid":-1,"originalTid":-1,"year":2018},
"college":"Virginia",
"ratings":[{"hgt":44,"stre":15,"spd":64,"jmp":59,"endu":50,"ins":38,"dnk":61,"ft":72,"fg":63,"tp":55,"diq":37,"oiq":48,"drb":50,"pss":50,"reb":21,"skills":[]}],
"injury":{"type":"Healthy","gamesRemaining":0}},

{"tid":-2,
"name":"Shake Milton",
"ratings":[{"hgt":44,"stre":26,"spd":58,"jmp":65,"endu":44,"ins":24,"dnk":48,"ft":62,"fg":51,"tp":55,"diq":31,"oiq":47,"drb":47,"pss":42,"reb":19,"skills":[]}],
"pos":"PG","hgt":78,"weight":205,
"born":{"year":1997,"loc":"Compton, CA"},
"imgURL":"https://i.cdn.turner.com/nba/nba/.element/img/3.0/sect/draft/2018/prospects/shake-milton.jpg",
"contract":{"amount":830,"exp":2020},
"draft":{"round":0,"pick":0,"tid":-1,"originalTid":-1,"year":2018},
"college":"Southern Methodist",
"injury":{"type":"Healthy","gamesRemaining":0}},

{"tid":-2,
"name":"Arnoldas Kulboka",
"ratings":[{"hgt":58,"stre":40,"spd":60,"jmp":60,"endu":58,"ins":25,"dnk":54,"ft":77,"fg":61,"tp":58,"diq":30,"oiq":47,"drb":35,"pss":25,"reb":25,"skills":[]}],
"pos":"SF","hgt":82,"weight":220,
"born":{"year":1998,"loc":"Marijampolė, Lithuania"},
"imgURL":"https://i.cdn.turner.com/nba/nba/.element/img/3.0/sect/draft/2018/prospects/Arnoldas-Kulboka.jpg",
"contract":{"amount":830,"exp":2020},
"draft":{"round":0,"pick":0,"tid":-1,"originalTid":-1,"year":2018},
"college":"Lithuania",
"injury":{"type":"Healthy","gamesRemaining":0}},

{"tid":-2,
"name":"Ray Spalding",
"pos":"PF","hgt":82,"weight":225,
"born":{"year":1997,"loc":"Atlanta, GA"},
"imgURL":"https://i.cdn.turner.com/nba/nba/.element/img/3.0/sect/draft/2018/prospects/ray-spalding.jpg",
"contract":{"amount":850,"exp":2020},
"draft":{"round":0,"pick":0,"tid":-1,"originalTid":-1,"year":2018},
"college":"Louisville",
"ratings":[{"hgt":59,"stre":58,"spd":55,"jmp":58,"endu":42,"ins":62,"dnk":72,"ft":58,"fg":50,"tp":5,"diq":45,"oiq":44,"drb":24,"pss":38,"reb":71,"skills":[]}],
"injury":{"type":"Healthy","gamesRemaining":0}},

{"tid":-2,
"name":"Kevin Hervey",
"ratings":[{"hgt":52,"stre":46,"spd":58,"jmp":59,"endu":49,"ins":33,"dnk":57,"ft":61,"fg":37,"tp":61,"diq":32,"oiq":45,"drb":38,"pss":25,"reb":24,"skills":["3"]}],
"pos":"SF","hgt":80,"weight":211,
"born":{"year":1997,"loc":"Buffalo, NY"},
"imgURL":"https://i.cdn.turner.com/nba/nba/.element/img/3.0/sect/draft/2018/prospects/kevin-hervey.jpg",
"contract":{"amount":830,"exp":2020},
"draft":{"round":0,"pick":0,"tid":-1,"originalTid":-1,"year":2018},
"college":"Marquette",
"injury":{"type":"Healthy","gamesRemaining":0}},

{"tid":-2,
"name":"Thomas Welsh",
"ratings":[{"hgt":67,"stre":65,"spd":27,"jmp":25,"endu":52,"ins":38,"dnk":27,"ft":65,"fg":61,"tp":40,"diq":51,"oiq":26,"drb":24,"pss":24,"reb":52,"skills":[]}],
"pos":"C","hgt":84,"weight":255,
"born":{"year":1996,"loc":"Torrance, CA"},
"imgURL":"https://i.cdn.turner.com/nba/nba/.element/img/3.0/sect/draft/2018/prospects/thomas-welsh.jpg",
"contract":{"amount":830,"exp":2020},
"draft":{"round":0,"pick":0,"tid":-1,"originalTid":-1,"year":2018},
"college":"UCLA",
"injury":{"type":"Healthy","gamesRemaining":0}},

{"tid":-2,
"name":"George King",
"ratings":[{"hgt":44,"stre":38,"spd":61,"jmp":67,"endu":51,"ins":43,"dnk":58,"ft":41,"fg":50,"tp":58,"diq":44,"oiq":43,"drb":38,"pss":31,"reb":48,"skills":[]}],
"pos":"SF","hgt":78,"weight":225,
"born":{"year":1994,"loc":"Fayetteville, NC"},
"imgURL":"https://i.cdn.turner.com/nba/nba/.element/img/3.0/sect/draft/2018/prospects/george-king.jpg",
"contract":{"amount":830,"exp":2020},
"draft":{"round":0,"pick":0,"tid":-1,"originalTid":-1,"year":2018},
"college":"Colorado",
"injury":{"type":"Healthy","gamesRemaining":0}},

{"tid":-2,
"name":"Kostas Antetokounmpo",
"ratings":[{"hgt":60,"stre":26,"spd":65,"jmp":60,"endu":24,"ins":28,"dnk":32,"ft":62,"fg":42,"tp":44,"diq":40,"oiq":32,"drb":33,"pss":34,"reb":34,"skills":[]}],
"pos":"SF","hgt":82,"weight":195,
"born":{"year":1998,"loc":"Athens, Greece"},
"imgURL":"https://i.cdn.turner.com/nba/nba/.element/img/3.0/sect/draft/2018/prospects/kostas-antetokounmpo.jpg",
"contract":{"amount":850,"exp":2020},
"draft":{"round":0,"pick":0,"tid":-1,"originalTid":-1,"year":2018},
"college":"Dayton",
"injury":{"type":"Healthy","gamesRemaining":0}},

{"tid":-2,
"name":"Malik Newman",
"pos":"SG","hgt":76,"weight":185,
"imgURL":"https://ak-static.cms.nba.com/wp-content/uploads/headshots/nba/latest/260x190/1629005.png",
"born":{"year":1997,"loc":"Jackson, MS"},
"contract":{"amount":850,"exp":2019},
"draft":{"round":0,"pick":0,"tid":-1,"originalTid":-1,"year":2018},
"college":"Mississippi State",
"ratings":[{"hgt":38,"stre":34,"spd":74,"jmp":70,"endu":44,"ins":34,"dnk":32,"ft":45,"fg":52,"tp":56,"diq":32,"oiq":45,"drb":48,"pss":39,"reb":33}],"skills":[]},

{"tid":-2,
"name":"Trevon Duval",
"ratings":[{"hgt":33,"stre":29,"spd":73,"jmp":75,"endu":59,"ins":26,"dnk":57,"ft":31,"fg":55,"tp":58,"diq":41,"oiq":40,"drb":61,"pss":62,"reb":28,"skills":[]}],
"pos":"PG","hgt":75,"weight":191,
"born":{"year":1999,"loc":"New Castle, DE"},
"imgURL":"http://a.espncdn.com/combiner/i?img=/i/headshots/recruiting/ncb/players/full/190886.png",
"contract":{"amount":850,"exp":2019},
"draft":{"round":0,"pick":0,"tid":-1,"originalTid":-1,"year":2018},
"college":"IMG Academy",
"injury":{"type":"Healthy","gamesRemaining":0}},

{"tid":-2,
"name":"Allonzo Trier",
"ratings":[{"hgt":33,"stre":42,"spd":71,"jmp":70,"endu":39,"ins":27,"dnk":58,"ft":67,"fg":55,"tp":58,"diq":28,"oiq":47,"drb":57,"pss":50,"reb":13,"skills":[]}],
"pos":"SG","hgt":75,"weight":198,
"born":{"year":1996,"loc":"Lepanto, AR"},
"imgURL":" https://i.imgur.com/0QVsFK9.png",
"contract":{"amount":850,"exp":2019},
"draft":{"round":0,"pick":0,"tid":-1,"originalTid":-1,"year":2018},
"college":"Arizona",
"injury":{"type":"Healthy","gamesRemaining":0}},

{"tid":-2,
"name":"Wenyen Gabriel",
"ratings":[{"hgt":57,"stre":42,"spd":63,"jmp":69,"endu":50,"ins":56,"dnk":57,"ft":43,"fg":49,"tp":61,"diq":26,"oiq":31,"drb":31,"pss":27,"reb":30,"skills":[]}],
"pos":"F","hgt":81,"weight":200,
"born":{"year":1997,"loc":"Manchester, NH"},
"imgURL":"http://a.espncdn.com/combiner/i?img=/i/headshots/recruiting/ncb/players/full/207402.png&w=350&h=254",
"contract":{"amount":850,"exp":2019},
"draft":{"round":0,"pick":0,"tid":-1,"originalTid":-1,"year":2018},
"college":"Kentucky",
"injury":{"type":"Healthy","gamesRemaining":0}},

{"tid":-2,
"name":"Rawle Alkins",
"ratings":[{"hgt":36,"stre":57,"spd":65,"jmp":63,"endu":54,"ins":33,"dnk":63,"ft":36,"fg":54,"tp":40,"diq":35,"oiq":49,"drb":33,"pss":34,"reb":38,"skills":[]}],
"pos":"SG","hgt":76,"weight":220,
"born":{"year":1998,"loc":"Middle Village, NY"},
"imgURL":"http://a.espncdn.com/combiner/i?img=/i/headshots/recruiting/ncb/players/full/182370.png",
"contract":{"amount":850,"exp":2019},
"draft":{"round":0,"pick":0,"tid":-1,"originalTid":-1,"year":2018},
"college":"Arizona",
"injury":{"type":"Healthy","gamesRemaining":0}},

{"tid":-2,
"name":"Malik Pope",
"pos":"SF","hgt":81,"weight":210,
"imgURL":"http://i.imgur.com/XIKgN54.png",
"born":{"year":1997,"loc":"Elk Grove, CA"},"contract":{"amount":850,"exp":2019},"draft":{"round":0,"pick":0,"tid":-1,"originalTid":-1,"year":2018},
"college":"San Diego State",
"ratings":[{"hgt":59,"stre":47,"spd":59,"jmp":70,"endu":56,"ins":37,"dnk":62,"ft":69,"fg":41,"tp":30,"diq":47,"oiq":39,"drb":23,"pss":34,"reb":64}],"skills":[]},

{"tid":-2,
"name":"E.C. Matthews",
"pos":"G","hgt":77,"weight":190,
"imgURL":"http://a.espncdn.com/combiner/i?img=/i/headshots/recruiting/ncb/players/full/124632.png",
"born":{"year":1996,"loc":"Romulus, MI"},"contract":{"amount":850,"exp":2018},
"draft":{"round":0,"pick":0,"tid":-1,"originalTid":-1,"year":2018},
"college":"Rhode Island",
"ratings":[{"hgt":43,"stre":46,"spd":67,"jmp":52,"endu":42,"ins":26,"dnk":53,"ft":63,"fg":34,"tp":53,"diq":43,"oiq":40,"drb":62,"pss":62,"reb":43}],"skills":[]},

{"tid":-2,
"name":"J.P. Macura",
"ratings":[{"hgt":41,"stre":34,"spd":53,"jmp":48,"endu":39,"ins":26,"dnk":52,"ft":60,"fg":60,"tp":60,"diq":35,"oiq":49,"drb":41,"pss":48,"reb":21,"skills":["3"]}],
"pos":"SG","hgt":77,"weight":203,
"born":{"year":1995,"loc":"Lakeville, MN"},
"imgURL":"https://i.imgur.com/33vO2HS.png",
"contract":{"amount":850,"exp":2019},
"draft":{"round":0,"pick":0,"tid":-1,"originalTid":-1,"year":2018},
"college":"Xavier",
"injury":{"type":"Healthy","gamesRemaining":0}},

{"tid":-2,
"name":"Terry Larrier",
"ratings":[{"hgt":52,"stre":35,"spd":62,"jmp":62,"endu":32,"ins":45,"dnk":66,"ft":50,"fg":53,"tp":41,"diq":35,"oiq":40,"drb":41,"pss":40,"reb":24,"skills":[]}],
"pos":"GF","hgt":80,"weight":200,
"born":{"year":1996,"loc":"Bronx, NY"},
"imgURL":"http://a.espncdn.com/combiner/i?img=/i/headshots/recruiting/ncb/players/full/168631.png",
"contract":{"amount":850,"exp":2019},
"draft":{"round":0,"pick":0,"tid":-1,"originalTid":-1,"year":2018},
"college":"Connecticut",
"injury":{"type":"Healthy","gamesRemaining":0}},

{"tid":-2,
"name":"LiAngelo Ball",
"ratings":[{"hgt":42,"stre":26,"spd":63,"jmp":47,"endu":53,"ins":28,"dnk":34,"ft":55,"fg":46,"tp":65,"diq":16,"oiq":36,"drb":50,"pss":29,"reb":12,"skills":[]}],
"pos":"SG","hgt":77,"weight":220,
"born":{"year":1999,"loc":"Chino Hills, CA"},
"imgURL":"http://a.espncdn.com/combiner/i?img=/i/headshots/recruiting/ncb/players/190/188985.jpg",
"contract":{"amount":850,"exp":2019},
"draft":{"round":0,"pick":0,"tid":-1,"originalTid":-1,"year":2018},
"college":"UCLA",
"injury":{"type":"Healthy","gamesRemaining":0}}

]}