{"startingSeason":2016,
"players":[
{"tid":-2,
"name":"Ben Simmons",
"pos":"F","hgt":82,"weight":230,
"born":{"year":1996,"loc":"Melbourne, Australia"},
"imgURL":"http://fr.global.nba.com/photos/draft/2016/ben_simmons.jpg",
"ratings":[{"hgt":82,"stre":72,"spd":69,"jmp":82,"endu":70,"ins":66,"dnk":77,"ft":73,"fg":69,"tp":20,"blk":56,"stl":46,"drb":57,"pss":64,"reb":71,"pot":81,"skills":[]}],
"contract":{"amount":4753,"exp":2020},
"draft":{"round":0,"pick":0,"tid":-1,"originalTid":-1,"year":2016},
"college":"LSU",
"injury":{"type":"Healthy","gamesRemaining":0}},

{"tid":-2,
"name":"Brandon Ingram",
"pos":"SF","hgt":81,"weight":195,
"imgURL":"http://a.espncdn.com/combiner/i?img=/i/headshots/recruiting/ncb/players/full/146796.png&w=350&h=254",
"born":{"year":1997,"loc":"Kinston, NC"},"contract":{"amount":"4252","exp":"2020"},"draft":{"round":0,"pick":0,"tid":-1,"originalTid":-1,"year":"2016"},
"college":"Duke",
"ratings":[{"hgt":75,"stre":20,"spd":67,"jmp":78,"endu":54,"ins":46,"dnk":67,"ft":62,"fg":73,"tp":61,"blk":74,"stl":55,"drb":52,"pss":45,"reb":65,"pot":80}],"skills":[]},

{"tid":-2,
"name":"Jaylen Brown",
"pos":"SF","hgt":79,"weight":193,
"born":{"year":1996,"loc":"Marietta, GA"},
"imgURL":"http://a.espncdn.com/combiner/i?img=/i/headshots/recruiting/ncb/players/full/146799.png&w=350&h=254",
"contract":{"amount":3819,"exp":2020},
"draft":{"round":0,"pick":0,"tid":-1,"originalTid":-1,"year":2016},
"college":"California",
"ratings":[{"hgt":54,"stre":48,"spd":86,"jmp":85,"endu":62,"ins":33,"dnk":69,"ft":78,"fg":55,"tp":30,"blk":12,"stl":23,"drb":60,"pss":52,"reb":14,"pot":71,"skills":["3"]}],
"injury":{"type":"Healthy","gamesRemaining":0}},

{"tid":-2,
"name":"Dragan Bender",
"pos":"C","hgt":84,"weight":215,
"imgURL":"http://i.imgur.com/wqIkO9x.png",
"born":{"year":1997,"loc":"Capljina, Bosnia and Herzegovina"},
"contract":{"amount":"3443","exp":"2020"},"draft":{"round":0,"pick":0,"tid":-1,"originalTid":-1,"year":"2016"},
"college":"Croatia",
"ratings":[{"hgt":87,"stre":56,"spd":57,"jmp":63,"endu":37,"ins":45,"dnk":57,"ft":54,"fg":33,"tp":0,"blk":63,"stl":27,"drb":22,"pss":24,"reb":67,"pot":75}],"skills":[]},

{"tid":-2,
"name":"Kris Dunn",
"pos":"PG","hgt":76,"weight":205,
"imgURL":"http://a.espncdn.com/combiner/i?img=/i/headshots/recruiting/ncb/players/full/110410.png&w=350&h=254",
"born":{"year":1994,"loc":"New London, CT"},"contract":{"amount":"3118","exp":"2020"},"draft":{"round":0,"pick":0,"tid":-1,"originalTid":-1,"year":"2016"},
"college":"Providence",
"ratings":[{"hgt":38,"stre":36,"spd":82,"jmp":63,"endu":63,"ins":21,"dnk":61,"ft":33,"fg":60,"tp":77,"blk":15,"stl":40,"drb":69,"pss":65,"reb":13,"pot":62}],"skills":[]},

{"tid":-2,
"name":"Buddy Hield",
"ratings":[{"hgt":28,"stre":38,"spd":76,"jmp":62,"endu":61,"ins":28,"dnk":65,"ft":69,"fg":68,"tp":67,"blk":14,"stl":40,"drb":42,"pss":40,"reb":31,"pot":68,"skills":[]}],
"pos":"SG","hgt":76,"weight":215,
"born":{"year":1993,"loc":"Freeport, Bahamas"},
"imgURL":"http://fr.global.nba.com/photos/draft/2016/buddy_hield.jpg",
"contract":{"amount":"2832","exp":"2020"},
"draft":{"round":0,"pick":0,"tid":-1,"originalTid":-1,"year":2016},
"college":"Oklahoma",
"injury":{"type":"Healthy","gamesRemaining":0}},

{"tid":-2,
"name":"Jamal Murray",
"pos":"G","hgt":76,"weight":205,
"imgURL":"http://i.cdn.turner.com/nba/nba/.element/img/3.0/sect/draft/2016/prospects/murray_jamal.jpg",
"born":{"year":1997,"loc":"Kitchner, Canada"},"contract":{"amount":"2585","exp":"2020"},"draft":{"round":0,"pick":0,"tid":-1,"originalTid":-1,"year":"2016"},
"college":"Kentucky",
"ratings":[{"hgt":47,"stre":43,"spd":73,"jmp":56,"endu":43,"ins":32,"dnk":64,"ft":56,"fg":54,"tp":43,"blk":23,"stl":45,"drb":74,"pss":64,"reb":43,"pot":62}],"skills":[]},

{"tid":-2,
"name":"Marquese Chriss",
"ratings":[{"hgt":71,"stre":63,"spd":58,"jmp":66,"endu":49,"ins":80,"dnk":60,"ft":43,"fg":60,"tp":0,"blk":38,"stl":26,"drb":14,"pss":19,"reb":71,"pot":59,"skills":[]}],
"pos":"PF","hgt":81,"weight":235,
"born":{"year":1997,"loc":"Sacramento, CA"},
"imgURL":"http://image.cdnllnwnl.xosnetwork.com/pics33/400/VT/VTJLIWNBOJINSZA.20150629035322.jpg",
"contract":{"amount":2368,"exp":2020},
"draft":{"round":0,"pick":0,"tid":-1,"originalTid":-1,"year":2016},
"college":"Washington",
"injury":{"type":"Healthy","gamesRemaining":0}},

{"tid":-2,
"name":"Jakob Poeltl",
"pos":"C","hgt":85,"weight":240,
"imgURL":"http://content.draftexpress.com/headshots/jakobpoeltl.jpg",
"born":{"year":1995,"loc":"Vienna, Austria"},"contract":{"amount":"2253","exp":"2020"},"draft":{"round":0,"pick":0,"tid":-1,"originalTid":-1,"year":"2016"},
"college":"Utah",
"ratings":[{"hgt":90,"stre":64,"spd":40,"jmp":27,"endu":31,"ins":56,"dnk":54,"ft":43,"fg":42,"tp":10,"blk":54,"stl":40,"drb":45,"pss":32,"reb":65,"pot":54}],"skills":[]},

{"tid":-2,
"name":"Thon Maker",
"ratings":[{"hgt":93,"stre":31,"spd":56,"jmp":66,"endu":31,"ins":47,"dnk":39,"ft":40,"fg":28,"tp":0,"blk":50,"stl":34,"drb":10,"pss":29,"reb":59,"pot":63,"skills":[]}],
"pos":"FC","hgt":85,"weight":220,
"born":{"year":1997,"loc":"Sydney, Australia"},
"imgURL":"http://a.espncdn.com/combiner/i?img=/i/headshots/recruiting/ncb/players/full/172416.png&w=350&h=254",
"contract":{"amount":2140,"exp":2020},
"draft":{"round":0,"pick":0,"tid":-1,"originalTid":-1,"year":2016},
"college":"Australia",
"injury":{"type":"Healthy","gamesRemaining":0}},

{"tid":-2,
"name":"Domantas Sabonis","pos":"PF","hgt":82,"weight":240,
"imgURL":"http://content.draftexpress.com/headshots/domantassabonis.jpg",
"born":{"year":1996,"loc":"Portland, OR"},
"contract":{"amount":"1964","exp":"2020"},"draft":{"round":0,"pick":0,"tid":-1,"originalTid":-1,"year":"2016"},
"college":"Gonzaga",
"ratings":[{"hgt":79,"stre":66,"spd":54,"jmp":55,"endu":53,"ins":56,"dnk":55,"ft":60,"fg":37,"tp":32,"blk":54,"stl":34,"drb":43,"pss":45,"reb":69,"pot":58}],"skills":[]},

{"tid":-2,
"name":"Taurean Prince",
"pos":"SF","hgt":79,"weight":215,
"imgURL":"http://i.imgur.com/Fp8OO7q.png",
"born":{"year":1994,"loc":"San Antonio, TX"},"contract":{"amount":"1931","exp":"2020"},"draft":{"round":0,"pick":0,"tid":-1,"originalTid":-1,"year":"2016"},
"college":"Baylor",
"ratings":[{"hgt":57,"stre":57,"spd":54,"jmp":34,"endu":43,"ins":55,"dnk":44,"ft":45,"fg":44,"tp":43,"blk":44,"stl":33,"drb":44,"pss":65,"reb":73,"pot":53}],"skills":[]},

{"tid":-2,
"name":"Georgios Papagiannis",
"ratings":[{"hgt":95,"stre":84,"spd":32,"jmp":49,"endu":35,"ins":66,"dnk":57,"ft":72,"fg":47,"tp":0,"blk":72,"stl":39,"drb":19,"pss":22,"reb":78,"pot":54,"skills":[]}],
"pos":"C","hgt":86,"weight":275,
"born":{"year":1997,"loc":"Marousi, Greece"},
"imgURL":"http://i.imgur.com/gES1RmF.png",
"contract":{"amount":1835,"exp":2020},
"draft":{"round":0,"pick":0,"tid":-1,"originalTid":-1,"year":2016},
"college":"Greece",
"injury":{"type":"Healthy","gamesRemaining":0}},

{"tid":-2,
"name":"Denzel Valentine",
"pos":"SG","hgt":78,"weight":223,
"born":{"year":1993,"loc":"Lansing, MI"},
"imgURL":"http://a.espncdn.com/combiner/i?img=/i/headshots/recruiting/ncb/players/full/67488.png&w=350&h=254",
"contract":{"amount":1743,"exp":2020},
"draft":{"round":0,"pick":0,"tid":-1,"originalTid":-1,"year":2016},
"college":"Michigan State",
"ratings":[{"hgt":50,"stre":41,"spd":68,"jmp":67,"endu":39,"ins":21,"dnk":62,"ft":61,"fg":56,"tp":40,"blk":28,"stl":58,"drb":38,"pss":42,"reb":20,"pot":57,"skills":[]}],
"injury":{"type":"Healthy","gamesRemaining":0}},

{"tid":-2,
"name":"Juan Hernangomez",
"ratings":[{"hgt":71,"stre":38,"spd":63,"jmp":66,"endu":39,"ins":38,"dnk":54,"ft":55,"fg":58,"tp":46,"blk":29,"stl":42,"drb":43,"pss":45,"reb":55,"pot":59,"skills":[]}],
"pos":"F","hgt":81,"weight":220,
"born":{"year":1995,"loc":"Madrid, Spain"},
"imgURL":"http://i.imgur.com/cU1Kk7P.png",
"contract":{"amount":1656,"exp":2020},
"draft":{"round":0,"pick":0,"tid":-1,"originalTid":-1,"year":2016},
"college":"Spain",
"injury":{"type":"Healthy","gamesRemaining":0}},

{"tid":-2,
"name":"Guerschon Yabusele",
"pos":"FC","hgt":80,"weight":260,
"imgURL":"http://a.espncdn.com/combiner/i?img=/i/headshots/nba/players/full/4017844.png",
"born":{"year":1995,"loc":"Dreux, France"},"contract":{"amount":"1573","exp":"2020"},
"draft":{"round":0,"pick":0,"tid":-1,"originalTid":-1,"year":"2016"},
"college":"France",
"ratings":[{"hgt":67,"stre":80,"spd":64,"jmp":74,"endu":54,"ins":50,"dnk":50,"ft":54,"fg":35,"tp":0,"blk":51,"stl":44,"drb":30,"pss":33,"reb":45,"pot":59}],"skills":[]},

{"tid":-2,
"name":"Wade Baldwin",
"ratings":[{"hgt":29,"stre":48,"spd":70,"jmp":71,"endu":52,"ins":21,"dnk":67,"ft":50,"fg":55,"tp":49,"blk":4,"stl":52,"drb":67,"pss":59,"reb":21,"pot":55,"skills":[]}],
"pos":"G","hgt":75,"weight":195,
"born":{"year":1996,"loc":"Metuchen, NJ"},
"imgURL":"https://usathoopshype.files.wordpress.com/2016/05/i_12_cd_30_wade-baldwin.jpg",
"contract":{"amount":1494,"exp":2020},
"draft":{"round":0,"pick":0,"tid":-1,"originalTid":-1,"year":2016},
"college":"Vanderbilt",
"injury":{"type":"Healthy","gamesRemaining":0}},

{"tid":-2,
"name":"Henry Ellenson",
"pos":"PF","hgt":82,"weight":245,
"imgURL":"https://ct.yimg.com/mr/IMAGES/PROSPECT/PHOTO/HENRY_ELLENSON-140520-PRO.JPG",
"born":{"year":1997,"loc":"Rice Lake, WI"},"contract":{"amount":"1420","exp":"2020"},"draft":{"round":0,"pick":0,"tid":-1,"originalTid":-1,"year":2016},
"college":"Marquette",
"ratings":[{"hgt":66,"stre":59,"spd":45,"jmp":67,"endu":58,"ins":54,"dnk":48,"ft":56,"fg":63,"tp":67,"blk":64,"stl":53,"drb":32,"pss":45,"reb":66,"pot":59}],"skills":[]},

{"tid":-2,
"name":"Malik Beasley",
"ratings":[{"hgt":43,"stre":25,"spd":81,"jmp":77,"endu":46,"ins":28,"dnk":63,"ft":62,"fg":59,"tp":71,"blk":28,"stl":42,"drb":50,"pss":31,"reb":32,"pot":55,"skills":[]}],
"pos":"SG","hgt":77,"weight":190,
"born":{"year":1996,"loc":"Alpharetta, GA"},
"imgURL":"http://a.espncdn.com/combiner/i?img=/i/headshots/recruiting/ncb/players/full/198269.png",
"contract":{"amount":1356,"exp":2019},
"draft":{"round":0,"pick":0,"tid":-1,"originalTid":-1,"year":2016},
"college":"Florida State",
"injury":{"type":"Healthy","gamesRemaining":0}},

{"tid":-2,
"name":"Caris LeVert",
"pos":"SG","hgt":78,"weight":185,
"born":{"year":1994,"loc":"Columbus, OH"},
"imgURL":"http://www.mikedesimone.com/mb14/players/levert.jpg",
"ratings":[{"hgt":47,"stre":30,"spd":67,"jmp":69,"endu":54,"ins":28,"dnk":32,"ft":66,"fg":65,"tp":71,"blk":15,"stl":40,"drb":45,"pss":32,"reb":19,"pot":54,"skills":[]}],
"contract":{"amount":1301,"exp":2020},
"draft":{"round":0,"pick":0,"tid":-1,"originalTid":-1,"year":2016},
"college":"Michigan",
"injury":{"type":"Healthy","gamesRemaining":0}},

{"tid":-2,
"name":"DeAndre Bembry",
"ratings":[{"hgt":43,"stre":29,"spd":79,"jmp":73,"endu":51,"ins":18,"dnk":58,"ft":61,"fg":54,"tp":50,"blk":11,"stl":56,"drb":42,"pss":42,"reb":18,"pot":55,"skills":[]}],
"pos":"GF","hgt":77,"weight":205,
"born":{"year":1994,"loc":"Charlotte, NC"},
"imgURL":"http://image.cdnllnwnl.xosnetwork.com/pics33/200/TU/TUSMAPXVWCXCMBO.20150929150243.jpg",
"contract":{"amount":1250,"exp":2020},
"draft":{"round":0,"pick":0,"tid":-1,"originalTid":-1,"year":2016},
"college":"St. Joseph's",
"injury":{"type":"Healthy","gamesRemaining":0}},

{"tid":-2,
"name":"Malachi Richardson",
"ratings":[{"hgt":50,"stre":18,"spd":71,"jmp":57,"endu":50,"ins":25,"dnk":32,"ft":95,"fg":69,"tp":40,"blk":10,"stl":46,"drb":70,"pss":50,"reb":9,"pot":55,"skills":[]}],
"pos":"GF","hgt":78,"weight":200,
"born":{"year":1996,"loc":"Hamilton Township, NJ"},
"imgURL":"http://i.imgur.com/MYjgFGr.png",
"contract":{"amount":1200,"exp":2020},
"draft":{"round":0,"pick":0,"tid":-1,"originalTid":-1,"year":2016},
"awards":[{"season":2016,"type":"Rookie of the Year"}],
"college":"Syracuse",
"injury":{"type":"Healthy","gamesRemaining":0}},

{"tid":-2,
"name":"Ante Zizic",
"ratings":[{"hgt":85,"stre":55,"spd":31,"jmp":57,"endu":50,"ins":60,"dnk":55,"ft":62,"fg":22,"tp":0,"blk":59,"stl":46,"drb":35,"pss":40,"reb":65,"pot":55,"skills":[]}],
"pos":"C","hgt":83,"weight":240,
"born":{"year":1997,"loc":"Split, Croatia"},
"imgURL":"http://i.imgur.com/FUrHH1g.png",
"contract":{"amount":1151,"exp":2020},
"draft":{"round":0,"pick":0,"tid":-1,"originalTid":-1,"year":2016},
"college":"Croatia",
"injury":{"type":"Healthy","gamesRemaining":0}},

{"tid":-2,
"name":"Timothe Luwawu",
"pos":"GF","hgt":78,"weight":205,
"born":{"year":1993,"loc":"Cannes, France"},
"imgURL":"http://www.codesport06.com/uploads/picture/file/2229/preview_thumb_luwawu.jpg",
"contract":{"amount":1105,"exp":2020},
"draft":{"round":0,"pick":0,"tid":-1,"originalTid":-1,"year":2016},
"college":"France",
"ratings":[{"hgt":51,"stre":30,"spd":76,"jmp":72,"endu":56,"ins":34,"dnk":57,"ft":66,"fg":46,"tp":58,"blk":16,"stl":39,"drb":47,"pss":42,"reb":30,"pot":58,"skills":[]}],
"injury":{"type":"Healthy","gamesRemaining":0}},

{"tid":-2,
"name":"Brice Johnson","pos":"PF","hgt":81,"weight":225,
"imgURL":"http://content.draftexpress.com/headshots/bricejohnson.jpg",
"born":{"year":1994,"loc":"Cordova, SC"},"contract":{"amount":"1061","exp":"2020"},"draft":{"round":0,"pick":0,"tid":-1,"originalTid":-1,"year":"2016"},
"college":"North Carolina",
"ratings":[{"hgt":71,"stre":52,"spd":60,"jmp":68,"endu":52,"ins":53,"dnk":57,"ft":62,"fg":32,"tp":22,"blk":56,"stl":34,"drb":37,"pss":42,"reb":56,"pot":53}],"skills":[]},

{"tid":-2,
"name":"Furkan Korkmaz","pos":"SG","hgt":79,"weight":175,
"imgURL":"http://i.imgur.com/6nwoWQ3.png",
"born":{"year":1997,"loc":"Bakirkoy, Turkey"},"contract":{"amount":"1026","exp":"2020"},"draft":{"round":0,"pick":0,"tid":-1,"originalTid":-1,"year":"2016"},
"college":"Turkey",
"ratings":[{"hgt":54,"stre":28,"spd":62,"jmp":32,"endu":41,"ins":33,"dnk":43,"ft":54,"fg":44,"tp":43,"blk":43,"stl":33,"drb":43,"pss":43,"reb":54,"pot":63}],"skills":[]},

{"tid":-2,
"name":"Pascal Siakam",
"ratings":[{"hgt":71,"stre":66,"spd":49,"jmp":67,"endu":46,"ins":56,"dnk":67,"ft":30,"fg":31,"tp":0,"blk":54,"stl":32,"drb":22,"pss":35,"reb":60,"pot":52,"skills":[]}],
"pos":"PF","hgt":81,"weight":230,
"born":{"year":1994,"loc":"Douala, Cameroon"},
"imgURL":"http://i.imgur.com/LXXFsmK.png",
"contract":{"amount":996,"exp":2020},
"draft":{"round":0,"pick":0,"tid":-1,"originalTid":-1,"year":2016},
"college":"New Mexico State",
"injury":{"type":"Healthy","gamesRemaining":0}},

{"tid":-2,
"name":"Skal Labissiere",
"pos":"FC","hgt":84,"weight":215,
"imgURL":"http://media.kentucky.com/smedia/2014/11/13/22/11/16eBug.AuSt.79.jpeg",
"born":{"year":1996,"loc":"Port-au-Prince, Haiti"},"contract":{"amount":"990","exp":"2020"},"draft":{"round":0,"pick":0,"tid":-1,"originalTid":-1,"year":"2016"},
"college":"Kentucky",
"ratings":[{"hgt":90,"stre":50,"spd":56,"jmp":74,"endu":52,"ins":55,"dnk":62,"ft":55,"fg":46,"tp":4,"blk":71,"stl":35,"drb":27,"pss":39,"reb":62,"pot":56}],"skills":[]},

{"tid":-2,
"name":"Dejounte Murray",
"pos":"G","hgt":77,"weight":170,
"imgURL":"http://a.espncdn.com/combiner/i?img=/i/headshots/recruiting/ncb/players/full/172533.png&w=350&h=254",
"born":{"year":1996,"loc":"Seattle, WA"},"contract":{"amount":"983","exp":"2020"},"draft":{"round":0,"pick":0,"tid":-1,"originalTid":-1,"year":"2017"},
"college":"Washington",
"ratings":[{"hgt":47,"stre":23,"spd":83,"jmp":66,"endu":53,"ins":22,"dnk":71,"ft":56,"fg":54,"tp":32,"blk":23,"stl":45,"drb":64,"pss":54,"reb":43,"pot":54}],"skills":[]},

{"tid":-2,
"name":"Damian Jones",
"pos":"C","hgt":84,"weight":245,
"imgURL":"http://a.espncdn.com/combiner/i?img=/i/headshots/recruiting/ncb/players/full/163653.png&w=350&h=254",
"born":{"year":1995,"loc":"Baton Rouge, LA"},
"contract":{"amount":"976","exp":"2020"},"draft":{"round":0,"pick":0,"tid":-1,"originalTid":-1,"year":"2016"},
"college":"Vanderbilt",
"ratings":[{"hgt":87,"stre":76,"spd":53,"jmp":52,"endu":37,"ins":56,"dnk":45,"ft":54,"fg":33,"tp":0,"blk":63,"stl":27,"drb":12,"pss":24,"reb":67,"pot":58}],"skills":[]},

{"tid":-2,
"name":"Deyonta Davis",
"ratings":[{"hgt":79,"stre":71,"spd":56,"jmp":49,"endu":51,"ins":63,"dnk":55,"ft":64,"fg":60,"tp":0,"blk":66,"stl":22,"drb":25,"pss":33,"reb":73,"pot":52,"skills":[]}],
"pos":"PF","hgt":82,"weight":240,
"born":{"year":1996,"loc":"Muskegeon, MI"},
"imgURL":"http://cdn4.sportngin.com/attachments/roster_player_info/3585/9106/23_-_Deyonta_Davis_medium.jpg",
"contract":{"amount":500,"exp":2018},
"draft":{"round":0,"pick":0,"tid":-1,"originalTid":-1,"year":2016},
"college":"Michigan State",
"injury":{"type":"Healthy","gamesRemaining":0}},

{"tid":-2,
"name":"Ivica Zubac",
"ratings":[{"hgt":92,"stre":56,"spd":31,"jmp":53,"endu":31,"ins":55,"dnk":40,"ft":61,"fg":20,"tp":0,"blk":67,"stl":38,"drb":12,"pss":25,"reb":64,"pot":55,"skills":[]}],
"pos":"C","hgt":84,"weight":240,
"born":{"year":1997,"loc":"Mostar, Bosnia and Herzegovina"},
"imgURL":"http://content.draftexpress.com/headshots/ivicazubac.jpg",
"contract":{"amount":500,"exp":2018},
"draft":{"round":0,"pick":0,"tid":-1,"originalTid":-1,"year":2016},
"college":"Croatia",
"injury":{"type":"Healthy","gamesRemaining":0}},

{"tid":-2,
"name":"Cheick Diallo","pos":"FC","hgt":81,"weight":220,
"imgURL":"http://a.espncdn.com/combiner/i?img=/i/headshots/recruiting/ncb/players/full/167305.png&w=350&h=254",
"born":{"year":1996,"loc":"Bamako, Mali"},"contract":{"amount":"500","exp":"2016"},"draft":{"round":0,"pick":0,"tid":-1,"originalTid":-1,"year":"2016"},
"college":"Kansas",
"ratings":[{"hgt":74,"stre":76,"spd":43,"jmp":32,"endu":26,"ins":67,"dnk":54,"ft":55,"fg":24,"tp":0,"blk":43,"stl":55,"drb":12,"pss":24,"reb":66,"pot":54}],"skills":[]},

{"tid":-2,
"name":"Tyler Ulis",
"ratings":[{"hgt":0,"stre":21,"spd":82,"jmp":70,"endu":45,"ins":13,"dnk":60,"ft":77,"fg":55,"tp":65,"blk":24,"stl":58,"drb":75,"pss":77,"reb":39,"pot":53,"skills":["Ps"]}],
"pos":"PG","hgt":69,"weight":160,
"born":{"year":1996,"loc":"Matteson, IL"},
"imgURL":"http://i.imgur.com/vDfqCcH.png",
"contract":{"amount":500,"exp":2018},
"draft":{"round":0,"pick":0,"tid":-1,"originalTid":-1,"year":2016},
"college":"Kentucky",
"injury":{"type":"Healthy","gamesRemaining":0}},

{"tid":-2,
"name":"Rade Zagorac","pos":"GF","hgt":80,"weight":190,
"imgURL":"http://www.bcmegabasket.net/images/razno/Zagorac.jpg",
"born":{"year":1995,"loc":"Belgrade, Serbia"},"contract":{"amount":"500","exp":"2018"},"draft":{"round":0,"pick":0,"tid":-1,"originalTid":-1,"year":"2016"},
"college":"Serbia",
"ratings":[{"hgt":64,"stre":38,"spd":54,"jmp":58,"endu":42,"ins":54,"dnk":45,"ft":52,"fg":44,"tp":45,"blk":56,"stl":66,"drb":34,"pss":44,"reb":54,"pot":50}],"skills":[]},

{"tid":-2,
"name":"Malcolm Brogdon",
"ratings":[{"hgt":50,"stre":32,"spd":70,"jmp":42,"endu":74,"ins":38,"dnk":31,"ft":43,"fg":40,"tp":30,"blk":15,"stl":39,"drb":48,"pss":35,"reb":20,"pot":52,"skills":[]}],
"pos":"SG","hgt":78,"weight":223,
"born":{"year":1992,"loc":"Norcross, GA"},
"imgURL":"http://www.seniorclassaward.com/images/sized/images/athletes/Brogdon_Malcolm-150x225.jpg",
"contract":{"amount":500,"exp":2018},
"draft":{"round":0,"pick":0,"tid":-1,"originalTid":-1,"year":2016},
"college":"Virginia",
"injury":{"type":"Healthy","gamesRemaining":0}},

{"tid":-2,
"name":"Chinanu Onuaku","pos":"C","hgt":82,"weight":230,
"imgURL":"https://ct.yimg.com/mr/IMAGES/PROSPECT/PHOTO/CHINANUONUAKU150_0710.JPG",
"born":{"year":1996,"loc":"Lanham, MD"},
"contract":{"amount":"500","exp":"2018"},"draft":{"round":0,"pick":0,"tid":-1,"originalTid":-1,"year":"2016"},
"college":"Louisville",
"ratings":[{"hgt":74,"stre":76,"spd":34,"jmp":21,"endu":43,"ins":56,"dnk":55,"ft":54,"fg":37,"tp":0,"blk":54,"stl":34,"drb":43,"pss":45,"reb":66,"pot":54}],"skills":[]},

{"tid":-2,
"name":"Patrick McCaw",
"ratings":[{"hgt":57,"stre":20,"spd":80,"jmp":57,"endu":55,"ins":25,"dnk":37,"ft":91,"fg":55,"tp":71,"blk":19,"stl":59,"drb":51,"pss":53,"reb":19,"pot":50,"skills":[]}],
"pos":"SG","hgt":79,"weight":185,
"born":{"year":1995,"loc":"St. Louis, MO"},
"imgURL":"http://grfx.cstv.com/photos/schools/unlv/sports/m-baskbl/auto_headshot/11471684.jpeg",
"contract":{"amount":500,"exp":2018},
"draft":{"round":0,"pick":0,"tid":-1,"originalTid":-1,"year":2016},
"college":"UNLV",
"injury":{"type":"Healthy","gamesRemaining":0}},

{"tid":-2,
"name":"David Michineau",
"ratings":[{"hgt":29,"stre":2,"spd":70,"jmp":57,"endu":46,"ins":23,"dnk":58,"ft":81,"fg":32,"tp":62,"blk":19,"stl":35,"drb":71,"pss":70,"reb":18,"pot":53,"skills":[]}],
"pos":"PG","hgt":75,"weight":176,
"born":{"year":1994,"loc":"Les Abymes, France"},
"imgURL":"http://i.imgur.com/5swFdCX.png",
"contract":{"amount":500,"exp":2018},
"draft":{"round":0,"pick":0,"tid":-1,"originalTid":-1,"year":2016},
"college":"France",
"injury":{"type":"Healthy","gamesRemaining":0}},

{"tid":-2,
"name":"Diamond Stone",
"pos":"PF","hgt":82,"weight":255,
"imgURL":"http://a.espncdn.com/combiner/i?img=/i/headshots/recruiting/ncb/players/full/145063.png&w=350&h=254",
"born":{"year":1997,"loc":"Milwaukee, WI"},"contract":{"amount":"500","exp":"2018"},"draft":{"round":0,"pick":0,"tid":-1,"originalTid":-1,"year":"2016"},
"college":"Maryland",
"ratings":[{"hgt":79,"stre":82,"spd":35,"jmp":30,"endu":47,"ins":58,"dnk":60,"ft":78,"fg":55,"tp":0,"blk":65,"stl":45,"drb":30,"pss":55,"reb":74,"pot":57}],"skills":[]},

{"tid":-2,
"name":"Stephen Zimmerman",
"pos":"C","hgt":84,"weight":235,
"imgURL":"http://a.espncdn.com/combiner/i?img=/i/headshots/recruiting/ncb/players/full/142981.png&w=350&h=254",
"born":{"year":1996,"loc":"Las Vegas, NV"},
"contract":{"amount":"500","exp":"2018"},"draft":{"round":0,"pick":0,"tid":-1,"originalTid":-1,"year":"2016"},
"college":"UNLV",
"ratings":[{"hgt":87,"stre":86,"spd":23,"jmp":22,"endu":37,"ins":56,"dnk":45,"ft":54,"fg":33,"tp":0,"blk":63,"stl":27,"drb":12,"pss":24,"reb":67,"pot":52}],"skills":[]},

{"tid":-2,
"name":"Isaiah Whitehead","pos":"SG","hgt":"77","weight":"210",
"imgURL":"http://a.espncdn.com/combiner/i?img=/i/headshots/recruiting/ncb/players/full/127371.png&w=350&h=254",
"born":{"year":1995,"loc":"Brooklyn, NY"},
"contract":{"amount":"500","exp":"2018"},"draft":{"round":0,"pick":0,"tid":-1,"originalTid":-1,"year":"2016"},
"college":"Seton Hall",
"ratings":[{"hgt":53,"stre":45,"spd":63,"jmp":65,"endu":48,"ins":23,"dnk":45,"ft":74,"fg":38,"tp":46,"blk":53,"stl":44,"drb":44,"pss":54,"reb":32,"pot":55}],"skills":[]},

{"tid":-2,
"name":"Zhou Qi","pos":"C","hgt":86,"weight":210,
"imgURL":"http://www.fiba.com/images/web/Events/12/U17WCM/headshots/CHN/_215/QiZHOU_China_.jpg",
"born":{"year":1996,"loc":"Henan, China"},"contract":{"amount":"500","exp":"2018"},"draft":{"round":0,"pick":0,"tid":-1,"originalTid":-1,"year":"2016"},
"college":"China",
"ratings":[{"hgt":94,"stre":67,"spd":45,"jmp":34,"endu":53,"ins":67,"dnk":64,"ft":65,"fg":42,"tp":0,"blk":76,"stl":45,"drb":33,"pss":23,"reb":56,"pot":50}],"skills":[]},

{"tid":-2,
"name":"Isaia Cordinier","pos":"SG","hgt":"77","weight":"190",
"imgURL":"http://i.imgur.com/POK6tP0.png",
"born":{"year":1996,"loc":"Créteil, France"},
"contract":{"amount":"500","exp":"2018"},"draft":{"round":0,"pick":0,"tid":-1,"originalTid":-1,"year":"2016"},
"college":"France",
"ratings":[{"hgt":43,"stre":29,"spd":62,"jmp":60,"endu":45,"ins":31,"dnk":56,"ft":71,"fg":52,"tp":40,"blk":20,"stl":49,"drb":52,"pss":55,"reb":33,"pot":54}],"skills":[]},

{"tid":-2,
"name":"Demetrius Jackson","pos":"PG","hgt":73,"weight":194,
"imgURL":"https://ct.yimg.com/mr/IMAGES/PROSPECT/PHOTO/DEMETRIUSJACKSON_150_6_29.JPG",
"born":{"year":1994,"loc":"Mishawaka, IN"},"contract":{"amount":"500","exp":"2018"},"draft":{"round":0,"pick":0,"tid":-1,"originalTid":-1,"year":"2016"},
"college":"Notre Dame",
"ratings":[{"hgt":14,"stre":56,"spd":65,"jmp":34,"endu":54,"ins":23,"dnk":43,"ft":54,"fg":23,"tp":33,"blk":43,"stl":12,"drb":62,"pss":76,"reb":34,"pot":58}],"skills":[]},

{"tid":-2,
"name":"A.J. Hammons",
"ratings":[{"hgt":81,"stre":58,"spd":31,"jmp":42,"endu":54,"ins":64,"dnk":52,"ft":46,"fg":65,"tp":0,"blk":70,"stl":15,"drb":16,"pss":18,"reb":69,"pot":57,"skills":[]}],
"pos":"C","hgt":84,"weight":260,
"born":{"year":1992,"loc":"Gary, IN"},
"imgURL":"http://a.espncdn.com/combiner/i?img=/i/headshots/recruiting/ncb/players/full/97352.png&w=350&h=254",
"contract":{"amount":"500","exp":"2018"},
"draft":{"round":0,"pick":0,"tid":-1,"originalTid":-1,"year":2016},
"college":"Purdue",
"injury":{"type":"Healthy","gamesRemaining":0}},

{"tid":-2,
"name":"Jake Layman",
"pos":"SF","hgt":80,"weight":205,
"born":{"year":1994,"loc":"Wrentham, MA"},
"imgURL":"http://image.cdnllnwnl.xosnetwork.com/pics33/400/SJ/SJGXWITOKXJYIVM.20150925164353.jpg",
"contract":{"amount":500,"exp":2018},
"draft":{"round":0,"pick":0,"tid":-1,"originalTid":-1,"year":2016},
"college":"Maryland",
"ratings":[{"hgt":56,"stre":30,"spd":55,"jmp":37,"endu":36,"ins":45,"dnk":41,"ft":50,"fg":59,"tp":70,"blk":29,"stl":48,"drb":52,"pss":48,"reb":29,"pot":49,"skills":[]}],
"injury":{"type":"Healthy","gamesRemaining":0}},

{"tid":-2,
"name":"Paul Zipser","pos":"PF","hgt":"80","weight":"195",
"imgURL":"http://i.imgur.com/S4T5qB1.png",
"born":{"year":1994,"loc":"Heidelberg, Germany"},
"contract":{"amount":"500","exp":"2018"},"draft":{"round":0,"pick":0,"tid":-1,"originalTid":-1,"year":"2016"},
"college":"Germany",
"ratings":[{"hgt":64,"stre":52,"spd":55,"jmp":63,"endu":52,"ins":43,"dnk":56,"ft":72,"fg":51,"tp":37,"blk":50,"stl":35,"drb":15,"pss":20,"reb":50,"pot":50}],"skills":[]},

{"tid":-2,
"name":"Michael Gbinije","pos":"GF","hgt":"79","weight":"200",
"imgURL":"https://ct.yimg.com/mr/IMAGES/PROSPECT/PHOTO/GBINIJE_MIKE_150_7_28.JPG",
"born":{"year":1992,"loc":"Richmond, VA"},
"contract":{"amount":"500","exp":"2018"},"draft":{"round":0,"pick":0,"tid":-1,"originalTid":-1,"year":"2016"},
"college":"Syracuse",
"ratings":[{"hgt":57,"stre":33,"spd":52,"jmp":65,"endu":57,"ins":62,"dnk":45,"ft":23,"fg":55,"tp":68,"blk":23,"stl":45,"drb":53,"pss":40,"reb":56,"pot":46}],"skills":[]},

{"tid":-2,
"name":"Georges Niang",
"ratings":[{"hgt":71,"stre":77,"spd":42,"jmp":50,"endu":48,"ins":53,"dnk":43,"ft":36,"fg":14,"tp":0,"blk":73,"stl":25,"drb":27,"pss":28,"reb":50,"pot":41,"skills":[]}],
"pos":"F","hgt":81,"weight":231,
"born":{"year":1993,"loc":"Lawrence, MA"},
"imgURL":"http://image.cdnllnwnl.xosnetwork.com/pics33/200/AM/AMPPCREMAWPUKMF.20150729181941.jpg",
"contract":{"amount":500,"exp":2017},
"draft":{"round":0,"pick":0,"tid":-1,"originalTid":-1,"year":2016},
"college":"Iowa State",
"injury":{"type":"Healthy","gamesRemaining":0}},

{"tid":-2,
"name":"Ben Bentil",
"ratings":[{"hgt":64,"stre":65,"spd":58,"jmp":71,"endu":46,"ins":41,"dnk":48,"ft":70,"fg":45,"tp":0,"blk":36,"stl":19,"drb":17,"pss":22,"reb":43,"pot":55,"skills":[]}],
"pos":"PF","hgt":80,"weight":229,
"born":{"year":1995,"loc":"Philadelphia, PA"},
"imgURL":"http://a.espncdn.com/combiner/i?img=/i/headshots/recruiting/ncb/players/full/168210.png&w=350&h=254",
"contract":{"amount":500,"exp":2018},
"draft":{"round":0,"pick":0,"tid":-1,"originalTid":-1,"year":2016},
"college":"Providence",
"injury":{"type":"Healthy","gamesRemaining":0}},

{"tid":-2,
"name":"Joel Bolomboy",
"ratings":[{"hgt":71,"stre":65,"spd":50,"jmp":59,"endu":38,"ins":55,"dnk":53,"ft":56,"fg":35,"tp":1,"blk":66,"stl":39,"drb":22,"pss":24,"reb":62,"pot":50,"skills":[]}],
"pos":"PF","hgt":81,"weight":224,
"born":{"year":1994,"loc":"Kiev, Ukraine"},
"imgURL":"http://image.cdnllnwnl.xosnetwork.com/pics33/200/FS/FSUUJDRXFYYJLQJ.20151021155734.jpg",
"contract":{"amount":500,"exp":2018},
"draft":{"round":0,"pick":0,"tid":-1,"originalTid":-1,"year":2016},
"college":"Weber State",
"injury":{"type":"Healthy","gamesRemaining":0}},

{"tid":-2,
"name":"Petr Cornelie","pos":"PF","hgt":"83","weight":"220",
"imgURL":"http://i.imgur.com/S9mIEbt.png",
"born":{"year":1995,"loc":"Calais, France"},
"contract":{"amount":"500","exp":"2018"},"draft":{"round":0,"pick":0,"tid":-1,"originalTid":-1,"year":"2016"},
"college":"France",
"ratings":[{"hgt":86,"stre":50,"spd":52,"jmp":70,"endu":46,"ins":55,"dnk":47,"ft":56,"fg":42,"tp":0,"blk":55,"stl":53,"drb":22,"pss":22,"reb":62,"pot":54}],"skills":[]},

{"tid":-2,
"name":"Kay Felder","pos":"PG","hgt":"69","weight":"177",
"imgURL":"http://www.sportswriters.net/usbwa/news/2016/images/oakland_felder.jpg",
"born":{"year":1995,"loc":"Detroit, MI"},
"contract":{"amount":"500","exp":"2018"},"draft":{"round":0,"pick":0,"tid":-1,"originalTid":-1,"year":"2016"},
"college":"Notre Dame",
"ratings":[{"hgt":0,"stre":34,"spd":74,"jmp":74,"endu":44,"ins":25,"dnk":64,"ft":53,"fg":52,"tp":50,"blk":4,"stl":63,"drb":73,"pss":63,"reb":24,"pot":52}],"skills":[]},

{"tid":-2,
"name":"Marcus Paige",
"pos":"PG","hgt":73,"weight":175,
"imgURL":"http://a.espncdn.com/combiner/i?img=/i/headshots/recruiting/ncb/players/full/67416.png&w=350&h=254",
"born":{"year":1993,"loc":"Marion, IA"},
"contract":{"amount":"500","exp":"2018"},
"draft":{"round":0,"pick":0,"tid":-1,"originalTid":-1,"year":2016},
"college":"North Carolina",
"ratings":[{"hgt":15,"stre":36,"spd":74,"jmp":46,"endu":50,"ins":31,"dnk":64,"ft":68,"fg":61,"tp":70,"blk":12,"stl":78,"drb":75,"pss":82,"reb":21,"pot":53}],"skills":[]},

{"tid":-2,
"name":"Daniel Hamilton",
"ratings":[{"hgt":57,"stre":29,"spd":63,"jmp":61,"endu":41,"ins":38,"dnk":57,"ft":25,"fg":45,"tp":60,"blk":28,"stl":30,"drb":37,"pss":34,"reb":25,"pot":49,"skills":[]}],
"pos":"SG","hgt":79,"weight":197,
"born":{"year":1995,"loc":"Los Angeles, CA"},
"imgURL":"http://grfx.cstv.com/photos/schools/conn/sports/m-baskbl/auto_headshot/11357515.jpeg",
"contract":{"amount":500,"exp":2018},
"draft":{"round":0,"pick":0,"tid":-1,"originalTid":-1,"year":2016},
"college":"Connecticut",
"injury":{"type":"Healthy","gamesRemaining":0}},

{"tid":-2,
"name":"Wang Zhelin",
"ratings":[{"hgt":92,"stre":44,"spd":30,"jmp":32,"endu":56,"ins":31,"dnk":30,"ft":53,"fg":61,"tp":0,"blk":52,"stl":16,"drb":12,"pss":22,"reb":61,"pot":44,"skills":[]}],
"pos":"C","hgt":84,"weight":243,
"born":{"year":1994,"loc":"Fuzhou, China"},
"imgURL":"http://cdn.hoopshype.com/i/40/3e/3d/wang-zhelin.jpg",
"contract":{"amount":500,"exp":2018},
"draft":{"round":0,"pick":0,"tid":-1,"originalTid":-1,"year":2016},
"college":"China",
"injury":{"type":"Healthy","gamesRemaining":0}},

{"tid":-2,
"name":"Abdel Nader",
"ratings":[{"hgt":50,"stre":25,"spd":61,"jmp":33,"endu":39,"ins":30,"dnk":72,"ft":55,"fg":55,"tp":62,"blk":15,"stl":58,"drb":82,"pss":88,"reb":28,"pot":31,"skills":["Ps"]}],
"pos":"SF","hgt":78,"weight":230,
"born":{"year":1993,"loc":"Alexandria, Egypt"},
"imgURL":"http://www.thegazette.com/storyimage/GA/20160221/ARTICLE/160229927/EP/1/1/EP-160229927.jpg",
"contract":{"amount":500,"exp":2018},
"college":"Iowa State",
"draft":{"round":0,"pick":0,"tid":-1,"originalTid":-1,"year":2016},
"injury":{"type":"Healthy","gamesRemaining":0}},

{"tid":-2,
"name":"Isaiah Cousins",
"ratings":[{"hgt":43,"stre":25,"spd":65,"jmp":56,"endu":38,"ins":30,"dnk":44,"ft":62,"fg":53,"tp":54,"blk":17,"stl":32,"drb":64,"pss":61,"reb":19,"pot":47,"skills":[]}],
"pos":"PG","hgt":77,"weight":191,
"born":{"year":1994,"loc":"Mount Vernon, NY"},
"imgURL":"http://image.cdnllnwnl.xosnetwork.com/pics33/400/KL/KLLFWVTLBHRQYQB.20151001165408.jpg",
"contract":{"amount":500,"exp":2018},
"draft":{"round":0,"pick":0,"tid":-1,"originalTid":-1,"year":2016},
"college":"Oklahoma",
"injury":{"type":"Healthy","gamesRemaining":0}},

{"tid":-2,
"name":"Tyrone Wallace",
"ratings":[{"hgt":28,"stre":32,"spd":64,"jmp":32,"endu":61,"ins":28,"dnk":32,"ft":66,"fg":63,"tp":66,"blk":14,"stl":34,"drb":38,"pss":33,"reb":25,"pot":51,"skills":[]}],
"pos":"SG","hgt":77,"weight":200,
"born":{"year":1994,"loc":"Bakersfield, CA"},
"imgURL":"http://image.cdnllnwnl.xosnetwork.com/pics33/200/UB/UBPRXCDZZINQOBR.20141010014011.jpg",
"contract":{"amount":500,"exp":2018},
"draft":{"round":0,"pick":0,"tid":-1,"originalTid":-1,"year":2016},
"college":"California",
"injury":{"type":"Healthy","gamesRemaining":0}},

{"tid":-2,
"name":"Gary Payton II","pos":"PG","hgt":"74","weight":"185",
"imgURL":"http://i.imgur.com/jbC1A4X.png",
"born":{"year":1992,"loc":"Las Vegas, NV"},
"contract":{"amount":"500","exp":"2017"},"draft":{"round":"0","pick":"0","tid":"-1","originalTid":"-1","year":"2016"},
"college":"Oregon State",
"ratings":[{"hgt":21,"stre":41,"spd":64,"jmp":61,"endu":46,"ins":24,"dnk":57,"ft":80,"fg":52,"tp":47,"blk":23,"stl":67,"drb":74,"pss":70,"reb":45,"pot":53}],"skills":[]},

{"tid":-2,
"name":"Robert Carter","pos":"PF","hgt":"80","weight":"247",
"imgURL":"http://image.cdnllnwnl.xosnetwork.com/pics33/400/IZ/IZRTWFGYLONEAWI.20150925164317.jpg",
"born":{"year":1994,"loc":"Thomasville, GA"},
"contract":{"amount":"500","exp":"2017"},"draft":{"round":"0","pick":"0","tid":"-1","originalTid":"-1","year":"2016"},
"college":"Maryland",
"ratings":[{"hgt":64,"stre":66,"spd":35,"jmp":65,"endu":33,"ins":55,"dnk":45,"ft":28,"fg":60,"tp":22,"blk":41,"stl":43,"drb":42,"pss":32,"reb":45,"pot":43}],"skills":[]},

{"tid":-2,
"name":"Dorian Finney-Smith",
"ratings":[{"hgt":68,"stre":24,"spd":30,"jmp":52,"endu":61,"ins":51,"dnk":30,"ft":82,"fg":55,"tp":63,"blk":2,"stl":16,"drb":12,"pss":22,"reb":21,"pot":54,"skills":[]}],
"pos":"F","hgt":80,"weight":220,
"born":{"year":1993,"loc":"Portsmouth, VA"},
"imgURL":"http://static.mavs.com/wp-content/uploads/2016/07/finney-826x620.jpg",
"contract":{"amount":500,"exp":2017},
"draft":{"round":0,"pick":0,"tid":-1,"originalTid":-1,"year":2016},
"college":"Florida",
"injury":{"type":"Healthy","gamesRemaining":0}},

{"tid":-2,
"name":"Anthony Barber",
"ratings":[{"hgt":21,"stre":26,"spd":58,"jmp":52,"endu":35,"ins":18,"dnk":52,"ft":46,"fg":58,"tp":49,"blk":25,"stl":35,"drb":72,"pss":68,"reb":22,"pot":52,"skills":[]}],
"pos":"PG","hgt":74,"weight":185,
"born":{"year":1994,"loc":"Hampton, VA"},
"imgURL":"http://a.espncdn.com/combiner/i?img=/i/headshots/recruiting/ncb/players/full/122813.png&w=350&h=254",
"contract":{"amount":500,"exp":2018},
"draft":{"round":0,"pick":0,"tid":-1,"originalTid":-1,"year":2016},
"college":"NC State",
"injury":{"type":"Healthy","gamesRemaining":0}},

{"tid":-2,
"name":"Wayne Selden",
"pos":"SG","hgt":77,"weight":230,
"born":{"year":1994,"loc":"Boston, MA"},
"imgURL":"http://a.espncdn.com/combiner/i?img=/i/headshots/recruiting/ncb/players/full/111142.png&w=350&h=254",
"contract":{"amount":500,"exp":2017},
"draft":{"round":0,"pick":0,"tid":-1,"originalTid":-1,"year":2016},
"college":"Kansas",
"ratings":[{"hgt":34,"stre":30,"spd":68,"jmp":39,"endu":54,"ins":28,"dnk":32,"ft":62,"fg":66,"tp":64,"blk":18,"stl":38,"drb":44,"pss":34,"reb":26,"pot":55,"skills":[]}],
"injury":{"type":"Healthy","gamesRemaining":0}},

{"tid":-2,
"name":"Ron Baker",
"pos":"SG","hgt":76,"weight":222,
"imgURL":"http://content.draftexpress.com/headshots/ronbaker.jpg",
"born":{"year":1993,"loc":"Scott City, KS"},"contract":{"amount":"500","exp":"2017"},"draft":{"round":"0","pick":"0","tid":"-1","originalTid":"-1","year":"2016"},
"college":"Wichita State",
"ratings":[{"hgt":36,"stre":45,"spd":54,"jmp":54,"endu":48,"ins":23,"dnk":45,"ft":34,"fg":38,"tp":46,"blk":53,"stl":44,"drb":44,"pss":54,"reb":32,"pot":47}],"skills":[]},

{"tid":-2,
"name":"Danuel House","pos":"SF","hgt":79,"weight":205,
"imgURL":"http://a.espncdn.com/combiner/i?img=/i/headshots/recruiting/ncb/players/full/113689.png&w=350&h=254",
"born":{"year":1993,"loc":"Missouri City, TX"},"contract":{"amount":"500","exp":"2016"},"draft":{"round":"0","pick":"0","tid":"-1","originalTid":"-1","year":"2016"},
"college":"Texas A&M",
"ratings":[{"hgt":65,"stre":35,"spd":57,"jmp":62,"endu":50,"ins":45,"dnk":56,"ft":45,"fg":47,"tp":52,"blk":45,"stl":53,"drb":47,"pss":44,"reb":38,"pot":53}],"skills":[]},

{"tid":-2,
"name":"Perry Ellis","pos":"PF","hgt":"80","weight":"225",
"imgURL":"http://a.espncdn.com/combiner/i?img=/i/headshots/recruiting/ncb/players/full/66601.png&w=350&h=254",
"born":{"year":1993,"loc":"Wichita, KS"},
"contract":{"amount":"500","exp":"2017"},"draft":{"round":"0","pick":"0","tid":"-1","originalTid":"-1","year":"2016"},
"college":"Kansas",
"ratings":[{"hgt":64,"stre":64,"spd":32,"jmp":28,"endu":45,"ins":67,"dnk":75,"ft":67,"fg":54,"tp":33,"blk":64,"stl":34,"drb":42,"pss":42,"reb":75,"pot":51}],"skills":[]},

{"tid":-2,
"name":"Damion Lee","pos":"SF","hgt":"78","weight":"200",
"imgURL":"http://a.espncdn.com/combiner/i?img=/i/headshots/nba/players/full/2595209.png&w=350&h=254",
"born":{"year":1992,"loc":"Baltimore, MD"},
"contract":{"amount":"500","exp":"2017"},"draft":{"round":"0","pick":"0","tid":"-1","originalTid":"-1","year":"2016"},
"college":"Louisville",
"ratings":[{"hgt":50,"stre":47,"spd":54,"jmp":55,"endu":46,"ins":45,"dnk":54,"ft":65,"fg":54,"tp":34,"blk":23,"stl":43,"drb":54,"pss":43,"reb":54,"pot":48}],"skills":[]},

{"tid":-2,
"name":"Kyle Wiltjer","pos":"PF","hgt":"81","weight":"226",
"imgURL":"http://content.draftexpress.com/headshots/kylewiltjer.jpeg",
"born":{"year":1992,"loc":"Portland, OR"},
"contract":{"amount":"500","exp":"2016"},"draft":{"round":"0","pick":"0","tid":"-1","originalTid":"-1","year":"2016"},
"college":"Gonzaga",
"ratings":[{"hgt":71,"stre":52,"spd":32,"jmp":41,"endu":37,"ins":47,"dnk":55,"ft":72,"fg":51,"tp":41,"blk":41,"stl":31,"drb":28,"pss":33,"reb":62,"pot":48}],"skills":[]}
]}