{"startingSeason":2017,
"players":[

{"tid":-2,
"name":"Markelle Fultz",
"ratings":[{"hgt":40,"stre":33,"spd":83,"jmp":77,"endu":66,"ins":41,"dnk":85,"ft":15,"fg":65,"tp":58,"blk":27,"stl":76,"drb":83,"pss":82,"reb":48,"pot":80,"skills":[]}],
"pos":"PG","hgt":76,"weight":170,
"born":{"year":1998,"loc":"Upper Marlboro, MD"},
"imgURL":"http://a.espncdn.com/combiner/i?img=/i/headshots/recruiting/ncb/players/full/203881.png&w=350&h=254",
"contract":{"amount":1500,"exp":2019},
"draft":{"round":0,"pick":0,"tid":-1,"originalTid":-1,"year":2017},
"college":"Washington",
"injury":{"type":"Healthy","gamesRemaining":0}},

{"tid":-2,
"name":"Lonzo Ball",
"ratings":[{"hgt":49,"stre":31,"spd":69,"jmp":66,"endu":67,"ins":25,"dnk":64,"ft":55,"fg":19,"tp":75,"blk":29,"stl":60,"drb":85,"pss":87,"reb":62,"pot":74,"skills":["Ps"]}],
"pos":"PG","hgt":78,"weight":185,
"born":{"year":1997,"loc":"Chino Hills, CA"},
"imgURL":"http://a.espncdn.com/combiner/i?img=/i/headshots/recruiting/ncb/players/full/171485.png&w=350&h=254",
"contract":{"amount":1500,"exp":2020},
"draft":{"round":0,"pick":0,"tid":-1,"originalTid":-1,"year":2017},
"college":"UCLA",
"injury":{"type":"Healthy","gamesRemaining":0}},

{"tid":-2,
"name":"Jayson Tatum",
"ratings":[{"hgt":64,"stre":40,"spd":68,"jmp":77,"endu":61,"ins":43,"dnk":70,"ft":65,"fg":67,"tp":70,"blk":45,"stl":61,"drb":46,"pss":34,"reb":56,"pot":69,"skills":[]}],
"pos":"SF","hgt":80,"weight":190,
"born":{"year":1998,"loc":"St. Louis, MO"},
"imgURL":"http://a.espncdn.com/combiner/i?img=/i/headshots/recruiting/ncb/players/full/171069.png&w=350&h=254",
"contract":{"amount":2500,"exp":2020},
"draft":{"round":0,"pick":0,"tid":-1,"originalTid":-1,"year":2017},
"college":"Duke",
"injury":{"type":"Healthy","gamesRemaining":0}},

{"tid":-2,
"name":"Josh Jackson",
"ratings":[{"hgt":64,"stre":78,"spd":82,"jmp":88,"endu":60,"ins":68,"dnk":77,"ft":55,"fg":43,"tp":30,"blk":62,"stl":59,"drb":54,"pss":43,"reb":66,"pot":77,"skills":["A"]}],
"pos":"SF","hgt":80,"weight":184,
"born":{"year":1997,"loc":"Southfield, MI"},
"imgURL":"http://a.espncdn.com/combiner/i?img=/i/headshots/recruiting/ncb/players/full/170377.png&w=350&h=254",
"contract":{"amount":2500,"exp":2019},
"draft":{"round":0,"pick":0,"tid":-1,"originalTid":-1,"year":2017},
"college":"Kansas",
"injury":{"type":"Healthy","gamesRemaining":0}},

{"tid":-2,
"name":"De'Aaron Fox",
"ratings":[{"hgt":29,"stre":35,"spd":75,"jmp":80,"endu":42,"ins":36,"dnk":77,"ft":58,"fg":54,"tp":61,"blk":29,"stl":68,"drb":73,"pss":72,"reb":42,"pot":66,"skills":[]}],
"pos":"PG","hgt":75,"weight":170,
"born":{"year":1997,"loc":"Katy, TX"},
"imgURL":"http://a.espncdn.com/combiner/i?img=/i/headshots/recruiting/ncb/players/full/185292.png&w=350&h=254",
"contract":{"amount":1500,"exp":2020},
"draft":{"round":0,"pick":0,"tid":-1,"originalTid":-1,"year":2017},
"college":"Kentucky",
"injury":{"type":"Healthy","gamesRemaining":0}},

{"tid":-2,
"name":"Jonathan Isaac",
"ratings":[{"hgt":79,"stre":33,"spd":67,"jmp":70,"endu":56,"ins":58,"dnk":65,"ft":50,"fg":29,"tp":40,"blk":42,"stl":41,"drb":39,"pss":40,"reb":69,"pot":74,"skills":[]}],
"pos":"F","hgt":82,"weight":205,
"born":{"year":1997,"loc":"Naples, FL"},
"imgURL":"http://a.espncdn.com/combiner/i?img=/i/headshots/recruiting/ncb/players/full/202589.png&w=350&h=254",
"contract":{"amount":2500,"exp":2020},
"draft":{"round":0,"pick":0,"tid":-1,"originalTid":-1,"year":2017},
"college":"Florida State",
"injury":{"type":"Healthy","gamesRemaining":0}},

{"tid":-2,
"name":"Lauri Markkanen",
"ratings":[{"hgt":85,"stre":62,"spd":50,"jmp":66,"endu":51,"ins":50,"dnk":60,"ft":54,"fg":50,"tp":50,"blk":46,"stl":45,"drb":25,"pss":55,"reb":62,"pot":69,"skills":[]}],
"pos":"PF","hgt":83,"weight":230,
"born":{"year":1997,"loc":"Jyvaskyla, Finland"},
"imgURL":"https://i.imgur.com/DjuK4Im.gif",
"contract":{"amount":500,"exp":2019},
"draft":{"round":0,"pick":0,"tid":-1,"originalTid":-1,"year":2017},
"college":"Arizona",
"injury":{"type":"Healthy","gamesRemaining":0}},

{"tid":-2,
"firstName":"Frank","lastName":"Ntilikina",
"ratings":[{"hgt":47,"stre":22,"spd":78,"jmp":66,"endu":50,"ins":25,"dnk":62,"ft":65,"fg":55,"tp":40,"blk":29,"stl":67,"drb":79,"pss":84,"reb":28,"pot":72,"skills":[]}],
"pos":"PG","hgt":77,"weight":180,
"born":{"year":1998,"loc":"Ixelles, Belgium"},
"imgURL":"https://i.imgur.com/3SG4cW1.png",
"contract":{"amount":2000,"exp":2020},
"draft":{"round":0,"pick":0,"tid":-1,"originalTid":-1,"year":2017},
"college":"France",
"injury":{"type":"Healthy","gamesRemaining":0}},

{"tid":-2,
"name":"Dennis Smith",
"ratings":[{"hgt":21,"stre":20,"spd":91,"jmp":92,"endu":51,"ins":60,"dnk":82,"ft":70,"fg":57,"tp":41,"blk":0,"stl":75,"drb":77,"pss":81,"reb":45,"pot":72,"skills":[]}],
"pos":"PG","hgt":74,"weight":180,
"born":{"year":1997,"loc":"Fayetteville, NC"},
"imgURL":"http://a.espncdn.com/combiner/i?img=/i/headshots/recruiting/ncb/players/full/175957.png",
"contract":{"amount":2750,"exp":2016},
"draft":{"round":0,"pick":0,"tid":-1,"originalTid":-1,"year":2017},
"college":"NC State",
"injury":{"type":"Healthy","gamesRemaining":0}},

{"tid":-2,
"name":"Zach Collins",
"ratings":[{"hgt":93,"stre":55,"spd":66,"jmp":74,"endu":52,"ins":53,"dnk":73,"ft":69,"fg":69,"tp":55,"blk":59,"stl":28,"drb":16,"pss":21,"reb":75,"pot":63,"skills":[]}],
"pos":"FC","hgt":84,"weight":230,
"born":{"year":1997,"loc":"Las Vegas, NV"},
"imgURL":"http://i.imgur.com/5LS3mkR.png",
"contract":{"amount":1400,"exp":2020},
"draft":{"round":0,"pick":0,"tid":-1,"originalTid":-1,"year":2017},
"college":"Gonzaga",
"injury":{"type":"Healthy","gamesRemaining":0}},

{"tid":-2,
"name":"Malik Monk",
"ratings":[{"hgt":28,"stre":25,"spd":73,"jmp":87,"endu":55,"ins":23,"dnk":67,"ft":64,"fg":70,"tp":41,"blk":24,"stl":52,"drb":50,"pss":41,"reb":13,"pot":70,"skills":[]}],
"pos":"SG","hgt":75,"weight":185,
"born":{"year":1998,"loc":"Lepanto, AR"},
"imgURL":"http://a.espncdn.com/combiner/i?img=/i/headshots/recruiting/ncb/players/full/171070.png&w=350&h=254",
"contract":{"amount":2500,"exp":2020},
"draft":{"round":0,"pick":0,"tid":-1,"originalTid":-1,"year":2017},
"college":"Kentucky",
"injury":{"type":"Healthy","gamesRemaining":0}},

{"tid":-2,
"name":"Luke Kennard",
"ratings":[{"hgt":40,"stre":36,"spd":60,"jmp":56,"endu":38,"ins":25,"dnk":50,"ft":72,"fg":69,"tp":70,"blk":19,"stl":30,"drb":62,"pss":40,"reb":19,"pot":56,"skills":[]}],
"pos":"SG","hgt":77,"weight":200,
"born":{"year":1996,"loc":"Franklin, OH"},
"imgURL":"http://i.imgur.com/mjYxQzk.png",
"contract":{"amount":"","exp":""},
"draft":{"round":0,"pick":0,"tid":-1,"originalTid":-1,"year":2017},
"college":"Duke",
"injury":{"type":"Healthy","gamesRemaining":0}},

{"tid":-2,
"name":"Donovan Mitchell",
"ratings":[{"hgt":29,"stre":37,"spd":56,"jmp":66,"endu":55,"ins":31,"dnk":60,"ft":74,"fg":48,"tp":66,"blk":27,"stl":45,"drb":51,"pss":47,"reb":17,"pot":55,"skills":[]}],
"pos":"SG","hgt":75,"weight":210,
"born":{"year":1996,"loc":"Greenwich, CT"},
"imgURL":"http://i.imgur.com/mZ13hdE.png",
"contract":{"amount":"","exp":""},
"draft":{"round":0,"pick":0,"tid":-1,"originalTid":-1,"year":2017},
"college":"Louisville",
"injury":{"type":"Healthy","gamesRemaining":0}},

{"tid":-2,
"name":"Bam Adebayo",
"ratings":[{"hgt":71,"stre":76,"spd":49,"jmp":67,"endu":46,"ins":58,"dnk":53,"ft":59,"fg":21,"tp":0,"blk":66,"stl":55,"drb":26,"pss":36,"reb":69,"pot":59,"skills":[]}],
"pos":"PF","hgt":81,"weight":240,
"born":{"year":1997,"loc":"Gatesville, NC"},
"imgURL":"http://a.espncdn.com/combiner/i?img=/i/headshots/recruiting/ncb/players/full/171095.png&w=350&h=254",
"contract":{"amount":500,"exp":2020},
"draft":{"round":0,"pick":0,"tid":-1,"originalTid":-1,"year":2017},
"college":"Kentucky",
"injury":{"type":"Healthy","gamesRemaining":0}},

{"tid":-2,
"name":"Justin Jackson",
"pos":"SF","hgt":"80","weight":"193",
"imgURL":"http://a.espncdn.com/combiner/i?img=/i/headshots/recruiting/ncb/players/full/102457.png&w=350&h=254",
"born":{"year":1995,"loc":"Spring, TX"},
"contract":{"amount":"","exp":""},"draft":{"round":"","pick":"","tid":"","originalTid":"","year":"2017"},
"college":"North Carolina",
"ratings":[{"hgt":64,"stre":33,"spd":66,"jmp":72,"endu":54,"ins":38,"dnk":62,"ft":76,"fg":52,"tp":15,"blk":31,"stl":47,"drb":52,"pss":59,"reb":17,"pot":55}],"skills":[]},

{"tid":-2,
"name":"Justin Patton",
"ratings":[{"hgt":93,"stre":66,"spd":61,"jmp":67,"endu":50,"ins":66,"dnk":52,"ft":21,"fg":31,"tp":0,"blk":66,"stl":30,"drb":19,"pss":25,"reb":75,"pot":59,"skills":[]}],
"pos":"C","hgt":84,"weight":226,
"born":{"year":1997,"loc":"Omaha, NE"},
"imgURL":"http://a.espncdn.com/i/nba/draft2017/headshots/20469.jpg",
"contract":{"amount":"","exp":""},
"draft":{"round":0,"pick":0,"tid":-1,"originalTid":-1,"year":2017},
"college":"Creighton",
"injury":{"type":"Healthy","gamesRemaining":0}},

{"tid":-2,
"name":"D.J. Wilson",
"pos":"PF","hgt":82,"weight":240,
"born":{"year":1996,"loc":"Mt. Shasta, CA"},
"imgURL":"http://ak-static.cms.nba.com/wp-content/uploads/headshots/nba/latest/260x190/1628391.png",
"contract":{"amount":2135,"exp":2020},
"draft":{"round":0,"pick":0,"tid":-1,"originalTid":-1,"year":2017},
"college":"Boston College",
"ratings":[{"hgt":61,"stre":70,"spd":50,"jmp":71,"endu":66,"ins":65,"dnk":71,"ft":55,"fg":46,"tp":0,"blk":25,"stl":29,"drb":13,"pss":22,"reb":69,"pot":58,"skills":[]}],
"injury":{"type":"Healthy","gamesRemaining":0}},

{"tid":-2,
"name":"T.J. Leaf",
"ratings":[{"hgt":79,"stre":66,"spd":45,"jmp":69,"endu":52,"ins":65,"dnk":51,"ft":14,"fg":39,"tp":70,"blk":44,"stl":34,"drb":28,"pss":43,"reb":77,"pot":57,"skills":[""]}],
"pos":"PF","hgt":82,"weight":225,
"born":{"year":1997,"loc":"El Cajon, CA"},
"imgURL":"http://a.espncdn.com/combiner/i?img=/i/headshots/recruiting/ncb/players/full/171474.png&w=350&h=254",
"contract":{"amount":1050,"exp":2017},
"draft":{"round":0,"pick":0,"tid":-1,"originalTid":-1,"year":2017},
"college":"UCLA",
"injury":{"type":"Healthy","gamesRemaining":0}},

{"tid":-2,
"name":"John Collins",
"pos":"PF","hgt":82,"weight":240,
"born":{"year":1997,"loc":"West Palm Beach, FL"},
"imgURL":"http://grfx.cstv.com/photos/schools/wake/sports/m-baskbl/auto_headshot/12004854.jpeg",
"contract":{"amount":500,"exp":2020},
"draft":{"round":0,"pick":0,"tid":-1,"originalTid":-1,"year":2017},
"college":"Wake Forest",
"ratings":[{"hgt":79,"stre":63,"spd":55,"jmp":74,"endu":48,"ins":76,"dnk":57,"ft":32,"fg":20,"tp":0,"blk":25,"stl":38,"drb":22,"pss":25,"reb":75,"pot":56,"skills":[]}],
"injury":{"type":"Healthy","gamesRemaining":0}},

{"tid":-2,
"name":"Harry Giles",
"ratings":[{"hgt":79,"stre":72,"spd":64,"jmp":75,"endu":54,"ins":52,"dnk":60,"ft":62,"fg":49,"tp":0,"blk":77,"stl":55,"drb":24,"pss":34,"reb":72,"pot":58,"skills":[""]}],
"pos":"PF","hgt":82,"weight":230,
"born":{"year":1998,"loc":"Winston-Salem, NC"},
"imgURL":"http://a.espncdn.com/combiner/i?img=/i/headshots/recruiting/ncb/players/full/171066.png&w=350&h=254",
"contract":{"amount":2000,"exp":2019},
"draft":{"round":0,"pick":0,"tid":-1,"originalTid":-1,"year":2017},
"college":"Duke",
"injury":{"type":"Healthy","gamesRemaining":0}},

{"tid":-2,
"name":"Terrance Ferguson",
"ratings":[{"hgt":57,"stre":26,"spd":66,"jmp":84,"endu":52,"ins":33,"dnk":61,"ft":74,"fg":50,"tp":66,"blk":15,"stl":55,"drb":52,"pss":36,"reb":43,"pot":58,"skills":[]}],
"pos":"SG","hgt":79,"weight":201,
"born":{"year":1998,"loc":"Flower Mound, TX"},
"imgURL":"http://a.espncdn.com/combiner/i?img=/i/headshots/recruiting/ncb/players/full/180838.png&w=350&h=254",
"contract":{"amount":1000,"exp":2020},
"draft":{"round":0,"pick":0,"tid":-1,"originalTid":-1,"year":2017},
"college":"Advanced Prep International",
"injury":{"type":"Healthy","gamesRemaining":0}},

{"tid":-2,
"name":"Jarrett Allen",
"ratings":[{"hgt":79,"stre":61,"spd":48,"jmp":69,"endu":47,"ins":63,"dnk":57,"ft":50,"fg":39,"tp":0,"blk":73,"stl":32,"drb":21,"pss":26,"reb":69,"pot":59,"skills":[]}],
"pos":"C","hgt":82,"weight":230,
"born":{"year":1998,"loc":"Austin, TX"},
"imgURL":"http://a.espncdn.com/combiner/i?img=/i/headshots/recruiting/ncb/players/full/188079.png&w=350&h=254",
"contract":{"amount":500,"exp":2020},
"draft":{"round":0,"pick":0,"tid":-1,"originalTid":-1,"year":2017},
"college":"Texas",
"injury":{"type":"Healthy","gamesRemaining":0}},

{"tid":-2,
"name":"OG Anunoby",
"pos":"F","hgt":80,"weight":215,
"born":{"year":1997,"loc":"Jefferson City, MO"},
"imgURL":"https://i.imgur.com/Oy7U58a.png",
"contract":{"amount":1300,"exp":2020},
"draft":{"round":0,"pick":0,"tid":-1,"originalTid":-1,"year":2017},
"college":"Indiana",
"ratings":[{"hgt":64,"stre":52,"spd":62,"jmp":80,"endu":40,"ins":46,"dnk":62,"ft":62,"fg":34,"tp":0,"blk":85,"stl":32,"drb":18,"pss":28,"reb":66,"pot":56,"skills":[]}],
"injury":{"type":"Healthy","gamesRemaining":0}},

{"tid":-2,
"name":"Tyler Lydon",
"ratings":[{"hgt":71,"stre":50,"spd":50,"jmp":40,"endu":45,"ins":46,"dnk":58,"ft":76,"fg":67,"tp":50,"blk":32,"stl":26,"drb":29,"pss":32,"reb":54,"pot":55,"skills":[]}],
"pos":"F","hgt":81,"weight":205,
"born":{"year":1996,"loc":"Hudson, NY"},
"imgURL":"http://a.espncdn.com/combiner/i?img=/i/headshots/recruiting/ncb/players/full/181850.png&w=350&h=254",
"contract":{"amount":1500,"exp":2020},
"draft":{"round":0,"pick":0,"tid":-1,"originalTid":-1,"year":2017},
"college":"Syracuse",
"injury":{"type":"Healthy","gamesRemaining":0}},

{"tid":-2,
"name":"Anzejs Pasecniks",
"ratings":[{"hgt":77,"stre":40,"spd":35,"jmp":31,"endu":32,"ins":70,"dnk":58,"ft":75,"fg":59,"tp":0,"blk":39,"stl":27,"drb":7,"pss":17,"reb":72,"pot":60,"skills":[]}],
"pos":"FC","hgt":86,"weight":220,
"born":{"year":1995,"loc":"Riga, Latvia"},
"imgURL":"http://i.cdn.turner.com/nba/nba/.element/img/3.0/sect/draft/2017/prospects/Anzejs-Pasecniks.jpg",
"contract":{"amount":1264,"exp":2020},
"draft":{"round":0,"pick":0,"tid":-1,"originalTid":-1,"year":2017},
"college":"Latvia",
"injury":{"type":"Healthy","gamesRemaining":0}},

{"tid":-2,
"name":"Caleb Swanigan",
"ratings":[{"hgt":64,"stre":72,"spd":16,"jmp":25,"endu":55,"ins":30,"dnk":72,"ft":52,"fg":32,"tp":0,"blk":43,"stl":40,"drb":16,"pss":29,"reb":52,"pot":53,"skills":[]}],
"pos":"PF","hgt":80,"weight":250,
"born":{"year":1997,"loc":"Fort Wayne, IN"},
"imgURL":"http://a.espncdn.com/combiner/i?img=/i/headshots/recruiting/ncb/players/full/185326.png",
"contract":{"amount":"","exp":""},
"draft":{"round":0,"pick":0,"tid":-1,"originalTid":-1,"year":2017},
"college":"Purdue",
"injury":{"type":"Healthy","gamesRemaining":0}},

{"tid":-2,
"name":"Kyle Kuzma",
"ratings":[{"hgt":71,"stre":68,"spd":60,"jmp":74,"endu":66,"ins":69,"dnk":74,"ft":41,"fg":50,"tp":65,"blk":25,"stl":49,"drb":31,"pss":43,"reb":65,"pot":63,"skills":[]}],
"pos":"PF","hgt":81,"weight":222,
"born":{"year":1995,"loc":"Flint, MI"},
"imgURL":"http://ak-static.cms.nba.com/wp-content/uploads/headshots/nba/latest/260x190/1628398.png",
"contract":{"amount":1424,"exp":2020},
"draft":{"round":0,"pick":0,"tid":-1,"originalTid":-1,"year":2017},
"college":"Utah",
"injury":{"type":"Healthy","gamesRemaining":0}},

{"tid":-2,
"name":"Tony Bradley",
"ratings":[{"hgt":64,"stre":37,"spd":57,"jmp":62,"endu":38,"ins":58,"dnk":53,"ft":77,"fg":69,"tp":39,"blk":30,"stl":41,"drb":27,"pss":19,"reb":72,"pot":53,"skills":[]}],
"pos":"FC","hgt":83,"weight":240,
"born":{"year":1998,"loc":"Bartow, FL"},
"imgURL":"http://ak-static.cms.nba.com/wp-content/uploads/headshots/nba/latest/260x190/1628396.png",
"contract":{"amount":1415,"exp":2020},
"draft":{"round":0,"pick":0,"tid":-1,"originalTid":-1,"year":2017},
"college":"North Carolina",
"injury":{"type":"Healthy","gamesRemaining":0}},

{"tid":-2,
"name":"Derrick White",
"ratings":[{"hgt":36,"stre":36,"spd":73,"jmp":69,"endu":61,"ins":23,"dnk":76,"ft":55,"fg":46,"tp":62,"blk":22,"stl":40,"drb":48,"pss":27,"reb":21,"pot":54,"skills":[]}],
"pos":"G","hgt":76,"weight":200,
"born":{"year":1994,"loc":"Parker, CO"},
"imgURL":"http://ak-static.cms.nba.com/wp-content/uploads/headshots/nba/latest/260x190/1628401.png",
"contract":{"amount":1404,"exp":2020},
"draft":{"round":0,"pick":0,"tid":-1,"originalTid":-1,"year":2017},
"college":"Colorado",
"injury":{"type":"Healthy","gamesRemaining":0}},

{"tid":-2,
"name":"Josh Hart",
"pos":"SG","hgt":77,"weight":215,
"born":{"year":1995,"loc":"Silver Spring, MD"},
"imgURL":"http://ak-static.cms.nba.com/wp-content/uploads/headshots/nba/latest/260x190/1628404.png",
"contract":{"amount":1395,"exp":2020},
"draft":{"round":0,"pick":0,"tid":-1,"originalTid":-1,"year":2017},
"college":"Villanova",
"ratings":[{"hgt":43,"stre":30,"spd":70,"jmp":67,"endu":55,"ins":38,"dnk":72,"ft":59,"fg":48,"tp":60,"blk":45,"stl":57,"drb":49,"pss":40,"reb":21,"pot":55,"skills":[]}],
"injury":{"type":"Healthy","gamesRemaining":0}},

{"tid":-2,
"name":"Frank Jackson",
"ratings":[{"hgt":29,"stre":36,"spd":82,"jmp":53,"endu":46,"ins":22,"dnk":52,"ft":48,"fg":48,"tp":55,"blk":14,"stl":29,"drb":75,"pss":71,"reb":13,"pot":50,"skills":[]}],
"pos":"PG","hgt":75,"weight":205,
"born":{"year":1998,"loc":"Washington, DC"},
"imgURL":"http://ak-static.cms.nba.com/wp-content/uploads/headshots/nba/latest/260x190/1628402.png",
"contract":{"amount":815,"exp":2018},
"draft":{"round":0,"pick":0,"tid":-1,"originalTid":-1,"year":2017},
"college":"Jacksonville State",
"injury":{"type":"Healthy","gamesRemaining":0}},

{"tid":-2,
"name":"Davon Reed",
"ratings":[{"hgt":44,"stre":26,"spd":63,"jmp":66,"endu":42,"ins":26,"dnk":53,"ft":55,"fg":38,"tp":41,"blk":35,"stl":37,"drb":45,"pss":25,"reb":20,"pot":52,"skills":[]}],
"pos":"SG","hgt":78,"weight":220,
"born":{"year":1995,"loc":"Ewing, NJ"},
"imgURL":"http://ak-static.cms.nba.com/wp-content/uploads/headshots/nba/latest/260x190/1628432.png",
"contract":{"amount":815,"exp":2020},
"draft":{"round":0,"pick":0,"tid":-1,"originalTid":-1,"year":2017},
"college":"Miami (Florida)",
"injury":{"type":"Torn Meniscus","gamesRemaining":40}},

{"tid":-2,
"name":"Wes Iwundu",
"ratings":[{"hgt":49,"stre":59,"spd":59,"jmp":67,"endu":38,"ins":26,"dnk":53,"ft":24,"fg":26,"tp":30,"blk":45,"stl":60,"drb":23,"pss":20,"reb":72,"pot":51,"skills":[]}],
"pos":"SF","hgt":79,"weight":205,
"born":{"year":1994,"loc":"Houston, TX"},
"imgURL":"http://ak-static.cms.nba.com/wp-content/uploads/headshots/nba/latest/260x190/1628411.png",
"contract":{"amount":1050,"exp":2019},
"draft":{"round":0,"pick":0,"tid":-1,"originalTid":-1,"year":2017},
"college":"Kansas State",
"injury":{"type":"Healthy","gamesRemaining":0}},

{"tid":-2,
"firstName":"Frank","lastName":"Mason III",
"ratings":[{"hgt":22,"stre":20,"spd":65,"jmp":62,"endu":60,"ins":13,"dnk":62,"ft":62,"fg":58,"tp":60,"blk":47,"stl":41,"drb":70,"pss":61,"reb":35,"pot":54,"skills":[]}],
"pos":"PG","hgt":72,"weight":190,
"born":{"year":1994,"loc":"Petersburg, VA"},
"imgURL":"http://ak-static.cms.nba.com/wp-content/uploads/headshots/nba/latest/260x190/1628412.png",
"contract":{"amount":1184,"exp":2019},
"draft":{"round":0,"pick":0,"tid":-1,"originalTid":-1,"year":2017},
"college":"Kansas",
"injury":{"type":"Healthy","gamesRemaining":0}},

{"tid":-2,
"name":"Ivan Rabb",
"pos":"PF","hgt":82,"weight":215,
"born":{"year":1997,"loc":"Oakland, CA"},
"imgURL":"http://a.espncdn.com/combiner/i?img=/i/headshots/recruiting/ncb/players/full/143454.png&w=350&h=254",
"contract":{"amount":3000,"exp":2018},
"draft":{"round":0,"pick":0,"tid":-1,"originalTid":-1,"year":2017},
"college":"California",
"ratings":[{"hgt":66,"stre":58,"spd":48,"jmp":46,"endu":55,"ins":75,"dnk":58,"ft":48,"fg":14,"tp":0,"blk":24,"stl":35,"drb":36,"pss":29,"reb":51,"pot":62,"skills":[]}],
"injury":{"type":"Healthy","gamesRemaining":0}},

{"tid":-2,
"name":"Jonah Bolden",
"ratings":[{"hgt":60,"stre":35,"spd":26,"jmp":37,"endu":55,"ins":53,"dnk":60,"ft":48,"fg":70,"tp":70,"blk":42,"stl":43,"drb":25,"pss":31,"reb":56,"pot":49,"skills":[]}],
"pos":"F","hgt":82,"weight":215,
"born":{"year":1996,"loc":"Melbourne, Australia"},
"imgURL":"http://i.imgur.com/ataU8gX.png",
"contract":{"amount":815,"exp":2018},
"draft":{"round":0,"pick":0,"tid":-1,"originalTid":-1,"year":2017},
"college":"UCLA",
"injury":{"type":"Healthy","gamesRemaining":0}},

{"tid":-2,
"name":"Semi Ojeleye",
"ratings":[{"hgt":57,"stre":39,"spd":57,"jmp":79,"endu":43,"ins":44,"dnk":58,"ft":75,"fg":41,"tp":58,"blk":26,"stl":31,"drb":36,"pss":22,"reb":52,"pot":52,"skills":[]}],
"pos":"F","hgt":79,"weight":235,
"born":{"year":1994,"loc":"Ottawa, KS"},
"imgURL":"http://i.imgur.com/C5F0Qo1.png",
"contract":{"amount":"","exp":""},
"draft":{"round":0,"pick":0,"tid":-1,"originalTid":-1,"year":2017},
"college":"Southern Methodist",
"injury":{"type":"Healthy","gamesRemaining":0}},

{"tid":-2,
"name":"Jordan Bell",
"ratings":[{"hgt":57,"stre":36,"spd":55,"jmp":91,"endu":60,"ins":63,"dnk":69,"ft":36,"fg":35,"tp":13,"blk":61,"stl":55,"drb":29,"pss":38,"reb":61,"pot":57,"skills":[]}],
"pos":"PF","hgt":81,"weight":235,
"born":{"year":1995,"loc":"Los Angeles, CA"},
"imgURL":"http://ak-static.cms.nba.com/wp-content/uploads/headshots/nba/latest/260x190/1628395.png",
"contract":{"amount":815,"exp":2019},
"draft":{"round":0,"pick":0,"tid":-1,"originalTid":-1,"year":2017},
"college":"Oregon",
"injury":{"type":"Healthy","gamesRemaining":0}},

{"tid":-2,
"name":"Jawun Evans",
"ratings":[{"hgt":7,"stre":28,"spd":83,"jmp":59,"endu":51,"ins":4,"dnk":54,"ft":62,"fg":32,"tp":61,"blk":10,"stl":25,"drb":72,"pss":75,"reb":20,"pot":53,"skills":[]}],
"pos":"PG","hgt":72,"weight":190,
"born":{"year":1996,"loc":"Dallas, TX"},
"imgURL":"http://i.imgur.com/Ik3ggIL.png",
"contract":{"amount":"","exp":""},
"draft":{"round":0,"pick":0,"tid":-1,"originalTid":-1,"year":2017},
"college":"Oklahoma State",
"injury":{"type":"Healthy","gamesRemaining":0}},

{"tid":-2,
"name":"Dwayne Bacon",
"pos":"SG","hgt":78,"weight":210,
"imgURL":"http://a.espncdn.com/combiner/i?img=/i/headshots/recruiting/ncb/players/full/168587.png&w=350&h=254",
"born":{"year":1995,"loc":"Lakeland, FL"},"contract":{"amount":"","exp":""},
"draft":{"round":0,"pick":0,"tid":-1,"originalTid":-1,"year":2017},
"college":"Florida State",
"ratings":[{"hgt":51,"stre":50,"spd":70,"jmp":70,"endu":55,"ins":20,"dnk":58,"ft":68,"fg":55,"tp":54,"blk":60,"stl":45,"drb":54,"pss":50,"reb":45,"pot":55}],"skills":[]},

{"tid":-2,
"name":"Tyler Dorsey",
"ratings":[{"hgt":36,"stre":26,"spd":61,"jmp":56,"endu":33,"ins":18,"dnk":58,"ft":40,"fg":36,"tp":61,"blk":36,"stl":45,"drb":69,"pss":55,"reb":10,"pot":50,"skills":[]}],
"pos":"G","hgt":76,"weight":183,
"born":{"year":1996,"loc":"Pasadena, CA"},
"imgURL":"http://ak-static.cms.nba.com/wp-content/uploads/headshots/nba/latest/260x190/1628416.png",
"contract":{"amount":815,"exp":2019},
"draft":{"round":0,"pick":0,"tid":-1,"originalTid":-1,"year":2017},
"college":"Oregon",
"injury":{"type":"Healthy","gamesRemaining":0}},

{"tid":-2,
"name":"Thomas Bryant",
"ratings":[{"hgt":85,"stre":83,"spd":33,"jmp":60,"endu":62,"ins":60,"dnk":57,"ft":57,"fg":13,"tp":0,"blk":71,"stl":29,"drb":10,"pss":18,"reb":79,"pot":59,"skills":["Di"]}],
"pos":"C","hgt":83,"weight":250,
"born":{"year":1997,"loc":"Rochester, NY"},
"imgURL":"http://a.espncdn.com/combiner/i?img=/i/headshots/recruiting/ncb/players/full/160060.png&w=350&h=254",
"contract":{"amount":500,"exp":2020},
"draft":{"round":0,"pick":0,"tid":-1,"originalTid":-1,"year":2017},
"college":"Indiana",
"injury":{"type":"Healthy","gamesRemaining":0}},

{"tid":-2,
"name":"Isaiah Hartenstein",
"ratings":[{"hgt":83,"stre":59,"spd":57,"jmp":65,"endu":59,"ins":40,"dnk":50,"ft":21,"fg":40,"tp":39,"blk":45,"stl":53,"drb":38,"pss":34,"reb":58,"pot":58,"skills":[]}],
"pos":"F","hgt":83,"weight":230,
"born":{"year":1998,"loc":"Eugene, OR"},
"imgURL":"http://i.imgur.com/j1ARlUY.png",
"contract":{"amount":2500,"exp":2020},
"draft":{"round":0,"pick":0,"tid":-1,"originalTid":-1,"year":2017},
"college":"Germany",
"injury":{"type":"Healthy","gamesRemaining":0}},

{"tid":-2,
"name":"Damyean Dotson",
"ratings":[{"hgt":42,"stre":26,"spd":61,"jmp":66,"endu":53,"ins":28,"dnk":38,"ft":55,"fg":46,"tp":65,"blk":36,"stl":45,"drb":49,"pss":25,"reb":10,"pot":50,"skills":[]}],
"pos":"SG","hgt":77,"weight":205,
"born":{"year":1994,"loc":"Houston, TX"},
"imgURL":"http://ak-static.cms.nba.com/wp-content/uploads/headshots/nba/latest/260x190/1628422.png",
"contract":{"amount":1100,"exp":2020},
"draft":{"round":0,"pick":0,"tid":-1,"originalTid":-1,"year":2017},
"college":"Houston",
"injury":{"type":"Healthy","gamesRemaining":0}},

{"tid":-2,
"name":"Dillon Brooks",
"ratings":[{"hgt":50,"stre":35,"spd":51,"jmp":64,"endu":50,"ins":38,"dnk":63,"ft":35,"fg":56,"tp":50,"blk":22,"stl":35,"drb":32,"pss":32,"reb":22,"pot":53,"skills":[]}],
"pos":"GF","hgt":78,"weight":225,
"born":{"year":1996,"loc":"Mississauga, Canada"},
"imgURL":"http://a.espncdn.com/combiner/i?img=/i/headshots/recruiting/ncb/players/190/189066.jpg&w=190&h=254",
"contract":{"amount":500,"exp":2020},
"draft":{"round":0,"pick":0,"tid":-1,"originalTid":-1,"year":2017},
"college":"Oregon",
"injury":{"type":"Healthy","gamesRemaining":0}},

{"tid":-2,
"name":"Sterling Brown",
"ratings":[{"hgt":44,"stre":39,"spd":66,"jmp":59,"endu":48,"ins":23,"dnk":62,"ft":57,"fg":55,"tp":71,"blk":26,"stl":32,"drb":52,"pss":36,"reb":15,"pot":51,"skills":[]}],
"pos":"SG","hgt":78,"weight":230,
"born":{"year":1995,"loc":"Chicago, IL"},
"imgURL":"http://ak-static.cms.nba.com/wp-content/uploads/headshots/nba/latest/260x190/1628425.png",
"contract":{"amount":815,"exp":2018},
"draft":{"round":0,"pick":0,"tid":-1,"originalTid":-1,"year":2017},
"college":"Southern Methodist University",
"injury":{"type":"Healthy","gamesRemaining":0}},

{"tid":-2,
"name":"Ike Anigbogu",
"pos":"C","hgt":82,"weight":230,
"born":{"year":1998,"loc":"Corona, CA"},
"imgURL":"http://a.espncdn.com/combiner/i?img=/i/headshots/recruiting/ncb/players/full/189555.png",
"contract":{"amount":"","exp":""},
"draft":{"round":0,"pick":0,"tid":-1,"originalTid":-1,"year":2017},
"college":"UCLA",
"ratings":[{"hgt":79,"stre":58,"spd":30,"jmp":53,"endu":39,"ins":53,"dnk":52,"ft":25,"fg":24,"tp":0,"blk":69,"stl":22,"drb":17,"pss":27,"reb":60,"pot":54,"skills":[]}],
"injury":{"type":"Healthy","gamesRemaining":0}},

{"tid":-2,
"name":"Sindarius Thornwell",
"ratings":[{"hgt":43,"stre":38,"spd":64,"jmp":60,"endu":31,"ins":20,"dnk":55,"ft":40,"fg":59,"tp":59,"blk":14,"stl":45,"drb":73,"pss":75,"reb":20,"pot":52,"skills":[]}],
"pos":"G","hgt":77,"weight":206,
"born":{"year":1994,"loc":"Lancaster, SC"},
"imgURL":"http://ak-static.cms.nba.com/wp-content/uploads/headshots/nba/latest/260x190/1628414.png",
"contract":{"amount":815,"exp":2018},
"draft":{"round":0,"pick":0,"tid":-1,"originalTid":-1,"year":2017},
"college":"South Carolina",
"injury":{"type":"Healthy","gamesRemaining":0}},

{"tid":-2,
"name":"Vlatko Cancar",
"pos":"SF","hgt":79,"weight":201,
"imgURL":"http://i.imgur.com/D7YnOd8.png",
"born":{"year":1997,"loc":"Koper, Slovenia"},"contract":{"amount":"815","exp":"2020"},
"draft":{"round":0,"pick":0,"tid":-1,"originalTid":-1,"year":2017},
"college":"Slovenia",
"ratings":[{"hgt":48,"stre":32,"spd":62,"jmp":60,"endu":53,"ins":34,"dnk":56,"ft":75,"fg":57,"tp":22,"blk":45,"stl":44,"drb":44,"pss":34,"reb":54,"pot":54}],"skills":[]},

{"tid":-2,
"name":"Mathias Lessort",
"ratings":[{"hgt":72,"stre":60,"spd":57,"jmp":79,"endu":55,"ins":82,"dnk":78,"ft":62,"fg":28,"tp":0,"blk":65,"stl":28,"drb":14,"pss":12,"reb":61,"pot":54,"skills":["A"]}],
"pos":"PF","hgt":81,"weight":235,
"born":{"year":1995,"loc":"Fort-de-France, France"},
"imgURL":"http://i.imgur.com/Mhweb8S.png",
"contract":{"amount":"","exp":""},
"draft":{"round":0,"pick":0,"tid":-1,"originalTid":-1,"year":2017},
"college":"France",
"injury":{"type":"Healthy","gamesRemaining":0}},

{"tid":-2,
"name":"Monte Morris",
"pos":"PG","hgt":74,"weight":175,
"born":{"year":1995,"loc":"Flint, MI"},
"imgURL":"https://i.imgur.com/1F8ZJXD.png",
"contract":{"amount":800,"exp":2020},
"draft":{"round":0,"pick":0,"tid":-1,"originalTid":-1,"year":2017},
"college":"Iowa State",
"ratings":[{"hgt":21,"stre":14,"spd":73,"jmp":50,"endu":38,"ins":11,"dnk":57,"ft":48,"fg":24,"tp":50,"blk":7,"stl":67,"drb":71,"pss":80,"reb":26,"pot":50,"skills":[]}],
"injury":{"type":"Healthy","gamesRemaining":0}},

{"tid":-2,
"name":"Edmond Sumner",
"ratings":[{"hgt":43,"stre":26,"spd":72,"jmp":69,"endu":58,"ins":25,"dnk":55,"ft":75,"fg":70,"tp":46,"blk":29,"stl":48,"drb":66,"pss":69,"reb":26,"pot":57,"skills":[]}],
"pos":"G","hgt":77,"weight":185,
"born":{"year":1995,"loc":"Beverly Hills, MI"},
"imgURL":"http://a.espncdn.com/combiner/i?img=/i/headshots/recruiting/ncb/players/full/165664.png&w=350&h=254",
"contract":{"amount":1290,"exp":2020},
"draft":{"round":0,"pick":0,"tid":-1,"originalTid":-1,"year":2017},
"college":"Xavier",
"injury":{"type":"Healthy","gamesRemaining":0}},

{"tid":-2,
"name":"Kadeem Allen",
"ratings":[{"hgt":33,"stre":28,"spd":64,"jmp":60,"endu":55,"ins":22,"dnk":76,"ft":75,"fg":50,"tp":72,"blk":14,"stl":53,"drb":43,"pss":38,"reb":24,"pot":48,"skills":[]}],
"pos":"SG","hgt":75,"weight":230,
"born":{"year":1993,"loc":"Wilmington, NC"},
"imgURL":"http://ak-static.cms.nba.com/wp-content/uploads/headshots/nba/latest/260x190/1628443.png",
"contract":{"amount":815,"exp":2018},
"draft":{"round":0,"pick":0,"tid":-1,"originalTid":-1,"year":2017},
"college":"Arizona",
"injury":{"type":"Healthy","gamesRemaining":0}},

{"tid":-2,
"name":"Alec Peters",
"ratings":[{"hgt":71,"stre":55,"spd":50,"jmp":55,"endu":50,"ins":39,"dnk":53,"ft":58,"fg":56,"tp":50,"blk":9,"stl":42,"drb":20,"pss":36,"reb":77,"pot":51,"skills":[]}],
"pos":"F","hgt":81,"weight":235,
"born":{"year":1995,"loc":"Washington, IL"},
"imgURL":"http://cdn.streamlinetechnologies.com/valpoathletics/8DDAF895-A4ED-4CC7-9361-020C4E474BE8/14027L.jpg",
"contract":{"amount":500,"exp":2020},
"draft":{"round":0,"pick":0,"tid":-1,"originalTid":-1,"year":2017},
"college":"Valparaiso",
"injury":{"type":"Healthy","gamesRemaining":0}},

{"tid":-2,
"name":"Nigel Williams-Goss",
"ratings":[{"hgt":29,"stre":7,"spd":72,"jmp":49,"endu":38,"ins":28,"dnk":55,"ft":65,"fg":70,"tp":68,"blk":14,"stl":25,"drb":76,"pss":60,"reb":13,"pot":50,"skills":[]}],
"pos":"PG","hgt":75,"weight":195,
"born":{"year":1994,"loc":"Happy Valley, OR"},
"imgURL":"http://ak-static.cms.nba.com/wp-content/uploads/headshots/nba/latest/260x190/1628430.png",
"contract":{"amount":815,"exp":2018},
"draft":{"round":0,"pick":0,"tid":-1,"originalTid":-1,"year":2017},
"college":"Gonzaga",
"injury":{"type":"Healthy","gamesRemaining":0}},

{"tid":-2,
"name":"Jabari Bird",
"ratings":[{"hgt":44,"stre":32,"spd":64,"jmp":32,"endu":61,"ins":28,"dnk":32,"ft":66,"fg":63,"tp":66,"blk":34,"stl":44,"drb":38,"pss":33,"reb":25,"pot":52,"skills":[]}],
"pos":"SG","hgt":78,"weight":190,
"born":{"year":1994,"loc":"Richmond, CA"},
"imgURL":"http://a.espncdn.com/combiner/i?img=/i/headshots/recruiting/ncb/players/full/124672.png",
"contract":{"amount":815,"exp":2018},
"draft":{"round":0,"pick":0,"tid":-1,"originalTid":-1,"year":2017},
"college":"California",
"injury":{"type":"Healthy","gamesRemaining":0}},

{"tid":-2,
"name":"Aleksandar Vezenkov",
"pos":"F","hgt":"81","weight":"225",
"imgURL":"http://content.draftexpress.com/headshots/aleksandarvezenkov.jpg",
"born":{"year":1995,"loc":"Lefkosia, Cyprus"},
"contract":{"amount":"","exp":""},
"draft":{"round":0,"pick":0,"tid":-1,"originalTid":-1,"year":2017},
"college":"Greece",
"ratings":[{"hgt":71,"stre":44,"spd":51,"jmp":50,"endu":42,"ins":43,"dnk":44,"ft":34,"fg":54,"tp":34,"blk":43,"stl":55,"drb":63,"pss":34,"reb":44,"pot":53}],"skills":[]},

{"tid":-2,
"name":"Ognjen Jaramaz",
"ratings":[{"hgt":36,"stre":28,"spd":70,"jmp":32,"endu":51,"ins":18,"dnk":48,"ft":72,"fg":52,"tp":70,"blk":10,"stl":42,"drb":71,"pss":80,"reb":13,"pot":53,"skills":[]}],
"pos":"PG","hgt":76,"weight":194,
"born":{"year":1995,"loc":"Krusevac, Serbia"},
"imgURL":"http://i.imgur.com/uTE8PNn.png",
"contract":{"amount":815,"exp":2018},
"draft":{"round":0,"pick":0,"tid":-1,"originalTid":-1,"year":2017},
"college":"Serbia",
"injury":{"type":"Healthy","gamesRemaining":0}},

{"tid":-2,
"name":"Jaron Blossomgame",
"ratings":[{"hgt":57,"stre":60,"spd":62,"jmp":68,"endu":50,"ins":38,"dnk":81,"ft":76,"fg":52,"tp":22,"blk":54,"stl":42,"drb":36,"pss":60,"reb":58,"pot":57,"skills":[]}],
"pos":"SF","hgt":79,"weight":214,
"born":{"year":1993,"loc":"Alpharetta, GA"},
"imgURL":"https://nbccollegebasketballtalk.files.wordpress.com/2012/11/blossomgame-e1353012291687.jpeg?w=280&h=321&crop=1",
"contract":{"amount":2500,"exp":2020},
"draft":{"round":0,"pick":0,"tid":-1,"originalTid":-1,"year":2017},
"college":"Clemson",
"injury":{"type":"Healthy","gamesRemaining":0}},

{"tid":-2,
"name":"Alpha Kaba",
"pos":"FC","hgt":"82","weight":"226",
"imgURL":"http://content.draftexpress.com/headshots/alphakaba.jpg",
"born":{"year":1996,"loc":"Blois, France"},
"contract":{"amount":"","exp":""},"draft":{"round":"","pick":"","tid":"","originalTid":"","year":"2017"},
"college":"France",
"ratings":[{"hgt":79,"stre":73,"spd":34,"jmp":66,"endu":53,"ins":54,"dnk":45,"ft":70,"fg":43,"tp":0,"blk":38,"stl":55,"drb":43,"pss":47,"reb":72,"pot":53}],"skills":[]},

{"tid":-2,
"name":"Antonio Blakeney",
"ratings":[{"hgt":37,"stre":21,"spd":72,"jmp":68,"endu":59,"ins":38,"dnk":62,"ft":52,"fg":64,"tp":60,"blk":31,"stl":52,"drb":55,"pss":55,"reb":28,"pot":52,"skills":[]}],
"pos":"G","hgt":76,"weight":197,
"born":{"year":1996,"loc":"New York City, NY"},
"imgURL":"http://ak-static.cms.nba.com/wp-content/uploads/headshots/nba/latest/260x190/1628469.png",
"contract":{"amount":815,"exp":2018},
"contract":{"amount":"","exp":""},"draft":{"round":"","pick":"","tid":"","originalTid":"","year":"2017"},
"college":"LSU",
"injury":{"type":"Healthy","gamesRemaining":0}},

{"tid":-2,
"name":"Chris Boucher",
"pos":"PF","hgt":82,"weight":200,
"born":{"year":1993,"loc":"Montreal, Canada"},
"imgURL":"https://i.imgur.com/ztg0oXN.png",
"contract":{"amount":500,"exp":2020},
"ratings":[{"hgt":78,"stre":65,"spd":50,"jmp":70,"endu":33,"ins":66,"dnk":58,"ft":80,"fg":39,"tp":0,"blk":26,"stl":49,"drb":24,"pss":44,"reb":71,"pot":52,"skills":[]}],
"draft":{"round":0,"pick":0,"tid":-1,"originalTid":-1,"year":2017},
"college":"Oregon",
"injury":{"type":"Healthy","gamesRemaining":0}},

{"tid":-2,
"name":"Tyler Cavanaugh",
"ratings":[{"hgt":56,"stre":56,"spd":55,"jmp":53,"endu":34,"ins":55,"dnk":55,"ft":60,"fg":39,"tp":62,"blk":40,"stl":43,"drb":23,"pss":28,"reb":60,"pot":52,"skills":[]}],
"pos":"PF","hgt":81,"weight":238,
"born":{"year":1994,"loc":"Syracuse, NY"},
"imgURL":"https://ak-static.cms.nba.com/wp-content/uploads/headshots/dleague/1628463.png",
"contract":{"amount":815,"exp":2018},
"draft":{"round":0,"pick":0,"tid":-1,"originalTid":-1,"year":2017},
"college":"George Washington",
"injury":{"type":"Healthy","gamesRemaining":0}},

{"tid":-2,
"name":"Antonius Cleveland",
"ratings":[{"hgt":44,"stre":10,"spd":64,"jmp":32,"endu":71,"ins":22,"dnk":45,"ft":57,"fg":53,"tp":42,"blk":14,"stl":49,"drb":66,"pss":67,"reb":27,"pot":53,"skills":[]}],
"pos":"SG","hgt":78,"weight":214,
"born":{"year":1994,"loc":"Memphis, TN"},
"imgURL":"https://ak-static.cms.nba.com/wp-content/uploads/headshots/dleague/1628499.png",
"contract":{"amount":815,"exp":2018},
"draft":{"round":0,"pick":0,"tid":-1,"originalTid":-1,"year":2017},
"college":"Southeast Missouri State",
"injury":{"type":"Healthy","gamesRemaining":0}},

{"tid":-2,
"name":"Charles Cooke",
"ratings":[{"hgt":42,"stre":26,"spd":62,"jmp":63,"endu":35,"ins":28,"dnk":57,"ft":25,"fg":61,"tp":55,"blk":27,"stl":39,"drb":56,"pss":52,"reb":29,"pot":51,"skills":[]}],
"pos":"SG","hgt":77,"weight":196,
"born":{"year":1994,"loc":"Trenton, NJ"},
"imgURL":"http://ak-static.cms.nba.com/wp-content/uploads/headshots/nba/latest/260x190/1628429.png",
"contract":{"amount":815,"exp":2018},
"draft":{"round":0,"pick":0,"tid":-1,"originalTid":-1,"year":2017},
"college":"Dayton",
"injury":{"type":"Healthy","gamesRemaining":0}},

{"tid":-2,
"name":"P.J. Dozier",
"ratings":[{"hgt":44,"stre":19,"spd":79,"jmp":57,"endu":35,"ins":28,"dnk":36,"ft":50,"fg":45,"tp":50,"blk":17,"stl":28,"drb":68,"pss":62,"reb":22,"pot":54,"skills":[]}],
"pos":"PG","hgt":78,"weight":205,
"born":{"year":1996,"loc":"Columbia, SC"},
"imgURL":"http://a.espncdn.com/combiner/i?img=/i/headshots/nba/players/full/3923250.png",
"contract":{"amount":815,"exp":2018},
"draft":{"round":0,"pick":0,"tid":-1,"originalTid":-1,"year":2017},
"college":"South Carolina",
"injury":{"type":"Healthy","gamesRemaining":0}},

{"tid":-2,
"name":"Nigel Hayes",
"pos":"PF","hgt":"80","weight":"235",
"imgURL":"http://content.draftexpress.com/headshots/nigelhayes.jpg",
"born":{"year":1994,"loc":"Toledo, OH"},
"contract":{"amount":"","exp":""},"draft":{"round":"","pick":"","tid":"","originalTid":"","year":"2017"},
"college":"Wisconsin",
"ratings":[{"hgt":64,"stre":64,"spd":54,"jmp":64,"endu":52,"ins":51,"dnk":44,"ft":43,"fg":53,"tp":15,"blk":31,"stl":62,"drb":34,"pss":58,"reb":63,"pot":52}],"skills":[]},

{"tid":-2,
"name":"Isaiah Hicks",
"ratings":[{"hgt":56,"stre":42,"spd":48,"jmp":66,"endu":48,"ins":50,"dnk":50,"ft":55,"fg":52,"tp":15,"blk":49,"stl":38,"drb":19,"pss":18,"reb":66,"pot":51,"skills":[]}],
"pos":"PF","hgt":81,"weight":240,
"born":{"year":1994,"loc":"Henderson, NC"},
"imgURL":"http://ak-static.cms.nba.com/wp-content/uploads/headshots/nba/latest/260x190/1628439.png",
"contract":{"amount":815,"exp":2018},
"draft":{"round":0,"pick":0,"tid":-1,"originalTid":-1,"year":2017},
"college":"North Carolina",
"injury":{"type":"Healthy","gamesRemaining":0}},

{"tid":-2,
"name":"Luke Kornet",
"ratings":[{"hgt":92,"stre":48,"spd":50,"jmp":50,"endu":47,"ins":50,"dnk":49,"ft":61,"fg":63,"tp":50,"blk":75,"stl":25,"drb":29,"pss":26,"reb":57,"pot":50,"skills":[]}],
"pos":"PF","hgt":84,"weight":250,
"born":{"year":1995,"loc":"Lantana, TX"},
"imgURL":"http://grfx.cstv.com/photos/schools/vand/sports/m-baskbl/auto_headshot/12107775.jpeg",
"contract":{"amount":500,"exp":2020},
"draft":{"round":0,"pick":0,"tid":-1,"originalTid":-1,"year":2017},
"college":"Vanderbilt",
"injury":{"type":"Healthy","gamesRemaining":0}},

{"tid":-2,
"name":"Naz Mitrou-Long",
"ratings":[{"hgt":36,"stre":38,"spd":62,"jmp":50,"endu":41,"ins":22,"dnk":55,"ft":55,"fg":59,"tp":66,"blk":26,"stl":52,"drb":72,"pss":60,"reb":14,"pot":50,"skills":[]}],
"pos":"G","hgt":76,"weight":210,
"born":{"year":1993,"loc":"Mississauga, Canada"},
"imgURL":"https://ak-static.cms.nba.com/wp-content/uploads/headshots/dleague/1628513.png",
"contract":{"amount":815,"exp":2018},
"draft":{"round":0,"pick":0,"tid":-1,"originalTid":-1,"year":2017},
"college":"Iowa State",
"injury":{"type":"Healthy","gamesRemaining":0}},

{"tid":-2,
"name":"Jaylen Morris",
"ratings":[{"hgt":41,"stre":16,"spd":72,"jmp":69,"endu":27,"ins":21,"dnk":42,"ft":35,"fg":55,"tp":60,"blk":34,"stl":49,"drb":32,"pss":45,"reb":10,"pot":53,"skills":[]}],
"pos":"SG","hgt":77,"weight":185,
"born":{"year":1995,"loc":"Amherst, NY"},
"imgURL":"https://ak-static.cms.nba.com/wp-content/uploads/headshots/dleague/1628537.png",
"contract":{"amount":815,"exp":2018},
"draft":{"round":0,"pick":0,"tid":-1,"originalTid":-1,"year":2017},
"college":"Molloy College",
"injury":{"type":"Healthy","gamesRemaining":0}},

{"tid":-2,
"name":"Johnathan Motley",
"ratings":[{"hgt":60,"stre":59,"spd":46,"jmp":64,"endu":43,"ins":35,"dnk":52,"ft":61,"fg":25,"tp":0,"blk":36,"stl":32,"drb":26,"pss":27,"reb":55,"pot":50,"skills":[]}],
"pos":"PF","hgt":82,"weight":230,
"born":{"year":1995,"loc":"Houston, TX"},
"imgURL":"http://ak-static.cms.nba.com/wp-content/uploads/headshots/nba/latest/260x190/1628405.png",
"contract":{"amount":815,"exp":2018},
"draft":{"round":0,"pick":0,"tid":-1,"originalTid":-1,"year":2017},
"college":"Baylor",
"injury":{"type":"Healthy","gamesRemaining":0}},

{"tid":-2,
"name":"Kobi Simmons",
"ratings":[{"hgt":37,"stre":18,"spd":74,"jmp":69,"endu":32,"ins":28,"dnk":37,"ft":50,"fg":57,"tp":52,"blk":30,"stl":45,"drb":72,"pss":70,"reb":13,"pot":55,"skills":[]}],
"pos":"PG","hgt":76,"weight":170,
"born":{"year":1997,"loc":"Atlanta, GA"},
"imgURL":"http://ak-static.cms.nba.com/wp-content/uploads/headshots/nba/latest/260x190/1628424.png",
"contract":{"amount":815,"exp":2018},
"draft":{"round":0,"pick":0,"tid":-1,"originalTid":-1,"year":2017},
"college":"Arizona",
"injury":{"type":"Healthy","gamesRemaining":0}},

{"tid":-2,
"firstName":"Derrick","lastName":"Walton Jr",
"ratings":[{"hgt":24,"stre":13,"spd":74,"jmp":56,"endu":55,"ins":23,"dnk":46,"ft":65,"fg":45,"tp":88,"blk":30,"stl":29,"drb":70,"pss":58,"reb":9,"pot":52,"skills":[]}],
"pos":"PG","hgt":73,"weight":185,
"born":{"year":1995,"loc":"Detroit, MI"},
"imgURL":"http://ak-static.cms.nba.com/wp-content/uploads/headshots/nba/latest/260x190/1628476.png",
"contract":{"amount":815,"exp":2018},
"draft":{"round":0,"pick":0,"tid":-1,"originalTid":-1,"year":2017},
"college":"Michigan",
"injury":{"type":"Healthy","gamesRemaining":0}}

]}